Date,Close,High,Low,Open,Volume
2018-01-02,85.51603698730469,85.57148948068973,84.61295006996626,85.26253901127755,13578800
2018-01-03,85.60316467285156,85.9438030937749,85.14370381521928,85.44473072799458,11901000
2018-01-04,86.8294906616211,87.61783447623455,86.16058827698507,86.28800056943098,12953700
2018-01-05,86.27206420898438,87.23560288759464,85.82613337120587,87.00467268221591,14155000
2018-01-08,86.39949798583984,86.54283380154939,85.76244856594109,86.12079114289172,12466500
2018-01-09,86.83748626708984,87.29934080273576,86.39154916061997,86.57470287717352,13292300
2018-01-10,87.79301452636719,88.15135093102793,87.10818871160728,87.17189485143422,15834500
2018-01-11,88.26283264160156,88.33450356693571,87.63375426280616,88.12746165251151,13676800
2018-01-12,89.7200927734375,89.86342857127254,88.26284650800673,88.90786063594079,18884200
2018-01-16,89.40157318115234,90.32529416974543,88.44600519154504,88.7963829562325,22703300
2018-01-17,89.97489166259766,90.22175141772145,88.6370931998207,89.09895356710891,14940300
2018-01-18,90.18991088867188,90.55621210406086,89.40156102531618,89.7917566012466,14572900
2018-01-19,89.9908447265625,91.04993064308648,89.82362063447975,90.7314120345592,18785500
2018-01-22,91.0419692993164,91.08974587414404,89.58472301354472,89.71213531355558,12475700
2018-01-23,90.94638061523438,91.28879346640916,90.2615549128848,90.51637335501366,12320800
2018-01-24,92.10902404785156,92.3718073717352,91.30475665102432,91.4640159577309,15904500
2018-01-25,92.13291931152344,92.50718539350726,91.63921177814356,92.40366744384616,13510000
2018-01-26,92.62660217285156,92.62660217285156,91.54362215376311,92.13288872800632,13883900
2018-01-29,92.53106689453125,93.44682309861541,92.38773108801935,92.38773108801935,11679900
2018-01-30,91.6630630493164,92.84956089838141,91.55954514146212,91.99751112886206,14279100
2018-01-31,92.10902404785156,92.89737401950251,91.70291099314386,92.09310054732215,13141400
2018-02-01,93.06456756591797,93.16012068843557,91.95769934418085,92.18862344049914,13800600
2018-02-02,91.00215148925781,93.10440583782767,90.85085090174579,92.76199287554189,16477300
2018-02-05,86.63839721679688,91.2490196812827,82.80018916135809,89.98289164422843,30097600
2018-02-06,89.27413940429688,89.5687757132658,84.89444299853041,85.08555532241097,33114800
2018-02-07,89.87934112548828,91.13750391783044,88.50968955562941,88.82821416553755,21878300
2018-02-08,85.90576934814453,90.07046598801698,85.87391627518852,90.07046598801698,27425800
2018-02-09,87.62579345703125,88.43006679258339,84.59185982959141,86.8772614768925,28188000
2018-02-12,88.97950744628906,89.76785721212902,87.64967374886837,88.52561185778343,18043300
2018-02-13,89.52897644042969,90.02268996120773,88.2309956052157,88.64507340544542,16358200
2018-02-14,91.5993881225586,91.79050050806934,89.60861638704145,89.6882460413915,15186900
2018-02-15,91.98160552978516,92.36383024496098,90.9543667353026,92.16475310049582,12130200
2018-02-16,91.32064819335938,92.42751639106848,91.1773124373434,91.21713028776212,13214300
2018-02-20,91.34455108642578,91.88604113185043,90.75528447313634,91.296774518561,13461500
2018-02-21,91.72679138183594,93.52644447897069,91.31270749949597,91.57549080074796,14212500
2018-02-22,91.5595703125,92.71421541303421,91.38438143923764,91.9736481331042,17070400
2018-02-23,93.41497039794922,93.47867655117817,91.82235301934446,91.82235301934446,12162500
2018-02-26,94.57757568359375,94.68109969631547,93.42293057128069,94.07590342124067,16511200
2018-02-27,93.45478057861328,95.02350953961307,93.44681579127625,94.68906137568948,17563300
2018-02-28,91.97364807128906,94.35460920770677,91.84623577251014,93.82108387611383,17735600
2018-03-01,90.32530212402344,92.88145249290959,89.70418226854598,91.9577374983249,18690000
2018-03-02,90.23767852783203,90.4287908657823,88.4858022666926,89.4971113835041,18353700
2018-03-05,91.62326049804688,92.31605112880897,89.09896383391998,89.22637611903343,13933000
2018-03-06,91.70291137695312,92.22847195156697,91.03400892020908,92.0851361447899,10674400
2018-03-07,91.3604965209961,91.65512684111759,90.07047428650998,90.58011135005567,13006500
2018-03-08,91.36844635009766,91.75864193530735,90.15009517365891,91.66308271692596,11173700
2018-03-09,93.99626159667969,94.02811466759508,92.10900815356938,92.80976356300378,15366600
2018-03-12,93.69367218017578,94.56164563233712,93.36718274013917,93.96441418623814,12339300
2018-03-13,92.57087707519531,94.33868318365546,92.23642891287923,94.12367645405755,13312300
2018-03-14,91.53565216064453,92.84159750783859,91.25694542350273,92.81770922684804,12905100
2018-03-15,91.76660919189453,92.37180548062506,91.44012579722416,92.2682875409204,8748000
2018-03-16,91.92584991455078,92.84956456241683,91.84621420883445,91.84621420883445,19888900
2018-03-19,91.20122528076172,91.93382775311098,90.22176908031389,91.65512095116861,13214900
2018-03-20,91.288818359375,91.93382638791375,91.13751777970194,91.47197201241883,9921200
2018-03-21,91.36844635009766,92.87346910632814,90.94640376744658,91.42418770864869,13633000
2018-03-22,87.55413055419922,90.46065823941838,87.2276471783796,90.14213357556444,22550400
2018-03-23,85.21297454833984,88.32653763373888,85.01389742272718,87.80893589207564,23081500
2018-03-26,87.84080505371094,88.51767226507789,86.51893585665847,86.94894325580167,20217500
2018-03-27,86.13670349121094,88.93971328539813,85.44391886778016,88.4459997451366,18039900
2018-03-28,86.0013427734375,86.93302252873158,84.92632720384023,86.22430824560838,19189300
2018-03-29,87.57003784179688,88.21504571731252,85.82612045943108,86.3994634933788,13274600
2018-04-02,85.88186645507812,88.17523871502327,84.47240314977968,87.56207779677626,18822500
2018-04-03,87.06041717529297,87.19578817373386,85.41205868296798,86.28799689247386,14050700
2018-04-04,88.38229370117188,88.5574825729355,85.22094744803593,85.2846535969232,15302600
2018-04-05,89.54280090332031,90.3031340534891,89.15063266739172,89.34271419635405,16627000
2018-04-06,87.309814453125,89.27867261566382,86.29337687878707,88.47832595342088,18906000
2018-04-09,88.35829162597656,90.42318792156625,87.95011303122936,88.04615684945274,15974300
2018-04-10,90.04702758789062,90.335152948094,89.17464632889649,89.74289187091927,13951400
2018-04-11,88.53435516357422,89.48676359526458,88.4543156077313,89.36671647382184,14503300
2018-04-12,90.73530578613281,91.5516567173076,89.23865528845833,89.28667413553903,16435500
2018-04-13,88.27825164794922,92.15993228208052,87.27781818007202,92.05588329347806,39152800
2018-04-16,88.20621490478516,89.21465352316902,87.87007073404425,88.79047072111581,16580500
2018-04-17,88.20621490478516,89.57480711951126,88.03013764216054,89.13462006911088,15501400
2018-04-18,87.493896484375,88.89450313709258,87.14974717688939,88.46231520865763,16081400
2018-04-19,89.41473388671875,89.53478711239467,87.63796324396498,87.66197266786801,17911000
2018-04-20,89.21464538574219,90.23108298250798,88.74243766939608,89.87893459553999,15584400
2018-04-23,88.78246307373047,89.59881405226866,88.5423566120752,89.29468449284482,11285800
2018-04-24,88.36630249023438,90.35916452385287,87.71001218271952,89.43876438501181,16453100
2018-04-25,88.0301284790039,88.46231641332434,86.91764709676002,88.25422456950476,13548200
2018-04-26,88.11817169189453,88.6944223010097,87.50990648158842,88.0141288176446,10299500
2018-04-27,87.55793762207031,88.16620287534789,87.34184057530533,87.67799085847739,9384000
2018-04-30,87.06170654296875,88.27823685550851,87.03769712074867,87.83804376093947,13744900
2018-05-01,87.06170654296875,87.21377435857629,86.06927841885705,86.79759068622732,10503400
2018-05-02,86.37342071533203,87.62996488198137,86.22135898340049,86.52548855342475,12162100
2018-05-03,85.82919311523438,86.25337596198244,84.18048058450438,86.10931328703387,15379100
2018-05-04,86.78158569335938,87.02969119571222,84.82073888422956,85.18089242675211,11967900
2018-05-07,87.5339126586914,87.78201815870888,86.72556085693877,87.04570072847885,9356700
2018-05-08,88.83049011230469,89.11061027261766,87.46189780949427,87.66198451059805,12543200
2018-05-09,90.76732635498047,90.95140268500147,88.86249721337923,89.1906423064373,11368100
2018-05-10,91.47161102294922,91.59166423073758,90.23907656156429,90.59123100943421,9159700
2018-05-11,91.12747192382812,91.8237757218065,90.9754041032424,91.631688125437,10253000
2018-05-14,91.15949249267578,91.79976620402012,91.03143408671039,91.3275645708847,8710700
2018-05-15,90.46319580078125,91.16750487694921,90.09503701376681,91.16750487694921,11536200
2018-05-16,90.71127319335938,90.99139936506576,90.14302788720435,90.35111969567897,7571100
2018-05-17,90.40715789794922,90.76731755831517,89.79889272718212,90.59923938644813,8617200
2018-05-18,88.94253540039062,90.27911916272966,88.71043410161512,90.23909938129337,11806300
2018-05-21,89.75890350341797,90.07103829704762,89.57482103494202,89.67887003692664,9441900
2018-05-22,90.44719696044922,91.47163992577754,89.87094626591161,89.91896512173584,11507600
2018-05-23,90.03099822998047,90.25509432814026,88.93452716310426,90.04700858336943,11453900
2018-05-24,89.02255249023438,89.75886987595842,88.13416730083436,89.75086470045974,14084800
2018-05-25,88.56636810302734,88.90251224908202,88.19820325030761,88.40629510050556,8283500
2018-05-29,84.78073120117188,87.39786237860851,84.00439387916376,87.38185813037047,30643800
2018-05-30,86.71755981445312,86.91764648043302,85.35697292825404,86.14931441580949,17490800
2018-05-31,85.64510345458984,86.58951282003001,85.17289571878935,86.39742521250396,19808200
2018-06-01,86.75757598876953,87.18976390208505,86.27736923158346,86.70955103873878,13594200
2018-06-04,86.7975845336914,87.44586941848209,86.65352190442235,87.22977242149858,9415400
2018-06-05,86.30939483642578,86.68555880442301,85.6931304953096,86.62953477341246,10415200
2018-06-06,88.32625579833984,88.63038532373342,86.82160631132274,86.96566895096397,15453600
2018-06-07,88.67842102050781,89.2386612946917,88.06215061274453,88.98255058275606,13444400
2018-06-08,88.92652130126953,88.95053072500728,88.08615483348427,88.53435313251138,10383200
2018-06-11,88.7024154663086,89.56679126293285,88.65439051794502,88.93451671389252,12642900
2018-06-12,88.19021606445312,89.2626778481525,87.65397906644192,88.95054308387215,15294100
2018-06-13,88.01412963867188,89.19863936298187,87.70199490684959,88.40629782113767,14979700
2018-06-14,86.46142578125,88.3262344701539,86.26133916929444,88.26220528885001,20487300
2018-06-15,86.35741424560547,86.74157726036938,85.05284515481044,86.27738079304308,26028600
2018-06-18,86.58151245117188,86.75758971476816,85.38899749248955,85.84519489991575,9786800
2018-06-19,86.0772933959961,86.34140317664956,85.31696033754493,85.5570667994055,12707200
2018-06-20,86.06929016113281,86.94967036421929,85.98925670742696,86.58151159224353,8876900
2018-06-21,86.04527282714844,86.60551305775832,85.26093039813406,85.71712775910511,11048700
2018-06-22,84.63665771484375,86.73356812311243,84.4445762297548,86.56549606038958,19478900
2018-06-25,83.86834716796875,84.59665962647064,83.20405781680195,84.56465112588404,16907600
2018-06-26,83.92433166503906,84.20445170941656,82.52372533699257,83.80427847283185,17086800
2018-06-27,82.62779998779297,84.77272960582235,82.61980091641652,83.78030130678229,16276800
2018-06-28,83.98037719726562,84.40455995977389,82.8438863795717,82.97994384940255,14491300
2018-06-29,83.3961181640625,85.55705777437694,83.35610449541392,85.38098053507426,18972400
2018-07-02,84.10041046142578,84.10840952987472,82.73981776753321,83.01193874877536,11130000
2018-07-03,82.92390441894531,84.66065492266965,82.85187005607963,84.3645306146647,8311700
2018-07-05,83.46305847167969,83.9941545652127,83.31016428839571,83.79298059324638,10723400
2018-07-06,83.7366714477539,84.09073968470057,82.2399362598261,82.98026131338217,12173700
2018-07-09,86.32776641845703,86.4726119113474,84.25969841067563,84.25969841067563,13900800
2018-07-10,85.79667663574219,87.22903431483863,85.72425081433744,86.92324595232883,14575900
2018-07-11,85.61161041259766,86.15075528096844,85.46676488116366,85.54723325655065,10186500
2018-07-12,85.98179626464844,86.55312988655766,85.27366574862265,86.44047289853869,12456800
2018-07-13,85.58746337890625,86.74622753377781,84.60573331873373,86.34387955104108,21289100
2018-07-16,88.98326873779297,89.13615677483475,86.08636490008297,86.14269336411775,24662600
2018-07-17,88.91889953613281,89.2649190287702,88.31537759357987,89.0717937261692,14821900
2018-07-18,89.74774169921875,90.22251552004705,88.67749457199345,88.85452866995169,14244900
2018-07-19,88.42804718017578,89.39367997064446,88.29929900647362,89.36954007178427,16775300
2018-07-20,89.54656982421875,89.91672924719379,88.33952582520931,88.51655992735894,13578100
2018-07-23,91.21231079101562,91.92848990019277,89.26494750851921,89.36955580177336,18140000
2018-07-24,91.8560562133789,92.36301251956097,91.26862538995273,91.37323980663263,14000400
2018-07-25,92.68488311767578,92.95847680368321,91.23642789956847,91.6387758891157,13329100
2018-07-26,92.41934204101562,93.01481541141142,92.20207680429816,92.87801855350251,11897800
2018-07-27,93.36888122558594,93.58615259601625,92.38715106727084,92.68489081442425,12802700
2018-07-30,93.9321517944336,94.64028195128783,93.39300089455425,93.57003496860338,13411600
2018-07-31,92.49978637695312,94.2137924828492,92.39517812562653,94.2137924828492,15843800
2018-08-01,93.0711441040039,93.89998001771305,92.76535568891971,93.14356379851749,13531600
2018-08-02,93.46543884277344,93.54590721250698,92.0008924119879,92.19401772721703,11058100
2018-08-03,94.22184753417969,94.25403610948008,93.29645208650109,93.34473187978018,11016100
2018-08-06,94.24601745605469,94.57593969264961,93.4896010931453,93.98046624703187,9857400
2018-08-07,94.59201049804688,95.18748377648993,94.41497640839934,94.74489855237108,10562100
2018-08-08,94.78514099121094,95.17139162671774,94.3747443190597,94.41498157412394,8997100
2018-08-09,94.05287170410156,94.72881957561553,93.90802617015882,94.55983414257294,9694200
2018-08-10,93.12747192382812,93.30449988895163,92.28253865772491,92.94238914024643,12630600
2018-08-13,91.6468276977539,93.24817103182333,91.59049922286734,92.99066855529286,10336300
2018-08-14,92.25841522216797,92.57224623087019,91.453719068707,91.95262675467237,10597600
2018-08-15,91.49392700195312,92.00088937931501,90.90650239685309,91.59049272605607,10152100
2018-08-16,92.35494995117188,92.78948649369889,91.97674801798136,92.01697913120957,10118600
2018-08-17,92.35494995117188,92.59636118791225,91.97674801798136,92.2503416895672,8505100
2018-08-20,92.2342758178711,92.58029541130139,91.82387905837366,92.21012977608757,8618700
2018-08-21,92.79753112792969,93.65855549707719,92.4434629666323,92.83776837874711,10976700
2018-08-22,92.51590728759766,92.86997551968642,92.3630130711332,92.78950100196171,8314700
2018-08-23,92.32276916503906,92.6607399910369,92.08135792398754,92.50784579574807,9265400
2018-08-24,92.28253936767578,92.71707595307099,92.0974565826702,92.52395062823201,8845700
2018-08-27,93.91607666015625,94.37475316992669,92.67684398794368,92.71708124678155,13768000
2018-08-28,93.45741271972656,94.17359182008647,93.32061584422964,94.14945191727462,8302600
2018-08-29,93.15161895751953,93.6424840522908,92.82973930104502,93.62638669282798,7221700
2018-08-30,92.69295501708984,93.3769455427987,92.52396955586846,93.01482857788604,8991800
2018-08-31,92.20207214355469,92.41128869001243,91.59050144470534,92.40324615007876,13065700
2018-09-04,92.6607666015625,92.73318631106987,91.4376249666731,92.00895851927281,10174200
2018-09-05,92.21011352539062,93.10332659428681,91.9365198268389,92.54004183883127,11462400
2018-09-06,91.81580352783203,92.29861985345535,91.33298720220871,92.13768312469514,9877600
2018-09-07,91.99285125732422,92.35496202041381,91.43760902386619,92.13769679042878,10955600
2018-09-10,91.50198364257812,92.51590234618594,91.46175252520831,92.41933661368026,8276900
2018-09-11,92.08135986328125,92.20206548634916,91.07548990328706,91.36518094291283,9333800
2018-09-12,90.99501037597656,92.44345925714448,90.80992762472272,91.93650306963706,10800800
2018-09-13,91.34908294677734,91.83994797496966,90.6650926066326,91.22838346389644,12470800
2018-09-14,91.3329849243164,92.12963214869322,91.11571973197455,91.58243868947604,10337900
2018-09-17,91.60659790039062,92.08137177538536,91.17206742408197,91.56636678039217,9561300
2018-09-18,91.97675323486328,92.26644427964578,91.38127378761976,92.00089313203797,7944200
2018-09-19,94.64835357666016,95.00241567125904,92.08941983894681,92.08941983894681,16052800
2018-09-20,95.4610824584961,95.95194750032957,95.01850335049984,95.35647419064458,15590000
2018-09-21,94.83343505859375,95.94391961632992,94.74491799560481,95.86344509408973,24788200
2018-09-24,93.92411804199219,95.32428736207711,93.69075546542082,94.76100261817606,12492500
2018-09-25,93.65857696533203,94.92999825474877,93.60224848488161,94.18163064913956,9308300
2018-09-26,92.5561294555664,94.04482193868257,92.26644454928048,93.9482562103585,14023600
2018-09-27,92.15377807617188,93.15160548081661,91.86409318053315,92.87800566362598,13283000
2018-09-28,90.80189514160156,91.92847078744153,90.54439266306757,91.45370308675272,15815100
2018-10-01,91.3329849243164,92.22619786714654,90.96282554592574,91.22837666716552,10146300
2018-10-02,91.71121215820312,91.83191779667455,90.77776176932412,91.22034706393809,13753100
2018-10-03,92.57223510742188,93.07114887278236,92.12160728022124,92.49176672961372,17142000
2018-10-04,93.4068603515625,94.65477094969813,92.54791138988992,92.82342717037115,16357400
2018-10-05,92.88015747070312,94.0794440955143,92.39395384094814,93.86065740799333,13777600
2018-10-08,93.4473648071289,93.82011630185156,91.85101184815646,92.58031093884622,14370900
2018-10-09,92.79912567138672,93.21239631162466,92.11034539254774,92.9206765870257,14069500
2018-10-10,90.32760620117188,93.14755488885994,90.32760620117188,92.94497211947805,23086400
2018-10-11,87.62110137939453,90.3276105226362,87.0133530421729,89.92244496448845,33705600
2018-10-12,86.66490936279297,89.80899801254647,85.57096360554125,89.4362464454559,32075700
2018-10-15,86.17060852050781,88.20454136718111,86.15440461830036,86.86749377980885,18903200
2018-10-16,88.01817321777344,88.14782298913744,86.48664781312327,86.83509046077224,19302800
2018-10-17,88.99867248535156,89.7846946970651,87.70214387020678,87.82368859792653,18794500
2018-10-18,87.58867645263672,89.00675572902932,87.36178475758751,88.3422845439559,17582500
2018-10-19,87.44283294677734,88.50436472130569,86.92421534922656,87.23214512736631,15234500
2018-10-22,86.18681335449219,87.79126541572593,85.9842305863935,87.63730671595904,16199100
2018-10-23,85.28733825683594,86.02474243873885,84.03132272643786,84.43648822884563,21407500
2018-10-24,83.6991195678711,85.10909427942707,83.39119590374698,84.89030755166412,23168900
2018-10-25,84.9713134765625,85.81405850130803,84.04753658416236,84.42028812124178,17464700
2018-10-26,83.804443359375,84.72822034613773,83.24531908780968,84.27443689505031,19174900
2018-10-29,84.96321868896484,86.40560712723286,84.03133664263359,84.64719003933695,18445200
2018-10-30,86.46231842041016,86.68921630195157,84.97131229286303,85.66009243183503,18019700
2018-10-31,88.34229278564453,89.52538161849183,87.34558900621676,87.58058576439407,20860000
2018-11-01,88.30989074707031,89.31469963404967,87.77506922478929,88.82850218437166,13065000
2018-11-02,87.82369995117188,89.79280516515345,87.10250562256854,89.05540693153812,19009200
2018-11-05,88.3990249633789,88.56109490787259,87.8561045595816,88.01006946126654,10276400
2018-11-06,88.81229400634766,88.86901694032244,87.32128763767575,88.05868577934784,10825000
2018-11-07,90.3357162475586,90.53829902816348,88.60970700011002,89.43624820708602,12679600
2018-11-08,91.06501770019531,91.51070233151401,89.94676287389075,89.95486791691556,11662500
2018-11-09,90.1817398071289,91.04879374978802,89.80898828043138,90.9434529430045,10432200
2018-11-12,88.28557586669922,90.70847044405278,88.00196120212125,90.28709478610607,13279700
2018-11-13,88.80419921875,90.04401123137636,88.4071386350742,88.4071386350742,13746100
2018-11-14,86.97284698486328,89.71176414610126,85.87890112893801,89.32280864202556,18361400
2018-11-15,89.19315338134766,89.20125842426052,86.55147198435935,87.710245827446,19100000
2018-11-16,89.12831115722656,89.75226953272626,87.96143864006609,88.69073164491564,13798600
2018-11-19,89.80899810791016,90.10881666092327,88.75556519546134,89.10400781890188,13987000
2018-11-20,87.88040924072266,89.53348550031491,87.49955879990219,88.95815113554058,18936200
2018-11-21,87.22403717041016,88.82039039109671,87.22403717041016,88.35039687978417,10619600
2018-11-23,86.42182159423828,87.02146493645886,85.94372298316384,86.49474843292596,6488400
2018-11-26,88.53677368164062,89.12021303622178,87.07007025350318,87.2888631026388,13948300
2018-11-27,88.9095458984375,89.1607466080397,88.02628161954017,88.13162863892444,9238200
2018-11-28,89.89813995361328,90.27089154153846,88.22075471678197,88.97436293520393,13977300
2018-11-29,89.1850357055664,89.78468514945284,88.84469813947007,89.35520448861458,11144300
2018-11-30,90.1007080078125,90.20604881467328,88.79607457224684,89.01486122721462,18652700
2018-12-03,90.95156860351562,91.47828509940437,90.54640301934523,91.06501447249644,16034500
2018-12-04,86.89179992675781,90.43294260619625,86.48663440774946,90.43294260619625,23555900
2018-12-06,85.23873138427734,85.37648618912793,83.3668623173962,85.09287153727797,27213900
2018-12-07,83.6991195678711,86.68924400209956,83.39119590374698,85.21444130367416,19248600
2018-12-10,82.13516998291016,83.86117319343845,80.44967962251454,83.35877181190601,23636400
2018-12-11,81.33294677734375,83.99893723303407,81.20329081462171,83.56945649326974,16860700
2018-12-12,81.8596420288086,83.3830683981759,81.08172494294112,82.37825960172235,22621500
2018-12-13,81.9406967163086,82.62947702965403,81.57604395112334,82.28913939468381,17250900
2018-12-14,81.26811218261719,82.60515982328438,80.91966953907769,81.02501036346457,19879500
2018-12-17,80.23088836669922,81.48689793156537,79.76899986152,80.84673558538084,25113500
2018-12-18,79.85002899169922,81.75430587972033,79.50969140640233,80.56311814884543,20837200
2018-12-19,78.83709716796875,81.50308667788086,78.27796684617431,79.74467003804554,28767900
2018-12-20,78.15644073486328,79.63934829503945,77.54059348227892,78.28609669267242,31825200
2018-12-21,76.30886840820312,79.76088018215552,75.91991299223757,78.34280093918073,41313900
2018-12-24,74.66392517089844,76.34941575151426,74.66392517089844,75.27167364332207,17009300
2018-12-26,77.75935363769531,77.75935363769531,73.82924994772468,75.10957427349958,22542900
2018-12-27,78.63452911376953,78.7236660275743,75.80647536236373,76.83559311856128,20304700
2018-12-28,78.46436309814453,79.67175472457717,78.1483344588926,79.37192998734565,17963300
2018-12-31,79.10454559326172,80.06883565896572,78.4157590261823,79.08023046052627,13237200
2019-01-02,80.4739761352539,80.85483272520688,77.7431644012544,77.7512632606278,15670900
2019-01-03,79.3302993774414,80.78440127390509,78.9871979432843,80.58017333940082,16286400
2019-01-04,82.25485229492188,82.45090938457135,80.28609183757276,80.96413013693268,16935200
2019-01-07,82.31204223632812,82.8920489194349,81.45428227491298,82.04245982187845,15430700
2019-01-08,82.15682220458984,83.17796198849523,81.32357488324182,83.02274674692798,13578800
2019-01-09,82.01795959472656,82.90839061306146,81.63400998772218,82.35289024745704,14230300
2019-01-10,82.00978088378906,82.28753415628833,81.09483735958474,81.70752125276927,14376100
2019-01-11,81.61764526367188,81.83003780347404,80.83340460156417,81.60130354058481,15439900
2019-01-14,82.45909881591797,82.80220035819967,80.59654046348135,80.7680912346222,21258500
2019-01-15,83.06359100341797,83.7089520650106,80.54750119601577,80.78440636286945,26504900
2019-01-16,83.73348236083984,84.50954628970315,83.16164643773467,83.52925435508169,18533000
2019-01-17,84.07656860351562,84.55037898639948,83.25965672925089,83.41487197977496,14247600
2019-01-18,85.44082641601562,85.69407338400863,84.00306572745126,84.77095879922827,16428700
2019-01-22,84.09291076660156,84.62389850158834,83.43120790689204,84.2072779309873,17083700
2019-01-23,83.8805160522461,84.71376346690992,83.30050933793771,84.50137085550234,12146700
2019-01-24,83.92950439453125,84.21542223648777,83.27597878899373,83.43118777031783,11296800
2019-01-25,84.46051788330078,85.21207530915942,83.92952392039565,84.55854955158176,14369400
2019-01-28,84.86079406738281,85.15488280888181,83.80697711576849,84.05205314453175,12283100
2019-01-29,85.09769439697266,85.86559342641743,84.73825746976736,84.86078924464306,9743300
2019-01-30,85.29375457763672,85.97178655976712,84.77909621184239,85.0731849258558,12526300
2019-01-31,84.55036163330078,84.79543763829804,83.92134236153564,84.47684257132663,17520600
2019-02-01,84.86079406738281,85.65319949683608,84.56670532588383,84.95882572539658,13000800
2019-02-04,85.16307067871094,85.16307067871094,84.15010160711712,84.78729193009619,9871500
2019-02-05,84.78726959228516,85.40812425503567,84.37881372541754,85.38361166768841,12763000
2019-02-06,84.74641418457031,85.46530043692215,84.52585077785233,84.72190783188402,8745000
2019-02-07,83.6353988647461,84.55034200747872,82.86750627691183,84.3461141282336,13177500
2019-02-08,82.80220031738281,83.60277058231217,81.74021223079369,83.39037795102948,12892600
2019-02-11,82.41007995605469,83.33319450084771,82.32021913784396,83.12896650174042,10978500
2019-02-12,83.81513214111328,84.07654361387829,83.23512563068282,83.28413833415716,12852300
2019-02-13,84.21544647216797,84.83630127375967,84.06023744617752,84.06023744617752,10754100
2019-02-14,83.6680908203125,84.22359099907094,82.7939955923807,83.70893889637733,11518500
2019-02-15,86.22504425048828,86.34757603625552,84.68108142439608,84.87713851416616,14716900
2019-02-19,85.92277526855469,86.07799049032745,84.8036039644063,85.7022118456782,12764900
2019-02-20,86.33940124511719,86.42926203246665,85.67769851713099,85.94728087917937,10030300
2019-02-21,86.15969848632812,86.58448992903183,85.7430716751361,86.14335675821847,8400100
2019-02-22,85.7757339477539,86.66616476568659,85.59601236513284,86.34756968105545,10647300
2019-02-25,86.67436218261719,87.63014772933329,86.33943150265463,86.38844422837015,11230700
2019-02-26,86.01264953613281,86.15969391860844,84.90981978383705,85.3672884259644,15465400
2019-02-27,85.90646362304688,86.08617901664631,85.37546960922714,85.92279911972189,9968800
2019-02-28,85.2529067993164,85.94728050830447,85.10586244179196,85.78390065885142,15156900
2019-03-01,85.31010437011719,86.51913664512591,85.12221190312358,85.85743381140303,13813300
2019-03-04,85.1140365600586,86.52729038626244,84.36247301921502,85.7103786426628,12466300
2019-03-05,85.04871368408203,85.40815697905917,84.35433969086698,85.06504918269721,10856600
2019-03-06,84.7301025390625,85.42447640160302,84.59122901306303,84.84446970547891,9070800
2019-03-07,84.11740112304688,84.5258569845883,83.45570462176316,84.34613540830338,12705700
2019-03-08,84.15007781982422,84.32979939499845,83.31682437720583,83.31682437720583,10582400
2019-03-11,85.2447280883789,85.40811415533032,84.68106329688476,84.94247477146584,9763200
2019-03-12,84.99150085449219,85.60418467878995,84.75459569452532,85.44079858611859,10219100
2019-03-13,85.27743530273438,85.75941657912766,84.91799206152876,85.11405541084639,13022200
2019-03-14,86.05347442626953,86.4864428572707,85.33459438284056,85.36727159834301,10926500
2019-03-15,87.04195404052734,87.24618198878524,85.9636307230274,86.11067509507478,24811700
2019-03-18,87.56476593017578,88.05491169702186,87.00109487040493,87.04194294786775,12935500
2019-03-19,87.2461929321289,88.55325071841595,87.04196495825458,88.3898645997906,12889300
2019-03-20,85.38359832763672,87.12362403746371,85.29374378490297,86.94390248691435,14920700
2019-03-21,84.03572082519531,84.54220216270731,83.55373961243423,84.54220216270731,19751000
2019-03-22,81.49513244628906,83.58642490451172,81.29906910392333,83.17796895673116,31115200
2019-03-25,80.81707763671875,82.15681237429618,80.13086854311902,81.3562361371868,21032300
2019-03-26,81.62581634521484,82.0179367072659,80.72721471316906,81.54412642094553,15987100
2019-03-27,81.34809112548828,82.05880051261774,80.93963516229448,81.59316096387853,12753200
2019-03-28,82.27117919921875,82.34470449549987,81.4787738275834,81.69117262151104,12454100
2019-03-29,82.69596862792969,83.31681699116743,82.17313944079811,82.94920924365715,14523400
2019-04-01,85.48165130615234,85.51432852645986,83.42303628711798,83.447542644213,17499300
2019-04-02,85.89012145996094,86.13519753665317,85.22842477845289,85.44898826144106,10295400
2019-04-03,86.06166076660156,86.88674346694124,85.60419213237411,86.43743946365164,11499200
2019-04-04,86.89303588867188,87.03297829373139,85.9793249650032,86.06164624335531,11952100
2019-04-05,86.68726348876953,87.34579617272448,86.42385167123417,87.09061774080266,9933700
2019-04-08,86.9671401977539,86.9671401977539,86.35800156041353,86.52263158772725,8056300
2019-04-09,86.32508087158203,86.59671980930862,85.81471769967831,86.49794429749294,9092200
2019-04-10,86.71195220947266,87.02475804185669,85.99580470950448,86.53908880326541,10882300
2019-04-11,87.444580078125,87.85616144551096,86.89305627285053,87.01653193911297,11183800
2019-04-12,91.54393005371094,92.07075371923307,89.62595931004542,90.08693472755239,25834100
2019-04-15,90.4985122680664,91.37106274951326,89.8235190827478,91.30520822405944,15163800
2019-04-16,91.45337677001953,91.69209471201438,90.43265675753682,90.46558401990505,11583200
2019-04-17,94.0875015258789,94.38384060786855,91.3792954200606,91.94727342701309,17791900
2019-04-18,93.39603424072266,94.62254484028308,93.28902535627533,94.27681803185386,12501900
2019-04-22,93.51128387451172,93.78292907977018,92.73751518712375,92.87745134247514,7975900
2019-04-23,93.62653350830078,94.14513008275901,92.8939191312802,93.01739480520996,9193100
2019-04-24,93.4701156616211,93.96401196514942,92.86097081637831,93.23139775419874,9245700
2019-04-25,93.51951599121094,93.96402460826596,92.60580488063667,93.02561962122749,9311800
2019-04-26,94.22746276855469,94.31801119439453,93.51130874970357,93.79941452272361,7889300
2019-04-29,95.58565521240234,96.44174517606803,94.21096872715316,94.33444438849367,14242200
2019-04-30,95.52803039550781,96.07954787732466,94.87773113237624,95.84082994932197,11389100
2019-05-01,94.79541778564453,96.310034110998,94.7542571393159,95.25638687940726,10412900
2019-05-02,95.00120544433594,95.30577160867158,94.31797893043635,94.80364188450274,8613300
2019-05-03,95.58565521240234,96.04662431582501,95.21522822838084,95.48687342728334,8185400
2019-05-06,94.73778533935547,95.05059116228819,93.61005654052029,93.98871060175709,9387000
2019-05-07,93.19026184082031,93.86525510014403,92.43295355577106,93.86525510014403,15017700
2019-05-08,92.69634246826172,93.56889282945845,92.57286682011085,92.73750311105611,9575800
2019-05-09,92.62226867675781,92.80336548426857,91.02533723283265,91.4863063572358,12205900
2019-05-10,92.61404418945312,92.88568312816554,90.99241254210358,91.98843873133838,13189000
2019-05-13,90.09514617919922,90.9183087985806,89.70826502348518,90.61374264875822,13783700
2019-05-14,90.81130981445312,91.96373886321119,90.13631664421717,90.17747729176438,10503600
2019-05-15,90.46558380126953,91.28874651778656,89.40370314333457,89.89759951719817,10142000
2019-05-16,91.6262435913086,92.33416405794293,91.0335654071279,91.05826556499657,9672700
2019-05-17,91.18173217773438,91.98843441058844,90.40796348770274,90.54789964353225,9570100
2019-05-20,91.65914916992188,92.03780319129132,90.8524533835967,91.02531676638066,8518200
2019-05-21,91.97196960449219,92.12836624416228,91.55215487646636,91.73325167209448,7967900
2019-05-22,91.22288513183594,92.02135391163755,91.16526399722306,91.7003209787612,7918900
2019-05-23,89.42838287353516,90.37502110382998,88.48997802756834,90.25154545983811,14558000
2019-05-24,90.30916595458984,90.5149565997184,89.88112417602456,90.15276305461786,8537300
2019-05-28,89.3296127319336,90.40796013093615,89.26376448943313,89.88936361470171,11665500
2019-05-29,89.0826644897461,89.23083402045349,88.12779278513555,88.44882572162948,9966400
2019-05-30,88.12779998779297,89.8729072387258,87.69975813089493,89.4366319960509,10367800
2019-05-31,87.22232818603516,87.7409184811343,86.30038360340299,86.8930618150784,10952800
2019-06-03,87.63389587402344,87.96316219348404,86.67903045584367,87.09061178511124,11680700
2019-06-04,90.3338851928711,90.46559425724861,88.1854297520253,88.7781079812564,12858600
2019-06-05,90.65489959716797,90.8606902578827,89.42838901777331,90.43264844689838,8340500
2019-06-06,90.85247039794922,91.26405175219885,89.66711408803567,90.67137359724208,8726700
2019-06-07,89.85643005371094,90.56434409317217,89.69179376992639,90.30093231934899,10618900
2019-06-10,90.8277587890625,91.54391251604281,90.72898329584609,91.16525847150461,11380600
2019-06-11,91.1076431274414,91.84025738974854,90.85246471344735,91.22288539700213,9847700
2019-06-12,89.94697570800781,91.2887347827993,89.63417617682502,91.12409849251969,9670500
2019-06-13,90.16924285888672,90.67960599347208,89.76589489458789,90.10338833566932,8406900
2019-06-14,90.39973449707031,90.7948553871184,89.42016879817275,90.1939438060571,9077400
2019-06-17,89.90583038330078,90.85246873681334,89.77412133783717,90.30094495922569,8128600
2019-06-18,91.13232421875,91.70854176595749,89.70825653883928,89.732950410248,11057300
2019-06-19,90.47383117675781,91.85673872531994,90.30096145295344,91.22290609889563,13126500
2019-06-20,90.7043228149414,91.44516440773114,89.74945082743571,91.27230095073122,13638000
2019-06-21,90.08692169189453,91.92257086951246,89.79880974255518,90.70429367436589,27089500
2019-06-24,89.44487762451172,90.35858260334184,89.34609582236847,89.95523456833325,13039600
2019-06-25,88.70401000976562,89.70826945991269,88.62992210463652,89.4613181497926,18660100
2019-06-26,89.29667663574219,89.97989678269704,89.03326486962862,89.14850712478882,10324600
2019-06-27,89.593017578125,90.17746857166058,89.26375755051885,89.593017578125,10906600
2019-06-28,92.02960205078125,92.54819234543714,91.28875428682022,91.40399657452153,21634700
2019-07-01,93.57713317871094,94.26858681144674,93.08323682958067,93.20671248692145,12724500
2019-07-02,93.67591857910156,94.0051786377517,93.19848270173257,93.43720064041707,10174900
2019-07-03,93.52670288085938,94.39714538849442,93.06247024995815,93.95777513459691,6849400
2019-07-05,94.08211517333984,94.7287266489781,93.60959091616617,94.0986985225429,7929400
2019-07-08,93.56814575195312,94.07383038586161,93.26141703680867,93.64275184972915,6917200
2019-07-09,93.966064453125,94.08212260793924,92.97127846194721,93.07904494150469,8947300
2019-07-10,93.69249725341797,94.36398381424776,93.46038094091195,93.98264896874568,9242300
2019-07-11,94.58781433105469,94.8033536309349,93.77540718678364,93.98265481078889,11595200
2019-07-12,95.58258819580078,95.62403391775172,94.44686915948051,94.6126646966729,10783400
2019-07-15,94.42201232910156,95.80642484521469,94.1152835895797,95.78155614397956,12946600
2019-07-16,95.4333724975586,95.74838655739418,93.60958991117246,94.07382881345514,16945000
2019-07-17,94.49661254882812,95.28415721217515,94.28107960174744,94.8613703434181,13120900
2019-07-18,95.06033325195312,95.39193069643304,94.13186799704361,94.44688209071717,9397200
2019-07-19,94.12357330322266,95.43337968833221,94.00751515008079,95.24270910834487,10402800
2019-07-22,94.7287368774414,94.87795541290804,93.48525119011786,93.60131567298771,9061100
2019-07-23,96.46131134033203,96.53591743111255,95.18466552563731,95.234402919491,12752200
2019-07-24,96.85093688964844,96.89238260924262,95.76495531129977,95.81469902938436,10011000
2019-07-25,95.9224853515625,97.19083974319872,95.5991795781923,96.90069434718639,10138400
2019-07-26,96.34526062011719,96.58566858340309,95.77325524799919,95.97221116342064,12800400
2019-07-29,96.03853607177734,97.14109481592621,95.98879867194033,96.54422071910292,8500400
2019-07-30,95.822998046875,96.22920789982079,95.13494081628119,95.49140694404684,7121100
2019-07-31,96.16288757324219,96.31210610005053,95.21783901168763,96.24578534931462,13648000
2019-08-01,93.62616729736328,96.82607038838893,93.34430730413969,95.6074536251364,15664500
2019-08-02,93.61787414550781,94.03236929246842,92.34952000775944,93.17851030168063,11025500
2019-08-05,90.83248138427734,92.0013609292899,89.75479129276343,91.84385072330224,15855300
2019-08-06,91.54540252685547,91.60343159705135,89.81280944581681,91.23038847789131,10203500
2019-08-07,89.55584716796875,89.76309480330134,87.8232599724423,89.53097846368019,17320900
2019-08-08,91.0728988647461,91.25527779076012,90.12785017966952,90.40141856869056,10903300
2019-08-09,90.973388671875,91.56197099305008,89.77135533386434,90.65008297890127,9980800
2019-08-12,89.26568603515625,89.95374958130736,88.8760595373431,89.89572050661359,9393700
2019-08-13,90.64181518554688,91.46252030672454,88.72684921885643,89.48951893527826,12124700
2019-08-14,86.87821960449219,88.62739032065335,86.58806782740564,88.12170553590364,19491800
2019-08-15,87.20980834960938,88.18801750789947,86.49687592959984,86.89479419936882,13365600
2019-08-16,89.29882049560547,89.51435970678824,87.76518997401638,88.17968505145629,11830600
2019-08-19,90.10298156738281,90.98170949394562,89.87915058534031,90.88222835473832,8265400
2019-08-20,88.95895385742188,89.89571701570905,88.90092478498153,89.40660941254508,8374000
2019-08-21,89.20765686035156,89.88742873087077,89.07501536137475,89.70504983212504,8189300
2019-08-22,90.12782287597656,90.58376372819131,89.47291980582328,89.83767754735013,9343400
2019-08-23,87.88955688476562,90.17757209354716,87.13517893141155,89.53096061218805,14762300
2019-08-26,88.59420013427734,88.69367492752174,87.88126793411864,88.38695254875898,8209500
2019-08-27,87.65745544433594,89.16621793138741,86.9113627145422,88.99213068188482,14331800
2019-08-28,88.53617858886719,88.87606136916615,87.07715369188688,87.11031406735177,10585500
2019-08-29,90.5423355102539,91.09775757879352,89.54754320236269,89.64702433056033,10002200
2019-08-30,91.0728988647461,91.65318969779462,90.74959306851967,91.05631551254714,10170300
2019-09-03,89.99520874023438,90.35167491647735,88.96726226734363,90.3433895650663,9868800
2019-09-04,91.0811767578125,91.37132213042996,89.99519504216606,90.73299598597679,6929200
2019-09-05,93.15365600585938,94.27279181072645,92.18373240525925,92.22518445624117,13224700
2019-09-06,93.35261535644531,93.65934410074233,92.81377029741333,93.39406740894593,7836600
2019-09-09,95.66547393798828,96.21260420169715,94.17328899206676,94.26447842346717,13985100
2019-09-10,96.88410949707031,97.2157005944812,95.93906095512081,96.41158522609557,14333100
2019-09-11,97.14938354492188,97.15766889484694,95.64890667349172,96.90068390388859,9919200
2019-09-12,97.74626159667969,98.21049419913695,96.09656613851432,96.61883414097359,12283500
2019-09-13,99.66951751708984,99.81044436566745,98.44260895524509,98.64985655304561,16257200
2019-09-16,98.78250885009766,99.37109133322981,98.13589096153012,98.56696955390848,11993900
2019-09-17,98.29338073730469,98.32654110864557,97.19082210782298,98.16903092594987,10735400
2019-09-18,99.27987670898438,99.54515334293869,97.61360449196522,98.08612869384302,10665600
2019-09-19,98.96487426757812,99.76070431346218,98.72446628631705,99.23015094953948,9382600
2019-09-20,98.56697082519531,99.76071283362666,98.54210212237109,99.26331980305564,21862800
2019-09-23,98.55037689208984,98.74933914271196,97.5555909377587,97.63848871317049,9135100
2019-09-24,97.26543426513672,98.86538581107698,97.02502631707694,98.44259898347569,11696500
2019-09-25,97.82086944580078,98.11930650262798,97.09136015394263,97.21570365704149,9389400
2019-09-26,97.01673126220703,97.86230488794266,96.95041052201327,97.72137173385745,9899200
2019-09-27,97.5887680053711,98.35143778912557,97.22401014153377,97.78772396532968,10207800
2019-09-30,97.56388092041016,98.4591857339007,97.1742544255687,98.11930296319937,9755000
2019-10-01,95.78984069824219,98.64985497217961,95.67378255130932,98.15246201036805,11250300
2019-10-02,93.8831558227539,95.25099114603753,93.61787916745664,95.1763787267413,12548700
2019-10-03,93.74944305419922,94.35109838863524,92.35393445196515,93.81628868830214,12735200
2019-10-04,95.78004455566406,96.04744626822402,93.81630625600222,93.87480018139472,9453100
2019-10-07,95.5711441040039,96.5154050793475,95.32045219001736,95.42073023068403,6771600
2019-10-08,93.44029235839844,94.4764733924767,93.30659466465974,94.4764733924767,10806300
2019-10-09,94.11714935302734,94.56003928946794,93.64919787345028,94.15057536947724,7273700
2019-10-10,95.43743896484375,96.43184213689635,94.42632597388344,94.54331383231785,10994100
2019-10-11,97.05020141601562,98.59611777107267,96.82458381029022,96.95828147933052,15076500
2019-10-14,97.30925750732422,97.6602274811868,96.64911442339161,96.80788002726983,8779000
2019-10-15,100.2423095703125,101.60438601681884,98.49584356912386,99.31475850616364,23379000
2019-10-16,100.00835418701172,100.79384964871875,99.75766224699773,100.24232993083231,11087700
2019-10-17,100.56822204589844,101.58769321511762,100.17547432903262,100.90247582889236,10818500
2019-10-18,100.74369049072266,101.12808005882634,100.15875122955615,100.27573908178944,10417400
2019-10-21,103.24224853515625,103.42608206384106,101.93865938617867,101.98880159887526,12714600
2019-10-22,104.27841186523438,104.53745548135021,102.88290937627015,103.15866281021034,12549100
2019-10-23,104.5541763305664,104.57924424609915,103.76032287832304,103.78539079385577,8828300
2019-10-24,104.4789810180664,105.00543282031626,103.67677573050955,104.69624694241335,8020500
2019-10-25,105.31458282470703,105.83267638369217,104.24497607422336,104.45388384190719,9055700
2019-10-28,105.71570587158203,106.30064516682992,105.62378592870591,105.76584170392894,9522200
2019-10-29,105.64884185791016,106.47611487457227,105.23938439769387,105.33965605101083,9797300
2019-10-30,105.06391906738281,105.50680260645167,104.3870534247934,105.33132081033159,8513700
2019-10-31,104.38704681396484,105.06391241368839,103.50127979192271,104.86335633765768,11589100
2019-11-01,106.7936782836914,106.95244388889513,105.30624927576163,105.45666315856978,11682600
2019-11-04,107.64600372314453,108.14737472945673,107.42873147809583,107.86326321747462,9159900
2019-11-05,107.87996673583984,108.88272138137933,107.66269451631626,108.12229411448101,13747600
2019-11-06,108.0470962524414,108.49833140468738,107.44544088230158,107.53736080692622,11231100
2019-11-07,108.63204956054688,109.71000813433113,108.56519753842328,108.9913648349018,13528900
2019-11-08,108.94960021972656,108.96630366325148,108.00533288103904,108.53178461863938,9293400
2019-11-11,108.56519317626953,108.71561340768359,108.08889007001605,108.29779784923856,8679000
2019-11-12,107.93013000488281,109.15014442950942,107.8047776731119,108.32287769313503,9099000
2019-11-13,107.36189270019531,107.64601699793393,106.47612567083186,107.06942943145994,8023300
2019-11-14,107.46218872070312,107.66273206933074,106.61819295949002,106.72682910714435,8483400
2019-11-15,108.23931121826172,108.23931121826172,107.29504385671176,107.98861930139564,10163600
2019-11-18,109.150146484375,109.17521440105705,107.78807625867523,108.26437942635462,8749300
2019-11-19,109.11670684814453,109.6765781359715,108.78244676910872,109.4593186476369,8824500
2019-11-20,108.32288360595703,109.15015038748793,107.74629600021063,108.8827550164108,11782800
2019-11-21,108.57353973388672,109.2336954252383,108.12230456254125,108.6320400296321,7705500
2019-11-22,109.29219055175781,109.65151857023253,108.7156157791306,108.7573871353111,8167900
2019-11-25,109.87715148925781,110.36181911715715,109.3590514728301,109.67659541024835,10068500
2019-11-26,110.0275650024414,110.15291734019743,108.93289010659859,110.15291734019743,10490700
2019-11-27,110.35346221923828,110.66264170538614,110.01085034226728,110.54565383894739,6607900
2019-11-29,110.10276794433594,110.64593590250591,109.84372429922264,110.1946878910588,5712000
2019-12-02,109.86044311523438,110.92169838894945,109.76017144395209,110.56237031565267,8615600
2019-12-03,108.44820404052734,108.59862427015297,107.4538009831362,108.43985231971655,10361300
2019-12-04,110.58739471435547,110.69603081597415,108.62366967043621,108.94956522457612,10318200
2019-12-05,111.18911743164062,111.39802529176343,110.45375768377676,110.87157340402234,9587400
2019-12-06,112.8436050415039,113.4619765740188,112.51770946034324,112.55114184086686,10170600
2019-12-09,112.31719970703125,113.19461507228743,112.31719970703125,112.5010396026362,8498200
2019-12-10,112.39240264892578,112.61802665567195,111.03868410989061,111.34786359085027,7532900
2019-12-11,112.12498474121094,112.8269246175063,111.98292897180063,112.21690468032581,9011900
2019-12-12,115.33380126953125,115.70983269246908,112.15004900422336,112.38402467852771,13717400
2019-12-13,114.32270812988281,116.01068680821561,113.82968875748291,115.27532723533382,10592100
2019-12-16,114.76561737060547,116.01906451379877,114.74891392255063,115.6346811969581,11372000
2019-12-17,115.4675064086914,115.87697026323778,114.67365936480878,115.09147494061222,11546800
2019-12-18,115.35054016113281,116.16946802359998,115.08314477291312,115.44246011505375,10381500
2019-12-19,114.77396392822266,115.50095907755342,114.56505610363595,115.11656306999633,9350400
2019-12-20,114.68203735351562,116.05247209364519,114.39791303793484,115.33382870853329,29992600
2019-12-23,114.64860534667969,115.24190914655047,114.38120997612909,114.98286549826922,9738400
2019-12-24,114.96614074707031,115.00792485674951,114.53160895770289,114.75723294939445,3324300
2019-12-26,116.18614959716797,116.23629817682043,115.13325893741668,115.22517887403367,6770900
2019-12-27,116.26971435546875,116.79616604505104,115.87696670621196,116.40341839579426,7868200
2019-12-30,115.84358215332031,117.05524510274998,115.70987807250414,116.90482482415104,6963000
2019-12-31,116.48697662353516,116.5538286452851,115.55942554167395,115.74326541380638,7201600
2020-01-02,117.89922332763672,117.90758780154353,116.37001643721483,116.81290002971313,10803700
2020-01-03,116.34333038330078,117.09181596788832,115.28368052736243,115.63689714600855,10386800
2020-01-06,116.2508544921875,116.2845015129349,114.7959352430351,114.84639294157773,10259000
2020-01-07,114.27454376220703,115.93971229536085,114.22408605401766,115.4519330618954,10531300
2020-01-08,115.16596984863281,115.704206661086,114.03903852764923,114.12313041025195,9695300
2020-01-09,115.58646392822266,116.2508449588477,115.25005791122857,116.09947187563341,9469000
2020-01-10,114.43429565429688,115.42666446051375,114.21562855066661,115.39303027749644,10190900
2020-01-13,115.38463592529297,115.38463592529298,114.17359976546075,114.53523467857302,12355200
2020-01-14,116.73019409179688,118.37853831326076,115.7966884445381,116.0069373485822,24906000
2020-01-15,114.98097229003906,116.56204885093561,114.50159841814072,115.93130186112012,16293400
2020-01-16,115.42666625976562,115.97330836220925,115.08185492372498,115.594862842627,10783800
2020-01-17,116.22561645507812,116.30130299690892,115.48554888065915,115.6705561498308,14697700
2020-01-21,115.08187103271484,116.11630518563538,114.95572678605551,115.37622471835796,8474200
2020-01-22,114.9472885131836,115.55280645641561,114.6950000639838,115.4182568943678,7549100
2020-01-23,114.8295669555664,114.99777639051999,113.29896119159876,114.13155169733747,9345700
2020-01-24,111.97859191894531,114.73705727108846,111.28057665845502,114.6865995734702,15166400
2020-01-27,111.03668212890625,111.80199143966892,109.08557841086929,109.55653403823759,12860500
2020-01-28,113.05504608154297,113.50919094695118,111.41510702884892,111.71786599492906,13062800
2020-01-29,112.88685607910156,113.98855845985048,112.432724019833,113.37463515465771,9326000
2020-01-30,114.28292846679688,114.48477209568864,111.59174424446631,111.59174424446631,9048900
2020-01-31,111.31419372558594,113.39145417523781,110.56570805001824,113.10551871099314,12785200
2020-02-03,112.16358184814453,112.89525676444664,111.5664821435733,111.5664821435733,10021100
2020-02-04,113.77828216552734,114.87999711395965,113.60168028649778,113.99694922109076,9157100
2020-02-05,115.71260070800781,115.83033959822458,114.38382589980321,114.85479429324693,10150700
2020-02-06,115.72946166992188,116.30133279817281,115.30896366412063,116.25929326365727,8992300
2020-02-07,115.359375,115.77987283677156,114.62771287044167,114.98933485042893,6379800
2020-02-10,115.8387680053711,115.93127805818648,115.00617753003264,115.17437412626668,5960700
2020-02-11,116.05742645263672,116.74704920423919,115.87240634038133,116.2760807523121,6578600
2020-02-12,116.05742645263672,117.14230544488132,115.88922985038042,116.5620290919838,7958000
2020-02-13,115.95648956298828,116.34334039320956,114.71180670534604,115.84715601712863,7447500
2020-02-14,115.60328674316406,116.2172100756985,115.16596533998602,115.92285641666807,6627600
2020-02-18,114.07266235351562,115.81352970553162,113.5764779437187,115.50235255368851,8996400
2020-02-19,115.62849426269531,116.38538519976986,114.66134158468343,115.14071525538562,7071200
2020-02-20,115.62849426269531,116.36015635737236,114.82113280825082,115.3593695003555,7422800
2020-02-21,114.21562957763672,115.1491353638228,113.46714388115069,114.83797104595297,9772800
2020-02-24,111.14599609375,112.02062598566172,110.00224141504935,110.54047815605107,13618400
2020-02-25,106.18412780761719,111.20486716913082,105.62065576485577,110.17044596426729,20797200
2020-02-26,106.50370025634766,108.44639836720594,106.25139896722577,106.74758979148861,24825600
2020-02-27,102.07166290283203,105.64589506498177,102.01279345328348,103.36679720918919,23005500
2020-02-28,97.64801788330078,99.64958547560381,94.74658508743141,98.83381856450109,45931400
2020-03-02,102.19781494140625,102.24827905650628,96.2603861732076,98.08534566480843,27355400
2020-03-03,98.36286926269531,103.40043237290233,97.75735125230396,101.735264260615,32547700
2020-03-04,100.79334259033203,101.07928449098249,96.4622130555183,99.51503183245724,25795900
2020-03-05,95.84827423095703,97.91712273785349,94.67929080327515,97.27796425413577,25025600
2020-03-06,90.89482879638672,92.7786576165404,88.32137725154845,89.3642166769577,38159400
2020-03-09,78.58264923095703,83.45201565972098,78.21260902750697,81.2149637625565,40352000
2020-03-10,84.68827056884766,85.17604965015222,79.54138061779042,83.25858034161809,31102700
2020-03-11,80.70194244384766,84.14161801608684,79.51614190441623,82.16527308988836,38127000
2020-03-12,74.0496826171875,81.5429518446184,72.59475706275796,75.34481050041656,49725200
2020-03-13,87.38788604736328,87.45516084221228,77.37162191332962,80.72719371931406,38543300
2020-03-16,74.31039428710938,79.03679330372756,71.10620213165055,71.65284430456052,38589700
2020-03-17,78.85176086425781,81.94662538465855,73.5871258364281,76.43810082695923,35239800
2020-03-18,70.5511474609375,76.35402061238307,67.58243287961596,73.73011102299046,41525600
2020-03-19,71.73695373535156,74.10015019074883,64.68099855924639,68.59162441021337,32175100
2020-03-20,70.22312927246094,75.23546204099594,69.36531662427497,72.57791940739357,30150800
2020-03-23,66.46391296386719,70.43341511707158,65.67337466934029,69.53354965222746,32536600
2020-03-24,74.36927032470703,75.77373198748495,69.71856385977945,71.40055571928539,34363200
2020-03-25,77.14454650878906,80.02075056579275,71.09778473575086,75.05046237551932,38111700
2020-03-26,82.51851654052734,82.89696211306381,78.66675394093144,79.12089247774875,29826300
2020-03-27,76.63993835449219,79.76003173426614,76.15216570881124,78.37239391660881,30041500
2020-03-30,78.63313293457031,79.12931753850896,75.10095198958724,76.23629540645388,21656900
2020-03-31,75.71485900878906,79.19658148278499,75.13456979102659,77.4136743010281,23379300
2020-04-01,70.9464111328125,72.79659945490423,70.01290521662108,71.56874627151038,28029600
2020-04-02,73.59554290771484,73.93194250481626,69.76900952122737,70.23155976927791,24018000
2020-04-03,71.42020416259766,74.33479444432047,70.3325383003861,73.07718423521155,21199400
2020-04-06,76.01728820800781,77.31738165037291,74.52175287371601,75.61791174234779,26820800
2020-04-07,77.01997375488281,80.29995111261724,76.79904085722691,80.2574617728116,22563800
2020-04-08,80.12999725341797,80.60584668480567,76.94349163331326,78.26057673317916,22903300
2020-04-09,87.31876373291016,88.70382934304715,82.33081733076023,82.35630834153528,42055900
2020-04-13,83.43548583984375,87.61618069013726,82.67922217117957,87.61618069013726,26911900
2020-04-14,81.14968872070312,86.6729659634735,79.56918117567332,85.84022284975198,46151300
2020-04-15,77.14742279052734,78.20109212075,76.5865947141908,77.45332783526328,30118600
2020-04-16,74.20735168457031,76.9604909940041,73.9694269456389,76.67158423471965,32449600
2020-04-17,80.87775421142578,81.31961343136534,77.2918725093285,78.17559743216928,30191900
2020-04-20,77.92919921875,80.47840432168444,76.86703042586065,78.57499966005659,23679400
2020-04-21,75.66891479492188,77.64879269133935,75.05710447314166,75.3035284351345,23035000
2020-04-22,75.91531372070312,78.06514848793088,75.77935950629195,77.06246103516733,16662400
2020-04-23,75.95780181884766,77.56380025331329,75.84733861625746,76.25520773579262,16638800
2020-04-24,77.0794448852539,77.41084094702319,75.19303254412894,77.01996370706358,15809200
2020-04-27,80.40190124511719,81.26012864143448,77.78471676121391,78.12461194455847,22870200
2020-04-28,80.97124481201172,83.579930870088,80.75031190801242,83.11257405065933,20238900
2020-04-29,83.15506744384766,84.50614297918523,82.65372042376042,84.19174517894275,20462600
2020-04-30,81.37061309814453,82.28832183217847,80.34243468173572,81.23465240690241,19127600
2020-05-01,79.2377700805664,79.65413831723491,78.03964090103848,79.4502037805143,18547700
2020-05-04,78.29458618164062,78.74494471622604,77.15594433819552,78.19261564282428,15725900
2020-05-05,78.17560577392578,80.05351900423526,78.09063358598138,79.57766956537671,18064100
2020-05-06,76.70557403564453,78.82141881029622,76.41666725334966,78.3115791172701,20978000
2020-05-07,77.50431823730469,78.94887143446024,76.96898759255473,77.61478143870819,16771900
2020-05-08,78.77042388916016,79.94306221889974,78.26908340201166,78.85540256688145,20487800
2020-05-11,76.45064544677734,77.4193426565702,75.90681566173441,77.4193426565702,31907600
2020-05-12,73.95240020751953,77.14740407583844,73.84193704486887,76.6035744577791,27962900
2020-05-13,71.40323638916016,73.80798817614149,70.86790563271836,73.4001124929258,35451600
2020-05-14,74.36881256103516,74.87015963754665,70.01817302963273,70.29008800034538,35152500
2020-05-15,72.99221801757812,74.16484966595822,72.48237845232426,73.79946345564994,26099000
2020-05-18,76.85851287841797,77.45333114995455,74.67469462184901,75.36298424344189,30504400
2020-05-19,75.34598541259766,77.49581348359399,75.27800507065446,76.51862362075,19597300
2020-05-20,77.60627746582031,78.50699424011196,76.79053287124191,77.07943957885932,20552400
2020-05-21,76.6205825805664,77.97166423469422,76.19571519597909,76.7055547608915,14621400
2020-05-22,76.02577209472656,76.78203553318286,75.38847100728843,76.48462965563745,13557900
2020-05-26,81.4216079711914,82.84916303981132,78.69395938137478,78.93188414565084,41233900
2020-05-27,86.13765716552734,87.16583595101545,83.95383802149814,86.73246919582132,39402000
2020-05-28,84.85453796386719,87.48021601272724,84.46366064023253,87.47172333042644,24713900
2020-05-29,82.68769836425781,84.27670490961923,82.23733991912954,83.83484562844505,26526400
2020-06-01,83.78385162353516,84.55711341849408,82.74717410996755,83.06157832598856,15176800
2020-06-02,84.06428527832031,85.33038863521534,83.21455026347141,85.21142625177359,21195000
2020-06-03,88.60185241699219,89.15418138141986,85.8742042507156,86.31607001544278,25941100
2020-06-04,90.44579315185547,90.59024654223458,87.34425918491169,88.21948517516128,26784700
2020-06-05,94.51600646972656,98.37379683072898,93.0714533922366,97.6600226968575,42231000
2020-06-08,96.40243530273438,97.03124388446543,95.11934009190641,96.36845160698583,24881800
2020-06-09,93.9297103881836,94.85591845308569,92.62961683794514,94.02318175951768,17031100
2020-06-10,90.12289428710938,93.90421902178085,89.94445071058692,93.86172967752914,24913300
2020-06-11,82.60272216796875,86.3160657144027,82.03340138694143,84.9989741327785,36259200
2020-06-12,84.86302185058594,85.93368309444872,82.7046945524295,85.57679601316113,24856800
2020-06-15,86.03565979003906,86.18861233342876,81.46408830000041,81.9314386115513,22153600
2020-06-16,86.72394561767578,89.79998842426295,84.38717454033288,89.5365726682743,22193600
2020-06-17,84.53162384033203,87.13181034864253,84.3021918055033,87.12331118510309,15639800
2020-06-18,84.07279205322266,85.41536857114966,83.38450222048185,83.84335994798764,16591900
2020-06-19,83.11257934570312,85.48334080418736,82.19487046093798,85.42385961273996,40371200
2020-06-22,82.21184539794922,83.23152460814971,82.03340186031224,82.63671281602647,16216900
2020-06-23,83.21454620361328,84.94800632728891,83.14656584983071,84.09827135389673,15381400
2020-06-24,80.4359130859375,82.28832904424482,80.13850066851965,82.21185601094068,22919800
2020-06-25,83.24005126953125,83.45248504874594,80.0960339303395,80.17250697903386,25743600
2020-06-26,78.67696380615234,81.03923264996239,78.17562324715087,80.81829972555579,41896300
2020-06-29,79.02536010742188,80.29146352402054,78.32857762170725,79.36525542598207,18499700
2020-06-30,79.9260482788086,80.43589431370026,78.6599453202073,78.88087816979625,19137000
2020-07-01,79.24628448486328,81.32813255156005,79.05084259081949,80.6313501410405,18755700
2020-07-02,79.50369262695312,81.47712368540391,78.87733864235875,81.28835929152241,27845600
2020-07-06,81.51143646240234,81.68303686807937,80.20725635930368,81.02236810547336,18625300
2020-07-07,79.21195983886719,80.7392257864948,78.93739524767723,80.49898258747062,25757200
2020-07-08,80.05281066894531,80.08712551201175,78.76578803147761,79.18621359346575,18762200
2020-07-09,78.31963348388672,80.75640027601123,77.89062584513087,80.24158587259457,25600800
2020-07-10,82.60111999511719,83.09018839473416,78.82585837161463,78.93739799042676,28954200
2020-07-13,83.78518676757812,85.17516722159941,82.56680673751565,84.71184476768336,32079200
2020-07-14,84.26567077636719,85.75861536965522,82.91858719387714,84.40295634850862,42731700
2020-07-15,85.56986999511719,86.90837178784061,84.64321188655299,86.56516435361638,22508400
2020-07-16,85.81010437011719,86.84830200543881,84.55740292883317,84.75474276448205,16886900
2020-07-17,84.22278594970703,85.870173773403,84.20562197767462,85.801530977548,16137700
2020-07-20,83.48487091064453,84.42010421699364,83.45054952149378,83.59641051578272,14458100
2020-07-21,85.2952880859375,85.84441725105083,83.77659762450217,83.8366584223697,17798100
2020-07-22,84.67752075195312,85.91305816770324,83.68221999462538,85.50121454449867,14271200
2020-07-23,84.92636108398438,85.24382256969744,84.05976375919154,84.51451084120893,12870200
2020-07-24,84.32572937011719,85.62991608677356,84.03400735615807,85.45830912608919,12744200
2020-07-27,83.14167785644531,83.76802531423586,82.51532385251801,83.66506767522193,11959100
2020-07-28,83.50203704833984,83.99110543905097,82.79846486264778,82.79846486264778,11754300
2020-07-29,85.5269546508789,85.55269405927227,83.22747367311642,83.28753447474641,12743500
2020-07-30,83.24462127685547,83.86239318996745,82.41235213705612,83.6907927901633,14834800
2020-07-31,82.91859436035156,83.16741957176106,81.7259536703751,82.78131532248177,14535000
2020-08-03,82.45524597167969,83.71652915748938,82.24074220664092,83.2446182559499,12962800
2020-08-04,81.98336029052734,82.3265611558557,81.53718869178144,82.29224630623239,13366200
2020-08-05,83.40765380859375,84.48875475465462,82.12921303946217,82.25791662406355,15260900
2020-08-06,83.43339538574219,84.17128897409835,82.8327873701669,83.72512395483334,10482100
2020-08-07,85.2695541381836,85.36393634042584,82.84995136807781,83.16741937072327,14743700
2020-08-10,86.35064697265625,87.55186953083906,85.82725719049186,85.8958999757906,14989900
2020-08-11,89.07914733886719,91.08690652580658,88.81316469315506,89.11346873607798,31518600
2020-08-12,88.32408905029297,91.3185603422513,87.2687274468988,91.08689911260396,19240800
2020-08-13,87.83501434326172,88.68444751929921,87.2086603957521,87.51754637724505,13598600
2020-08-14,87.86934661865234,88.64155512189367,87.0199067912677,87.08854958368732,12134400
2020-08-17,85.55268859863281,87.51754404959635,85.39824561199397,87.08853648072578,14988000
2020-08-18,84.36006927490234,85.72431709064564,84.1884688226968,85.72431709064564,13246500
2020-08-19,84.5573959350586,86.30774108633982,84.37720699235342,84.87485735209813,13533000
2020-08-20,83.5449447631836,84.11123140734226,83.05587634708156,83.45056256480103,13672600
2020-08-21,83.50203704833984,84.57455602324461,83.17599363657787,83.45913367088913,12228300
2020-08-24,85.85299682617188,85.98170041241433,83.58783727439535,84.47159186251788,17898300
2020-08-25,86.23052978515625,87.50039519363578,85.62992174839091,86.89119862559812,13648900
2020-08-26,85.02072143554688,86.03317961445435,84.98640658878882,85.7500395788142,12052400
2020-08-27,87.8178482055664,88.07525536583262,84.94349879789513,84.94349879789513,22163900
2020-08-28,88.17821502685547,88.59006518355349,87.35452125959557,88.4956829923547,13756700
2020-08-31,85.96455383300781,87.67200242387527,85.8186862589267,87.62052360133909,14219400
2020-09-01,85.92163848876953,86.54799244235784,84.9778231122198,85.41541268127091,11595600
2020-09-02,87.21723937988281,87.46606455342199,85.42398435200948,85.7586097294259,14475700
2020-09-03,86.94268035888672,90.08301253531029,86.35064778584821,88.65012874592067,23281200
2020-09-04,88.82173919677734,90.27178711949969,86.97701157563336,89.27649279542482,26325500
2020-09-08,85.73287200927734,88.86462860841927,85.35534979556427,88.35840281329071,22108600
2020-09-09,86.54801940917969,87.25159180504316,85.42401473634372,86.48795859048909,13434000
2020-09-10,85.65567016601562,87.87792668189736,85.49264516197552,87.0027539439784,15922800
2020-09-11,86.7196044921875,86.9684297100844,85.44973899156493,85.77578898901325,13784300
2020-09-14,87.92082214355469,88.77025539295524,86.97700669464999,87.09712830381223,19017400
2020-09-15,85.1837387084961,88.24685237622846,85.06361711730155,88.14389475299643,23683000
2020-09-16,85.54410552978516,86.77106742304466,84.73757576190637,85.31244432583196,19270600
2020-09-17,84.56597137451172,85.2352221463876,83.83665980377867,84.68609297222605,18290100
2020-09-18,84.38580322265625,85.36394013837908,83.60501270571203,83.99111697123628,20121600
2020-09-21,81.77742004394531,82.41235595412725,80.49897933162494,81.68303785584087,28378800
2020-09-22,80.88507843017578,82.07772540967532,80.37027069319215,81.47711092808149,19257000
2020-09-23,79.57230377197266,81.81172329101346,79.5036675517751,81.32265503663297,19952700
2020-09-24,79.50369262695312,80.91083704989596,78.405427657655,79.21196405109902,18366500
2020-09-25,80.19869232177734,80.41319614994251,78.82586913074769,78.98031214887212,13293100
2020-09-28,82.50674438476562,83.16741320534763,80.95373242872206,81.56292243231069,20894100
2020-09-29,81.8117446899414,82.39519526410395,80.9365721017657,82.39519526410395,12848200
2020-09-30,82.60111999511719,83.3990743888224,81.73452936083183,81.81174758628566,16400600
2020-10-01,83.20172882080078,83.88813700221205,82.39519249785315,83.33043240048289,15778700
2020-10-02,83.9911117553711,84.5917198080303,81.58866645246061,81.72595203371804,15149600
2020-10-05,85.76636505126953,85.94821943306296,84.45873789812967,85.14286053833185,13871900
2020-10-06,84.88307189941406,87.34245028347505,84.44142833815484,86.65832758596571,19220400
2020-10-07,86.36390686035156,86.90080848225381,85.44596655908369,85.69710073350441,16358500
2020-10-08,88.13914489746094,88.26038115839405,86.51111038858707,87.03935692845884,15659000
2020-10-09,87.63687133789062,88.42491359340647,86.69295956216847,88.32965559313796,13689100
2020-10-12,88.71066284179688,89.1956077210305,87.33375633557505,87.55025052907268,16058000
2020-10-13,87.27315521240234,89.38614106640925,86.82285010930697,89.19562508194899,21697300
2020-10-14,86.7882080078125,88.26902774867001,86.68428839890196,87.48964719903985,15204100
2020-10-15,88.0871810913086,88.13913759686758,85.76636247772473,85.81831898328372,17171200
2020-10-16,87.90531921386719,88.61542002572669,87.22119665257043,87.81872284303157,13275000
2020-10-19,86.42450714111328,88.21707926472993,86.21666790440398,87.983261775152,11725700
2020-10-20,86.91812133789062,88.13048395657232,86.70162706928593,86.86615822074658,11257100
2020-10-21,86.05213165283203,87.45501007939984,86.01749178210594,86.90944698094344,10730500
2020-10-22,89.09172821044922,89.4034805178879,86.00019000075027,86.00885162231285,14837200
2020-10-23,89.8970718383789,90.45129659958526,89.13501444344024,89.62862107785466,15087600
2020-10-26,87.67151641845703,88.93584214352782,86.81420097200176,88.89254725430362,12410700
2020-10-27,86.01750946044922,87.39440991867339,85.8702949347676,87.0393627328012,10391700
2020-10-28,83.60142517089844,85.12554662829763,83.19441490043837,84.43276234578512,16389500
2020-10-29,84.14698028564453,84.84842612149207,82.47564447529956,83.23770843455318,14208800
2020-10-30,84.90038299560547,85.22945186597667,83.33296679292587,84.78780836789743,15194500
2020-11-02,86.81419372558594,87.35975685381352,84.74450923663859,86.06945298153424,15011600
2020-11-03,89.55069732666016,90.70244187729614,88.92719274193267,89.21296017086517,17482600
2020-11-04,86.81419372558594,88.3902715917902,85.67110435676615,87.46367647166265,18886500
2020-11-05,90.36470031738281,91.0141830795205,87.4636786345438,87.51563514131313,17837400
2020-11-06,89.16098022460938,91.01417024945171,88.66737365924257,90.95355213113928,12552800
2020-11-09,101.23271942138672,102.96467353772564,95.56056704762446,97.99396707375949,47792400
2020-11-10,100.90362548828125,101.70898426961476,99.31889278239484,101.62238790098436,20539300
2020-11-11,99.39683532714844,101.28466538161064,98.68673447768357,101.22404725812753,14443400
2020-11-12,98.17582702636719,98.68675034833637,97.04139252320265,97.44840282070679,22063000
2020-11-13,98.7906494140625,99.46611035999612,98.34899933138296,99.32755088037916,11847900
2020-11-16,101.57908630371094,102.71351385358346,100.21950292478314,102.00341310675898,19858600
2020-11-17,100.548583984375,100.83435796293307,99.22364031072553,99.92507952456823,14553200
2020-11-18,99.80384063720703,102.71352363465994,99.76053914819175,101.6137292397162,12571200
2020-11-19,100.07228088378906,100.2974367106923,98.34032721473419,98.87723523061761,10202500
2020-11-20,99.2149887084961,100.15024549263386,98.7993168243636,99.09375245205756,12718900
2020-11-23,102.07271575927734,102.33250490632442,100.08096593084737,100.49663781575535,13209200
2020-11-24,106.79227447509766,106.94815058638133,103.66609723709921,103.97784945966657,20121600
2020-11-25,105.67515563964844,105.97824622062336,104.32423384622928,105.10361434507846,11715600
2020-11-27,104.9737319946289,105.95228361680714,104.8524957443371,105.64919299107761,5983600
2020-11-30,102.08135986328125,104.5407378218193,101.98610187081339,103.91723336453136,14411800
2020-12-01,103.69208526611328,105.28548639914811,103.59682726651923,104.21167015042975,12668900
2020-12-02,105.68382263183594,105.91763348993952,103.28506289712551,103.6574332317938,10811300
2020-12-03,104.99103546142578,105.55392175683973,104.22897818274306,105.5192818886888,12904400
2020-12-04,105.9436264038086,106.7663085443007,105.38074662127448,106.06486926602376,13583700
2020-12-07,105.5452651977539,105.79639929872769,104.09908531924104,104.91310574261266,9724300
2020-12-08,105.64920043945312,105.93497445252267,104.57539074392952,104.81786326160768,9592100
2020-12-09,104.82652282714844,106.77497115771342,104.29827630675594,106.66238991465507,13073900
2020-12-10,104.15105438232422,104.59270451708959,103.53621148449184,103.90858187127826,13668400
2020-12-11,103.53620910644531,103.93455773785435,102.50570095816896,102.99930758914107,9981600
2020-12-14,102.44508361816406,105.14692767922207,102.28054587095029,105.07764793230257,12112400
2020-12-15,104.19435119628906,104.69661943625484,102.72219295570534,103.30239595348644,12590200
2020-12-16,104.4974594116211,104.852513208671,103.7960200456889,104.17705209971687,11169400
2020-12-17,103.63147735595703,105.1729155277026,103.55354258872268,105.00838437235868,11618000
2020-12-18,103.12054443359375,103.81332208080546,102.41909855943351,103.17250094024254,28954800
2020-12-21,106.991455078125,108.24711901595818,104.8611459618367,106.6623796079134,28323600
2020-12-22,105.36343383789062,106.96549017685429,105.31147732527073,106.85291553055083,11788200
2020-12-23,108.3077392578125,109.56340322021785,105.95228084483037,106.3246512058074,14973200
2020-12-24,107.83143615722656,108.7233978765857,107.00876077949123,108.3250427052436,4164900
2020-12-28,108.54155731201172,109.67599170921521,108.0652739116448,108.95722919168941,8072600
2020-12-29,108.25580596923828,109.35559404878376,108.15188633218715,109.28631429074967,8389200
2020-12-30,108.55887603759766,108.98320291293793,108.16052741486679,108.67145066786505,7398000
2020-12-31,110.03971862792969,110.2648745418525,108.09126999719496,108.32508092585527,8580200
2021-01-04,109.00052642822266,110.72381879343084,108.05660807078733,110.41206654756964,16819900
2021-01-05,109.59364318847656,110.1605833749792,107.95387731647128,109.01797900248445,13731200
2021-01-06,114.73968505859375,115.80378656058689,111.53865655463356,113.28309015545396,24909100
2021-01-07,118.50765228271484,120.53119413266289,117.67905206148995,118.3506602300065,21940400
2021-01-08,118.63848114013672,118.92631318527744,116.981267544683,118.5948678044024,12035100
2021-01-11,120.40908813476562,120.53991484901563,116.97256447861902,117.38250592849985,15937900
2021-01-12,122.30177307128906,123.5577625897442,121.08939688784832,121.62144763361275,18033500
2021-01-13,122.41516876220703,122.79893151868006,120.45268840782914,120.88006450062824,14816800
2021-01-14,123.13040161132812,124.50850080044601,122.10991321935161,122.53730270683211,18565600
2021-01-15,120.92369842529297,123.54905668848403,119.50198593431837,119.86831406576894,27881000
2021-01-19,120.40032958984375,122.72042038385231,120.20845488970022,121.98776433592963,19843800
2021-01-20,118.59487915039062,120.51374632598555,118.13260702700848,120.20847956448338,16028800
2021-01-21,117.60057830810547,118.76062416109637,117.15575409892824,118.35068264504224,13411700
2021-01-22,116.6934585571289,117.22550941680454,115.3066420456368,115.73403152600712,12933200
2021-01-25,115.23686218261719,116.15268916898226,113.44010420858275,115.25431018196504,14212800
2021-01-26,114.76588439941406,116.15270103849683,114.55654831261982,115.78637286830093,11307800
2021-01-27,111.52123260498047,113.25694247850578,111.07640180103795,113.03015842240211,17603900
2021-01-28,113.48371887207031,115.2804768669973,112.50684384001467,113.3005481490978,13761800
2021-01-29,112.22771453857422,114.8879684960276,111.80905576608197,114.42569638477269,14808100
2021-02-01,113.05631256103516,113.44881929341398,112.06198967744794,112.86442452131463,11080700
2021-02-02,116.53643798828125,117.21676340523528,114.45184840373322,115.07984314383245,12253600
2021-02-03,117.87093353271484,118.41170165154475,116.4492212486558,116.57133060803424,10600800
2021-02-04,120.5835189819336,120.94112971880614,118.15876646422585,118.15876646422585,12419500
2021-02-05,120.3479995727539,121.6650503065946,119.82467952520591,121.57782364420989,10051300
2021-02-08,122.23199462890625,122.3715519776485,120.52245037911706,120.53989837494017,10136400
2021-02-09,121.74356842041016,122.09244851544936,120.83645887903215,121.61272840307855,8614800
2021-02-10,121.81332397460938,122.8686947125376,121.27254262836813,122.10987332998425,10323200
2021-02-11,121.47319030761719,122.58962263720096,120.55736337707276,121.81335307508532,9201000
2021-02-12,123.20015716552734,123.51415455862468,121.23767678589948,121.28129012278669,8324600
2021-02-16,126.1656723022461,126.75006703524645,124.20319200734058,125.20624547675615,12130600
2021-02-17,126.55816650390625,126.80238518509543,124.83117443259987,125.5551131335964,10810100
2021-02-18,126.98554992675781,127.15998995076376,125.07540038792897,125.59873376886755,10587800
2021-02-19,129.1050262451172,129.82023428506037,127.22104217920088,127.22104217920088,11969800
2021-02-22,130.31744384765625,130.99776942580252,128.03223504849342,128.1020137371397,11488400
2021-02-23,131.3640899658203,132.84685041429984,130.47442837316328,132.14907687709675,16234400
2021-02-24,133.67543029785156,134.11153702853494,130.9279632181149,130.9279632181149,15061400
2021-02-25,131.86122131347656,135.10585637111618,131.34661857863202,134.55637095463845,18127700
2021-02-26,128.36366271972656,131.59085009648362,127.78799859979135,131.09369530848298,19829200
2021-03-01,131.2681427001953,132.03569490307837,129.50626755672417,130.41337712539013,14845500
2021-03-02,130.8407440185547,132.38456565981377,130.69246931872738,130.90180535261874,14221700
2021-03-03,133.37020874023438,135.17568429608514,131.54728518274925,131.90488270823707,14324100
2021-03-04,131.3204803466797,134.65234275952952,129.62838379639877,133.10852092740717,20093900
2021-03-05,131.6257781982422,133.87609123597707,129.06146768294138,133.64058980057126,18465100
2021-03-08,133.37020874023438,135.5943564817562,131.4862238314917,132.9864325578321,17133300
2021-03-09,132.4281768798828,134.538931946083,130.67503254168378,132.1403448287298,16238800
2021-03-10,135.3064422607422,136.20482082048534,132.14902132666583,132.4979146030675,14342200
2021-03-11,134.5999755859375,136.1961143641845,133.7626448827489,134.41680491967375,11771500
2021-03-12,136.1961669921875,137.48705287962366,135.25418788687213,136.81544458903156,12849500
2021-03-15,135.51585388183594,136.86778793396732,134.28604253830517,136.37063298848176,12101100
2021-03-16,133.8935089111328,134.84423187807795,132.7421938456674,134.39939441118952,12805600
2021-03-17,135.27159118652344,136.83286083528608,133.49228146738594,135.4896445658204,13952400
2021-03-18,137.50445556640625,141.02820562641497,137.03346612337486,137.46085553771454,21898500
2021-03-19,135.31521606445312,136.01298959949708,131.86997503951997,135.63793083448013,54418800
2021-03-22,131.67807006835938,134.29471050692953,131.3640726833741,133.27422233295775,19944800
2021-03-23,130.36105346679688,132.68113158060393,129.92494665691171,131.11987505714148,17076300
2021-03-24,131.37281799316406,133.60568284664132,130.70994039882686,130.83204977959753,13079800
2021-03-25,133.05618286132812,133.4225109639218,130.24765409918703,130.8320355944381,15608300
2021-03-26,135.27159118652344,135.58558858506797,133.056174708792,134.58254836387076,16754400
2021-03-29,133.16952514648438,134.08535180690265,131.73909581430738,132.6810878099731,17570300
2021-03-30,134.73956298828125,135.951939447985,134.21624277562398,134.7221282974397,13184300
2021-03-31,132.7770538330078,134.7482648080813,132.6811098182129,133.69288064533723,16736700
2021-04-01,134.0679473876953,134.1377127581581,132.18396297106602,132.48922972083804,16561500
2021-04-05,134.77859497070312,135.93670418932095,133.883706997016,135.4629273681381,13508000
2021-04-06,133.83106994628906,135.35766498439006,133.2344778959358,134.0504076213853,13071600
2021-04-07,135.92788696289062,136.19109475244494,133.9275291819647,134.32234755994833,16903500
2021-04-08,136.0946044921875,136.43677064972445,133.62925174335638,135.1119762217852,12335500
2021-04-09,137.1123504638672,137.7791320993026,135.96302332179076,136.69999461158375,12122400
2021-04-12,136.82284545898438,137.96340410039238,136.48946128058628,136.4982299685697,12273400
2021-04-13,135.19094848632812,136.1648081715784,133.73454330166422,135.7700030856245,16113600
2021-04-14,132.6641845703125,134.96283876227747,132.41851409625977,132.8922908973456,19939600
2021-04-15,133.50643920898438,133.53275865600241,131.0059980311169,132.6992782633799,17694100
2021-04-16,134.49786376953125,135.55945061002498,133.96267931188518,134.99794670260198,13773400
2021-04-19,133.92755126953125,135.00670204594894,133.5502969725526,134.6031149170981,11900200
2021-04-20,130.96218872070312,133.1380154722297,130.41822199233602,133.1292467815822,13716700
2021-04-21,132.07632446289062,132.13774541732576,128.78626043456,129.66361084211482,12236700
2021-04-22,129.29515075683594,131.86579491895148,129.19864165749425,131.80437395241248,15256100
2021-04-23,131.76927185058594,132.5939834507485,128.69854514454585,129.1284383155156,14041900
2021-04-26,132.0939178466797,133.7608921913555,131.93600114826583,132.28693606961383,10799100
2021-04-27,132.6992950439453,132.98005369738482,131.69911576885852,132.04128201066953,12821200
2021-04-28,133.55906677246094,134.13812133234876,132.83086422968807,133.7345342001312,8943700
2021-04-29,136.1560516357422,136.2350099825177,134.4101189956228,134.70841500831395,12976900
2021-04-30,134.94528198242188,135.54188730026488,134.2433988856152,135.19972113132627,11705100
2021-05-03,134.5504608154297,136.41043942007755,134.34867396747194,135.85771775938417,11801100
2021-05-04,136.4104461669922,136.55082545395166,133.480098835068,134.12056092427528,12977700
2021-05-05,138.20028686523438,138.86706858191752,135.66474386208077,136.86671004455872,10506700
2021-05-06,140.98146057128906,141.09552042555404,137.88441423263083,138.682806437872,13542400
2021-05-07,141.46401977539062,141.6921261187515,137.76159906216986,137.9370665099327,14257800
2021-05-10,141.44647216796875,143.64861746920158,141.35873174847708,141.69212927777525,14014300
2021-05-11,139.09518432617188,142.4729901247308,138.65650894388165,141.3236627651,15451700
2021-05-12,138.1388397216797,141.06041862373695,137.7703541016869,140.03392009933415,14381700
2021-05-13,141.69210815429688,142.5255884659785,138.34062276152034,138.77929801896397,15395000
2021-05-14,143.89425659179688,144.28029296961097,142.12201814791476,142.4729530073966,10584000
2021-05-17,144.4733123779297,144.63124243714424,143.0344580222188,143.33275399402677,9886800
2021-05-18,142.43783569335938,145.20148396064954,142.34132661867886,144.48205024261227,11098100
2021-05-19,141.3499298095703,141.4113373789219,139.18287315353857,141.25342072575614,13278900
2021-05-20,141.10430908203125,142.00797919614772,139.9549818526584,141.10430908203125,10426000
2021-05-21,142.7098388671875,143.201153016663,141.20079490105186,141.55172975430392,10249000
2021-05-24,143.48193359375,144.0873077440605,142.2360971540763,143.32401688704803,9440300
2021-05-25,141.9991912841797,145.3769828553027,141.7447521288418,143.7538923769107,12609100
2021-05-26,141.9816436767578,143.65738647047058,141.52541763407373,143.50823848075424,13058300
2021-05-27,144.19256591796875,144.54350077737655,142.63088303518253,143.8416176712542,15707500
2021-05-28,144.09605407714844,144.71019676306028,143.23624092956538,144.48207706021694,10291300
2021-06-01,145.68408203125,146.43860414605135,145.18398572138113,145.52615194859865,9445400
2021-06-02,145.6928253173828,146.90357331981969,145.22783061242217,146.74564326470306,10498600
2021-06-03,145.7893524169922,146.73689270280568,144.46455778661007,145.12257075837152,13354400
2021-06-04,146.02622985839844,146.22801673945722,144.789162351524,145.82444297733966,8510800
2021-06-07,145.3419189453125,146.6053060845933,144.88569283672572,146.51756566041192,7267200
2021-06-08,144.7628631591797,145.42964486096648,143.14854111023755,144.3154191288462,10370700
2021-06-09,142.95550537109375,144.0785130403404,142.37645077645823,144.00832338759906,12377400
2021-06-10,140.72702026367188,144.97340702152871,140.64806192858512,144.20133426786262,12119400
2021-06-11,140.6305694580078,141.42896198762048,139.5514316026212,140.75339804815496,13683800
2021-06-14,138.24415588378906,140.6656389903827,137.44576353580487,140.50770890337157,19917900
2021-06-15,136.14727783203125,137.67387289897405,135.2260702890703,137.48085467025797,24485500
2021-06-16,137.1035919189453,138.28800728215856,134.33116060962737,135.75246440040678,25321200
2021-06-17,133.146728515625,138.14763788130867,132.69928450795481,137.83179111492137,29722400
2021-06-18,129.7776641845703,131.33934676088225,129.46181751816428,130.98841197034406,43595700
2021-06-21,131.9798126220703,132.65537617020277,130.74275874764393,130.79539762902746,18664800
2021-06-22,131.786865234375,132.45364700106543,130.42696886153223,132.12903149965578,14251200
2021-06-23,132.58523559570312,133.392396645984,131.68156543140447,131.77807454542227,12733300
2021-06-24,133.80474853515625,134.33993299003947,132.67297203866372,133.2871148424701,13733200
2021-06-25,135.1558380126953,135.55064303338975,133.06773968073517,133.87490047937646,15484900
2021-06-28,135.40150451660156,135.53310173691733,133.46255401767664,134.84876941666292,14125800
2021-06-29,135.23483276367188,137.13868212552998,134.76983797603094,135.9893548810851,14528700
2021-06-30,136.46310424804688,136.9368810613514,134.85756445659138,134.89265258961402,12531000
2021-07-01,137.8142547607422,137.8668936627582,136.3578493308533,137.09482073369716,10479400
2021-07-02,137.681884765625,137.93779019006493,136.8788916212101,137.61129063007104,11424000
2021-07-06,135.36996459960938,137.46126339014685,134.43461600070995,137.46126339014685,15083400
2021-07-07,135.52879333496094,136.13765589444844,133.7286902353244,134.13458963201415,12271800
2021-07-08,133.19041442871094,134.59343727062452,132.39624064812526,133.78162505773517,17834600
2021-07-09,137.4524688720703,137.78777419745526,134.63758988861548,135.05232203464234,13694500
2021-07-12,139.42018127441406,140.4437757101753,135.83761421370002,136.19940399151307,19940400
2021-07-13,137.34654235839844,138.88193424752143,135.44937410042743,137.69951297544227,22671700
2021-07-14,136.8788604736328,138.78486130650447,134.96404042499427,137.61125931583214,14622800
2021-07-15,137.1789093017578,138.12307717875615,135.62586537031598,135.80234396312886,11539300
2021-07-16,134.04635620117188,137.90246776693053,133.26101506281606,137.6201047273012,14002700
2021-07-19,129.68724060058594,132.20210366236637,128.57541363313518,131.08144401564647,22172900
2021-07-20,132.10507202148438,133.34925484973104,129.12253399160963,129.29019336693918,15385200
2021-07-21,134.88462829589844,135.5817233523606,133.56101883864355,134.16988134329307,12356700
2021-07-22,133.18157958984375,135.39642807320627,132.33447706162258,134.90228268766862,9913300
2021-07-23,132.9257049560547,134.8669964220075,132.581566984656,133.6669231306897,9666100
2021-07-26,133.8169403076172,134.09049763269448,132.5109824579729,132.528634358016,8208000
2021-07-27,133.6404266357422,134.5581366948297,132.1844616788865,132.71389736117442,11218700
2021-07-28,133.86102294921875,134.8052040821422,133.13745683915408,134.38163939559402,9217300
2021-07-29,135.00816345214844,135.77585262197732,134.0463438198074,135.13169979516056,9063500
2021-07-30,133.931640625,135.59938816137955,133.4198433037231,134.6375684289838,9805200
2021-08-02,133.39337158203125,136.28766344718284,133.305139022218,134.15224161158034,10203200
2021-08-03,134.9111328125,135.29057461904614,131.93742713752215,134.0816685262622,10394800
2021-08-04,133.4551544189453,135.3346709744882,133.1639586789139,133.46397363611462,10155000
2021-08-05,135.1405487060547,135.61705575127223,134.1346058449287,134.37285936753747,9151500
2021-08-06,138.97900390625,139.26138040886985,136.87005321094915,136.94064733660412,13328800
2021-08-09,138.82901000976562,139.9055469684494,137.56716177006567,138.99666939152928,9516900
2021-08-10,140.5320587158203,141.16739249274676,137.92896215270906,138.3084039610328,8667000
2021-08-11,142.20860290527344,142.5086178165768,140.373196180818,141.18500836317205,9156500
2021-08-12,142.7644805908203,143.27627775744608,141.67030561650557,142.84390737480194,8844200
2021-08-13,141.1673583984375,143.0910111652187,140.80558204254052,142.7645116730848,8980900
2021-08-16,140.24081420898438,140.32906021684465,138.34364622004216,140.24964688844065,8755800
2021-08-17,138.54661560058594,140.17907272720126,137.01123717510467,139.0407744647082,9347200
2021-08-18,137.28477478027344,139.42901564212022,137.07299241951196,137.92892761396854,8065500
2021-08-19,136.13763427734375,137.26711319275807,135.0169745771691,135.14934359246888,9517700
2021-08-20,136.52587890625,136.68470554833792,135.14932748369148,136.19939294343652,6974100
2021-08-23,138.2730712890625,138.61720922433867,136.98476556806037,137.06417890748125,7934600
2021-08-24,139.12901306152344,139.90553498869335,138.4230852608647,138.53780239950194,7670900
2021-08-25,141.996826171875,142.75569616047386,139.24372270833126,139.87022366767383,11335000
2021-08-26,142.72921752929688,144.5646242297973,142.1997683690645,143.17923989037837,11027500
2021-08-27,143.8763427734375,143.97340800020234,142.29682803466864,142.7292119474304,8780200
2021-08-30,141.57330322265625,144.26464578252833,141.07915772926103,144.0175730358307,7937600
2021-08-31,141.14089965820312,142.39391511867103,140.61146390185988,141.57328363733515,12340800
2021-09-01,140.9379425048828,141.85563917935198,140.27613774611248,141.37914567739637,8729900
2021-09-02,141.59097290039062,142.60573513284578,140.68208168979936,141.20271183127355,8813300
2021-09-03,140.7349853515625,141.97034878330086,140.43495697718183,141.52914563418693,7959700
2021-09-07,140.48797607421875,142.40279698989008,140.2673744000936,141.17625222033257,9285600
2021-09-08,139.8614044189453,140.81440487866988,139.45549157955347,140.20554235180816,7852700
2021-09-09,140.4702911376953,141.9174372410717,139.4908193963308,139.6584787835529,7904300
2021-09-10,138.85545349121094,141.8203391462153,138.73191714993789,141.6791509092029,8311600
2021-09-13,141.0614776611328,141.22913701958183,139.481976241257,139.887875616442,10052800
2021-09-14,138.59957885742188,142.3674444678126,137.88481836768284,141.58210331522693,11685600
2021-09-15,139.5613555908203,140.02902975867235,138.07008708921902,138.29068861988313,11691500
2021-09-16,139.49960327148438,141.93505318133947,138.73191412917842,140.66438600479788,10880900
2021-09-17,139.1378173828125,140.31141936457183,138.53778756838295,138.8731062673003,25581600
2021-09-20,134.97286987304688,136.3847118356804,132.7933252946273,135.79350124661838,15819900
2021-09-21,134.99050903320312,136.3758933566516,134.63755190675133,135.47583518041282,8999900
2021-09-22,137.5759735107422,138.75839475605022,136.8612265410329,136.94945909495695,11236200
2021-09-23,142.2262725830078,142.693960413254,139.12903062880142,139.42022638825827,12336100
2021-09-24,143.86752319335938,144.3528493713746,141.90859351342442,142.45568113348585,10102400
2021-09-27,147.34423828125,147.7148474072901,145.2529391184325,145.59707712578796,13220900
2021-09-28,146.55006408691406,149.3914139186296,146.1794549955321,147.97955822002362,13387900
2021-09-29,146.43536376953125,147.2736472962202,145.632370580359,146.66479808898353,7777100
2021-09-30,144.44113159179688,147.3530759252506,143.64695761115192,147.29130100326972,13161200
2021-10-01,147.4766082763672,148.50902230499477,144.36171428976408,144.7146715174392,11285000
2021-10-04,147.3177032470703,150.39730554099538,146.24116667277897,147.33535514001994,14120000
2021-10-05,149.7234649658203,151.03729209525454,147.95689013320944,148.4362684606215,12292900
2021-10-06,150.04302978515625,150.11404929063713,147.36210102199217,149.12867566366666,8692600
2021-10-07,150.99290466308594,152.25347055621103,150.50465397141386,151.9782784060651,10195400
2021-10-08,151.10833740234375,152.10258366508177,150.29163318001045,150.930795361939,8190100
2021-10-11,147.93031311035156,152.05822390960523,147.77052930704255,151.62324785909158,12154700
2021-10-12,146.7939910888672,147.97466523143729,146.27023735853876,147.14020278889987,13032600
2021-10-13,142.9235076904297,146.83837223897822,142.56842364856442,145.64882579858283,22753500
2021-10-14,145.11624145507812,145.59560644871246,142.08909940394872,143.58935511151228,15176800
2021-10-15,147.9036407470703,148.4007638334521,145.71096220524572,146.78511380271135,14267400
2021-10-18,147.85040283203125,149.6791117079863,147.28226013711716,147.7882556636297,12672900
2021-10-19,149.64358520507812,149.71459117839504,147.8770102294829,148.60493659348077,8053900
2021-10-20,151.65867614746094,151.68530676822732,148.65817999457113,149.4038644672004,8185600
2021-10-21,150.46914672851562,152.0936825045063,149.74120689142813,151.58767356229862,8415200
2021-10-22,152.49314880371094,152.7683409341531,150.6466822127865,150.93963260681446,8817900
2021-10-25,151.7474822998047,153.54068785849694,151.33912346235658,153.31875694687224,10159200
2021-10-26,152.1558380126953,153.12346714829795,151.39239508259521,151.8007539480115,8015100
2021-10-27,148.98667907714844,151.53444191342504,148.551689561808,151.1971160983183,9847000
2021-10-28,151.2326202392578,151.36577338497253,149.1020886342849,149.4039114616313,7212900
2021-10-29,150.8153839111328,152.9015400943602,150.37152204624095,151.96054156249457,8140100
2021-11-01,150.73545837402344,152.98139782531302,150.0341491985348,152.7239504156221,7435500
2021-11-02,151.3302459716797,152.413269867337,149.95427165713926,150.73547277416088,7173800
2021-11-03,151.3834991455078,151.91613870516917,150.1584362856387,151.0284151361247,8402700
2021-11-04,149.39500427246094,151.09055966282864,147.79711256915726,150.91301764530465,9574200
2021-11-05,149.18197631835938,150.992926777002,148.61383367000195,149.93653336546495,7975600
2021-11-08,150.07855224609375,151.72971871249374,149.7944877328828,150.06967988635157,6413700
2021-11-09,148.94227600097656,149.5548074994686,147.89476857414357,148.5605613254457,7990300
2021-11-10,148.8002166748047,149.98089061827108,148.32972427834792,148.64930529722292,6999200
2021-11-11,148.79136657714844,149.74122387123737,148.16107680416025,148.71147469687327,5815300
2021-11-12,148.12559509277344,148.9067963781285,147.11359049383185,148.82689094078785,8113400
2021-11-15,147.8592529296875,148.95114925561447,147.3621298396911,148.43628144496697,6492500
2021-11-16,146.7939910888672,148.31200457091123,146.58093252515914,148.30311866476382,9706100
2021-11-17,146.00390625,146.97152175403755,145.04516310583514,146.66082661144287,9909600
2021-11-18,144.7433624267578,146.34126791104748,144.30837290599322,145.93290901955524,8122500
2021-11-19,142.85247802734375,143.90887126341005,141.5475232705074,143.189817325069,12193600
2021-11-22,145.8973846435547,147.34436495575113,144.69007995967803,145.72871498582677,14549900
2021-11-23,149.3861541748047,149.63471574549772,146.80287476625622,146.91828319036003,12354400
2021-11-24,148.21434020996094,150.41589097481364,147.75272013898643,149.54592562787454,9629800
2021-11-26,143.7490692138672,144.38823125913544,140.9882619528493,143.9354971210648,13619300
2021-11-29,143.127685546875,146.2791073290915,141.8760054491083,144.97415243207675,12104400
2021-11-30,140.9971923828125,142.59509815409308,140.51781387863227,141.29014290301328,18922600
2021-12-01,140.16268920898438,144.93864687094828,140.0827973299137,142.9235103545511,12253400
2021-12-02,143.10992431640625,144.92087445985865,140.97050723729842,141.8848614412083,12969900
2021-12-03,140.5177764892578,143.6603259275297,139.54128856067402,143.367375485278,12681800
2021-12-06,142.1778106689453,144.35273071316283,141.55640687710985,142.93236757846455,11186500
2021-12-07,144.31729125976562,145.04521786618636,143.06559722018702,143.7047595576062,9851600
2021-12-08,142.66607666015625,144.9386470831941,142.1866982938537,144.39713510383055,11705700
2021-12-09,142.4441375732422,142.86135521137777,140.83734644784752,141.72507006503054,11189600
2021-12-10,141.8759765625,143.54488753492038,141.2634451789516,143.20756181522762,10405400
2021-12-13,140.18930053710938,141.84933923091603,139.62115801039147,141.5919053630412,12069000
2021-12-14,141.2634735107422,142.82586231088433,139.6389375511274,139.77209068487107,12563600
2021-12-15,140.2070770263672,141.90263246789226,139.68332331791328,141.90263246789226,14014200
2021-12-16,142.39976501464844,143.65145870937027,140.88175149511085,142.38200674750365,19542800
2021-12-17,139.1595458984375,141.48539092871525,137.75694099263876,141.43212968030053,28082000
2021-12-20,136.65618896484375,137.3308541025031,134.7919637708849,137.1621844316911,15148000
2021-12-21,138.56475830078125,139.53237366789037,137.67703479798337,137.9611128207598,11291300
2021-12-22,139.1062774658203,139.4258584853909,137.81020866937416,138.26294280310483,7273000
2021-12-23,139.6033935546875,141.25455981622252,139.559018215895,139.91410219974924,8055200
2021-12-27,140.4023895263672,140.43789251579588,138.7867258227818,139.9052664008299,6188100
2021-12-28,140.8284912109375,142.16894915945403,140.33136809216552,140.43789060459122,6342300
2021-12-29,140.7574462890625,141.7073170054263,140.3934763764977,141.01489370842265,6398900
2021-12-30,140.68643188476562,142.2488340849387,140.5887817472548,141.24570208556275,6948200
2021-12-31,140.57102966308594,141.40547842240093,140.2248180201573,140.6597938907987,5805900
2022-01-03,143.544921875,144.37938433363047,141.60080477363516,141.91151349183633,13120900
2022-01-04,148.98667907714844,149.65247189183447,145.79086814841963,145.86188767412355,20195800
2022-01-05,146.2628936767578,150.35304098319185,146.21823870608205,149.8708027295316,17539400
2022-01-06,147.81675720214844,149.46888166120178,146.3432253244855,149.05808874508742,14047500
2022-01-07,149.28140258789062,149.61182487093907,147.4060026733894,147.95076065794186,13913300
2022-01-10,149.4242706298828,151.20142115770875,147.82571271966276,150.98709911515533,12922500
2022-01-11,149.5760498046875,150.49588468234035,148.5222500566278,150.26368435768026,11854100
2022-01-12,150.42446899414062,151.45146506821953,149.29922381974978,150.442333705723,12568000
2022-01-13,150.2368927001953,151.64790483588317,149.93326079963424,150.33512815352736,13623400
2022-01-14,141.00283813476562,143.80699816639134,140.11871890717197,143.5658722630873,40158400
2022-01-18,135.0908966064453,139.11852392455683,134.4389640627138,139.11852392455683,32324800
2022-01-19,133.0011444091797,135.948194728272,132.6617966797485,135.3587955658784,22380000
2022-01-20,131.8669891357422,134.50146838453384,131.59907298928616,133.054740271165,14860800
2022-01-21,129.56297302246094,131.73306587828853,128.83960873718507,131.7241403337392,20705400
2022-01-24,129.44686889648438,129.92018165221654,124.6422961045713,127.06244040247945,28471400
2022-01-25,130.8578338623047,131.1436146963741,125.7317525721211,128.2858608628007,18915900
2022-01-26,132.09921264648438,134.46579003460585,130.34885210555237,132.8136513603849,20709100
2022-01-27,129.768310546875,134.2960532760623,128.7145244442906,133.43872445171925,17536800
2022-01-28,130.92929077148438,131.06324203268753,126.96416991849439,128.7681241211247,14117000
2022-01-31,132.7064666748047,132.8761337453502,129.19679342056898,130.063047992457,13985700
2022-02-01,134.98370361328125,135.26948446376548,132.43853434421334,132.78682123900288,14584900
2022-02-02,133.90313720703125,134.79618199179012,132.23314782010237,134.4032401062111,12441100
2022-02-03,132.79576110839844,135.43024058418234,132.42960946425285,133.9567220918846,12474900
2022-02-04,136.242919921875,137.0823842598427,132.85828594147185,133.15299237672326,16654400
2022-02-07,136.69837951660156,137.18954327472105,134.7158188915654,136.87698575835253,12572300
2022-02-08,139.27035522460938,141.52975782547924,138.2433589975901,138.42196525966506,20411400
2022-02-09,139.850830078125,140.59204531797832,139.154256179702,139.84189090841247,9131100
2022-02-10,139.27035522460938,142.02093526627363,138.6184362359828,139.90442312577747,16455600
2022-02-11,137.45745849609375,141.27076373285513,136.60906863358164,138.96670643795582,16830000
2022-02-14,136.18043518066406,137.24314727031302,134.242529191137,136.394757256728,17026500
2022-02-15,138.17190551757812,139.26142136600333,137.39496082920968,137.98436009618737,9500000
2022-02-16,138.42196655273438,139.4043214434998,137.29673482704487,137.29673482704487,9076500
2022-02-17,135.23374938964844,137.28775487958325,134.55504033829814,136.63583607849807,11367500
2022-02-18,135.8678436279297,137.65393333705288,134.96587323046438,135.85891808502598,11733300
2022-02-22,135.626708984375,136.8501896226984,134.32287121151697,134.49255190326284,11333500
2022-02-23,132.78683471679688,136.90377182783305,132.14384136472486,136.74301667642388,11799000
2022-02-24,129.0896453857422,129.4825873292277,124.8298173191874,127.65184252532512,25655100
2022-02-25,132.14382934570312,134.0728092264706,129.41111466133975,129.71474659809545,18367700
2022-02-28,126.63371276855469,129.5450329316089,125.81211346413653,128.19654064285368,31315300
2022-03-01,121.85595703125,125.45492639049641,119.29292288319827,125.06198450854104,36840400
2022-03-02,124.38330078125,125.06201004434861,121.99887237628165,122.60613640745652,19405600
2022-03-03,123.49919128417969,125.90148459674617,122.40074971205689,124.88341380694769,16640800
2022-03-04,120.02523803710938,120.93614771836491,118.23914810425485,120.50748994997956,21016000
2022-03-07,115.39032745361328,118.49811961886832,115.15812707873793,118.03373249590018,27560100
2022-03-08,114.57764434814453,117.6943618098846,113.65780253080845,115.77432104478272,19207800
2022-03-09,119.16790008544922,120.7753834480156,118.27485528699926,118.6856482632882,17536200
2022-03-10,117.75689697265625,119.17683504395328,116.38161387016636,117.75689697265625,15604200
2022-03-11,115.10455322265625,119.73945829730503,114.68482104188722,118.3195202185928,20061800
2022-03-14,116.24763488769531,118.70350798009756,115.40817063218913,115.6135807384728,15786900
2022-03-15,118.31058502197266,119.26614960974989,117.10498257809587,117.70332102833702,15096600
2022-03-16,123.5973892211914,123.67777360587253,120.05200043706434,120.44494231139302,20354900
2022-03-17,125.16020202636719,125.19593144330103,121.3826269790183,122.2220911288247,17050500
2022-03-18,125.11558532714844,125.78536894533065,123.65099236046133,125.19595609090248,23656500
2022-03-21,124.71368408203125,125.70496422166993,123.89208461183765,125.33882625930892,12676100
2022-03-22,127.36602020263672,128.53590648244034,126.56228548992907,127.05346275959688,13548600
2022-03-23,124.829833984375,126.4462433185039,124.31186622851955,125.90148530172368,12093200
2022-03-24,125.64247131347656,125.6603360244383,124.23145893670015,125.29418439702289,10017600
2022-03-25,126.74090576171875,127.86613720979891,125.74070003009193,125.9996770046092,8383500
2022-03-28,125.80321502685547,125.8925249564406,123.15087091420524,125.02627042123662,10818100
2022-03-29,126.0800552368164,128.24123559148097,125.24060459186248,128.01797439694622,11316500
2022-03-30,125.50850677490234,126.91951915565257,124.94589783245077,126.72304821486571,8771000
2022-03-31,121.73989868164062,125.33886887470908,121.68630453613557,124.87448166782717,17353900
2022-04-01,120.83790588378906,122.71330566555402,119.48941296091346,122.70436649521675,15721300
2022-04-04,121.37373352050781,122.29356866138258,118.67673415386987,119.77517554628453,17416400
2022-04-05,119.96125030517578,121.81455681141192,119.66435939964433,120.61801521489215,12110300
2022-04-06,118.29686737060547,119.2595010626264,117.82004637523085,118.37783386541516,12914700
2022-04-07,117.93698120117188,118.68370416311113,115.81377305872617,117.81102875745843,12994200
2022-04-08,120.09619140625,120.46504333323581,118.29686282037471,118.45879580376541,13126900
2022-04-11,119.65534973144531,121.36470637935095,119.26850067879445,119.65534973144531,10466400
2022-04-12,118.34185028076172,121.07683777078546,117.58613547211941,118.8816544171002,12989900
2022-04-13,114.52726745605469,116.28161008508843,113.3666996922732,114.2033877608648,30838000
2022-04-14,113.46568298339844,115.42695176030934,112.47604659659865,113.80755300363244,18835200
2022-04-18,115.57088470458984,116.27262177667819,112.94385967096716,113.06081356168386,11834400
2022-04-19,117.96398162841797,118.14392547523254,115.36395228428981,115.56187953355533,15015400
2022-04-20,118.3778305053711,120.11417601890581,118.16190613088588,119.22351714570341,13430200
2022-04-21,117.4601821899414,119.48442709549727,116.92039178513346,118.95362839270985,12174200
2022-04-22,114.08643341064453,117.42419417133756,113.97847808212015,117.20826978650032,14318800
2022-04-25,114.05044555664062,114.36533356729424,110.75767763583706,113.36670559907569,17149000
2022-04-26,110.67670440673828,113.72657284294047,110.54176024646341,112.13416311275483,17209500
2022-04-27,109.23725128173828,111.16253257473028,109.05732114485659,110.05594919150788,17215200
2022-04-28,110.964599609375,111.24350023028722,108.98534074970415,110.48777859361121,13015600
2022-04-29,107.38392639160156,111.20749948837253,106.97008165655947,110.70368970030277,14874800
2022-05-02,108.36459350585938,108.59850821334896,106.35834538085184,107.85178498121796,18545000
2022-05-03,110.68571472167969,111.71133163200636,108.66146973594628,109.33621806452409,15720900
2022-05-04,114.34735107421875,114.6172531567878,110.42481349388046,110.47879802873133,17128500
2022-05-05,111.48640441894531,113.44767297323389,109.9030001075869,112.68295964978665,15055400
2022-05-06,111.30647277832031,111.81928117542357,109.02132454059345,111.37844757255442,14417900
2022-05-09,109.63311004638672,110.95561788152929,108.40956584951297,109.85802615810769,14312300
2022-05-10,106.96111297607422,111.36047187803634,105.764557531208,110.7576983040585,16382400
2022-05-11,106.2863540649414,110.5597600613588,106.10642392643965,107.32996808715706,14630300
2022-05-12,106.19637298583984,106.4482778873238,103.79427099311165,105.26072130611821,16318800
2022-05-13,107.14102935791016,108.18464334933826,106.12441106396625,107.42892855325138,10443200
2022-05-16,106.39433288574219,107.4739276131808,105.4676794863098,106.64623786455148,10269000
2022-05-17,109.9209976196289,110.63173332545871,108.68845490994003,108.89538074384784,11160200
2022-05-18,108.04069519042969,109.73206866611008,107.5368853196626,109.12929516160023,12664900
2022-05-19,106.43929290771484,107.64484677226233,105.82752084150299,106.33133757266812,12765800
2022-05-20,105.56661987304688,107.66283962146207,103.47939869073286,107.47391091670589,13150100
2022-05-23,112.09819030761719,113.87053039147749,108.364581427024,108.37357999351177,24376700
2022-05-24,113.68158721923828,114.69820545840763,110.75767809706423,111.88225852866964,19324900
2022-05-25,114.4732894897461,115.03108385539763,112.61098456764918,113.60961254105274,12780400
2022-05-26,116.45257568359375,117.12732406211168,115.34599218660581,115.48992807423521,15990900
2022-05-27,118.09896087646484,118.09896087646484,116.1826711291145,117.1003327482698,11177800
2022-05-31,118.9626235961914,119.79031322349003,116.69547911924765,117.11830877128729,17015000
2022-06-01,116.87539672851562,119.5383954651262,115.75980801422358,119.5383954651262,10768000
2022-06-02,118.75569152832031,118.76468322961414,115.75980766288491,116.86639094470901,8374800
2022-06-03,117.10030364990234,118.54876366099852,116.94736237267942,118.04495387066719,8596000
2022-06-06,116.71347045898438,119.10658129736305,116.4705709306623,117.93701471465394,11323500
2022-06-07,117.01934814453125,117.24426423116766,115.71482385980927,115.90375941281079,6722200
2022-06-08,115.15705108642578,116.46156181020615,114.16742155143083,116.05671554803848,8422100
2022-06-09,112.7369384765625,115.24700972232138,112.70095107858411,114.59025172103082,13560100
2022-06-10,107.55486297607422,111.01856893819715,107.34793718010982,110.28983623405601,12945200
2022-06-13,104.35208129882812,106.11542285909559,103.51539305638484,105.13479186882194,16805600
2022-06-14,102.61571502685547,105.5486227715406,101.86000025675558,103.9562198694619,13357900
2022-06-15,103.83026885986328,105.21574595775589,101.81501571695783,104.01919755503046,14083500
2022-06-16,102.04891967773438,102.79564267836729,100.6454455956918,102.43577559315557,16724900
2022-06-17,101.68907165527344,103.12853340206972,100.9063679768972,102.14790244652868,30919900
2022-06-21,104.20812225341797,105.28771671693652,103.49738660044214,104.24410965072114,11680500
2022-06-22,103.62332916259766,104.54098368255919,102.91259357750003,103.35342714054768,9842700
2022-06-23,102.48976135253906,103.62334035817103,100.29458500067808,103.47039906563577,11851500
2022-06-24,105.54862213134766,105.99845431002949,101.50913108867529,101.8689982043996,14841100
2022-06-27,104.70294952392578,106.61024068911306,104.03719973180849,106.21438612217534,11280500
2022-06-28,104.19914245605469,107.32097937948275,104.00121516718443,105.86352041371619,11590900
2022-06-29,103.73130798339844,105.09879485020168,103.21849955036039,104.36107031734178,9338400
2022-06-30,101.31121063232422,102.63371842464491,99.79977413594268,101.8150205098198,15172600
2022-07-01,102.6067123413086,102.93958372702629,100.00668316019895,101.34718099541236,10573600
2022-07-05,102.21644592285156,102.29812862202492,99.20313957412496,100.53733879955958,12514200
2022-07-06,101.55388641357422,102.55226983215822,100.55550299499022,101.40867040658897,10656200
2022-07-07,104.12244415283203,104.28581646388267,102.92438284666386,103.01514370288989,10347400
2022-07-08,103.79571533203125,104.966549252034,103.11499841979317,104.52181614159608,8807800
2022-07-11,102.43427276611328,103.67771804588263,101.85339493787605,103.06053448780433,7939500
2022-07-12,102.53411865234375,104.53996361915219,101.88970748492108,102.18014641847229,11250900
2022-07-13,101.5720443725586,102.08938895660343,100.18337603417554,101.42682143863202,12979900
2022-07-14,98.02322387695312,98.23198008574157,96.26243412106608,98.01414571362936,26204800
2022-07-15,102.51596069335938,103.36004991253749,97.72371490368113,99.07607744194745,18863900
2022-07-18,101.46312713623047,105.13899436116151,101.00931585478635,104.1678384958555,13977900
2022-07-19,103.97724914550781,104.32215018617427,102.2618428814511,102.67934847181616,11862300
2022-07-20,103.95907592773438,104.14059764732086,102.99699834962846,103.55971983511242,11667500
2022-07-21,104.66703033447266,104.85763023564225,102.89716916317614,103.86832499748431,11595900
2022-07-22,104.15876007080078,105.51111565732424,103.16944794470042,104.59441499315257,7645500
2022-07-25,104.57626342773438,105.70171336591828,104.16782915628804,105.13898493452133,9394000
2022-07-26,102.94254302978516,104.903010967723,102.58857080620362,103.99538846118368,10675100
2022-07-27,104.59442901611328,105.04824032709473,102.83364583824078,103.47805706888111,9337400
2022-07-28,104.20413970947266,105.26606332469507,103.04238398730452,104.60349583569682,10384800
2022-07-29,104.70332336425781,105.73801237342818,104.18597885967264,104.9120726439519,12944500
2022-08-01,103.6595687866211,104.47643045221751,102.62487965173575,103.92278015245829,14740400
2022-08-02,102.04399871826172,103.83201616462607,101.89877579335833,103.39635431452609,14942900
2022-08-03,103.114990234375,103.55972330950938,101.39050614200849,102.96976731414584,14394500
2022-08-04,101.98046112060547,102.85177785946334,100.76424341194704,102.42519419130576,18033900
2022-08-05,105.06637573242188,105.45665365912308,101.69909730651602,102.1347522005115,14174600
2022-08-08,103.78662109375,105.9195323701738,103.63232694611212,105.5111050559301,10332500
2022-08-09,104.72149658203125,105.27514694043491,103.80480271122812,104.14969681785206,10233800
2022-08-10,107.45342254638672,108.34289560451963,106.64563911049727,107.06314461138093,12847300
2022-08-11,109.04176330566406,110.00384091075784,108.28843499148952,108.8239358511279,11684900
2022-08-12,110.8479232788086,110.95684046169175,108.4064236861774,109.52279538113947,9906700
2022-08-15,111.14744567871094,111.38342945732497,109.45926734826024,109.94938430786945,8456200
2022-08-16,112.20935821533203,112.76300845005787,110.61194772870266,110.99314748633401,9555000
2022-08-17,111.26544952392578,111.78280104571164,110.44859473599418,111.00224506757232,8149300
2022-08-18,110.40319061279297,111.15651888328534,109.4138854988238,110.94776267986101,9531800
2022-08-19,107.6712646484375,109.81325450067376,107.1993039515802,109.47743857634038,13464500
2022-08-22,105.8923110961914,106.33705108878003,104.83039447638889,105.96492255513769,8967600
2022-08-23,104.8485336303711,106.45502911063355,104.72146705194017,105.91045707098544,7607000
2022-08-24,105.1026840209961,105.65633427758321,103.87738815584142,104.63979462581788,9771300
2022-08-25,107.59864807128906,107.77109163423097,104.99376905362855,105.42943089206129,10758900
2022-08-26,104.07707214355469,108.9056236468533,104.01353884448274,108.42458482179282,11276200
2022-08-29,103.82294464111328,104.24952835453824,102.97885537880298,103.46897239478419,8117300
2022-08-30,103.84109497070312,104.90301164833747,102.88808856280961,104.37658892922275,10745400
2022-08-31,103.22390747070312,104.40381253734783,102.86992833363875,103.90462432920928,10738300
2022-09-01,103.93185424804688,104.0407645161226,101.57203713673447,102.82455369187618,9979800
2022-09-02,103.20574951171875,106.60025558691288,102.73378887744438,105.16621735703507,10666600
2022-09-06,103.23297882080078,104.14967946346587,101.71725094280313,103.7684796841988,9751900
2022-09-07,105.1934585571289,105.38405846824777,102.34352420582832,102.67934012915696,10647900
2022-09-08,107.64403533935547,107.81648584340637,104.04077263111942,104.63072868611559,11435000
2022-09-09,108.16136932373047,108.96008153820604,107.70755808354569,108.13414175725697,9299700
2022-09-12,109.44112396240234,110.32151890539954,108.72410134825628,109.4774296937704,8614600
2022-09-13,105.63818359375,107.93446744065152,105.08453330758677,107.16298969054854,12904600
2022-09-14,105.39314270019531,106.95424781322068,104.26768564887853,105.9195585649474,9345700
2022-09-15,106.9814682006836,108.35197321088188,105.06638414248548,105.39312880144128,10821400
2022-09-16,106.26443481445312,106.55487371246717,104.71240130400847,106.54579554935779,14844100
2022-09-19,107.24467468261719,107.76201921499737,104.8394737453862,105.28420681805444,8201300
2022-09-20,105.1299057006836,106.81808394188472,104.04983281394483,106.5639507743249,9619000
2022-09-21,102.09846496582031,105.82879442883322,102.03493166041227,105.77433928837232,12606300
2022-09-22,100.93669128417969,103.10590837390453,100.80962469584004,102.90623032805375,11684500
2022-09-23,99.05791473388672,100.14705891608078,97.26082614080553,99.88385449632825,18138600
2022-09-26,96.92501831054688,99.48451376623828,96.26245076554312,98.02324082588356,15753600
2022-09-27,96.07183837890625,98.17752226112906,94.98269416984998,97.79632248042036,12793600
2022-09-28,98.01416015625,98.68580584898338,95.88124848511528,96.16260926812394,12762600
2022-09-29,96.35321807861328,97.36975095399661,94.75580037136835,97.07023383552365,12713900
2022-09-30,94.84656524658203,97.67835035733043,94.7558043681104,96.26245433965065,15973400
2022-10-03,97.77819061279297,98.34999038640053,94.81026068525013,95.86310627748011,12248100
2022-10-04,102.35259246826172,102.5522705382755,99.71141443432558,100.39213135049404,16013600
2022-10-05,101.08885192871094,101.60166568533853,99.66029532864067,100.5027770678327,10943500
2022-10-06,99.02845001220703,100.90572600519454,98.84530420211476,100.23723052388458,11521400
2022-10-07,97.0504379272461,98.6346692694972,96.40025430458641,98.46067587865328,11681100
2022-10-10,96.14382934570312,98.2683522457863,95.71342913544512,97.73722676068756,8931700
2022-10-11,93.36914825439453,95.73176668930427,93.26841597322337,95.57609206806305,12739700
2022-10-12,94.88011932373047,95.90575385333776,92.74643675976287,93.22262696465911,13181000
2022-10-13,100.15482330322266,100.64016601839472,93.1860178965592,93.38748249226805,22398700
2022-10-14,101.82147979736328,105.53023524320372,101.39107941290625,102.52659892601281,33387100
2022-10-17,106.09797668457031,107.1510824539226,104.68773173058194,105.68589515970226,22276300
2022-10-18,108.82688903808594,110.01735767004864,107.10529480386943,109.57780496566174,21539700
2022-10-19,106.6932144165039,108.81773780803796,105.92398669571581,108.04851008724987,17072000
2022-10-20,106.34521484375,108.7078330777111,105.9056621874468,107.28843584963444,12207400
2022-10-21,111.9312515258789,112.07776674873014,106.52836731857221,106.64741137379906,20593300
2022-10-24,112.06863403320312,112.72797015934596,111.1071080047158,111.78475591811141,12624200
2022-10-25,112.36166381835938,112.88363705127985,110.7041712164928,111.58328366211862,11289100
2022-10-26,113.65286254882812,114.65101904999469,112.52649560198506,112.63638727546582,11667000
2022-10-27,114.10157775878906,115.56676517888995,113.74443854346963,114.6510221680063,10727600
2022-10-28,115.4568862915039,115.6400321082591,113.59792900383482,114.73344843816022,11859500
2022-10-31,115.27373504638672,116.69313959840397,115.00816871790636,115.10890101445287,13295200
2022-11-01,117.35246276855469,117.47151383290596,115.68581773328512,116.18031980392584,13386900
2022-11-02,116.27188873291016,119.37625691475094,115.96969186898045,116.89459424650867,16546100
2022-11-03,116.48251342773438,117.37993770627928,115.30121103875088,115.66750267032388,12474400
2022-11-04,119.66927337646484,119.80664319294415,117.6363370292206,118.57955108190967,14953200
2022-11-07,120.30116271972656,121.14364466794778,119.48615194577438,119.96234225498823,12011200
2022-11-08,120.37440490722656,120.933008651379,119.17478390907824,120.18210671759188,9884100
2022-11-09,118.80850982666016,120.35610386313091,118.33231952221442,120.25538554057319,9494000
2022-11-10,123.69857025146484,123.85424488989284,121.36342272878547,121.45500262109827,16351600
2022-11-11,123.90001678466797,124.69670863382392,122.50808366846077,123.79928450705177,10704700
2022-11-14,122.62712860107422,124.2937733248211,122.62712860107422,123.44213918000513,11085600
2022-11-15,121.7388687133789,124.27548057036492,120.51177652698621,123.33225248662279,14038300
2022-11-16,121.90369415283203,122.30662327701408,120.90553771446262,121.793809472829,7893400
2022-11-17,121.37256622314453,121.69308184959206,120.21873511956515,120.87807117107586,8820200
2022-11-18,122.56301879882812,123.32308703557402,121.13446219892091,123.23152113511634,9468500
2022-11-21,121.83963012695312,123.22239726702641,121.56490438456505,122.47149514250617,7800500
2022-11-22,123.66193389892578,123.8725648586524,122.42568917954846,122.70956728607665,9185700
2022-11-23,124.98062133789062,124.99894011338775,123.49712190465033,123.57038303350723,7316200
2022-11-25,125.21869659423828,125.58498818668618,124.59598411932258,124.98059448333143,3220500
2022-11-28,123.03007507324219,125.19122906709268,122.88355284274715,124.60515411824149,9906900
2022-11-29,125.05386352539062,125.12712464315098,123.0850216381753,123.31395739125288,7925300
2022-11-30,126.53736877441406,126.53736877441406,121.96781986765325,124.62346914087333,14761200
2022-12-01,124.76082611083984,126.9769224009966,124.01906257456254,126.53735571880368,8858500
2022-12-02,123.77184295654297,123.94583638434639,122.10518377772178,123.15829674537844,8931900
2022-12-05,120.30116271972656,123.2315517243069,119.59605061598087,122.92935483421716,10154500
2022-12-06,120.50260162353516,123.72602045750442,118.92752275995514,122.1509415939244,13966700
2022-12-07,120.42019653320312,121.8670720542558,119.34877897086182,120.24620313901356,11739400
2022-12-08,121.68392944335938,121.77549535581866,120.35609096797697,121.18026801888281,8907300
2022-12-09,121.02460479736328,122.4897852929503,120.87808255586556,121.06122837117269,7957800
2022-12-12,122.90186309814453,123.30477824439174,120.51177352469429,121.24435668014594,8841600
2022-12-13,122.78280639648438,125.53918742079996,121.86706352118821,125.35604164036621,10025400
2022-12-14,122.16927337646484,124.27548500890414,121.57403206016197,122.5080938050597,9966100
2022-12-15,119.13818359375,120.95135102984295,118.17665053851873,120.09970267585038,12087800
2022-12-16,118.39640045166016,118.95500421288943,117.60886095178166,118.26819699694174,21133700
2022-12-19,119.10152435302734,120.2645217974707,118.21325258477675,118.72606639466815,9017200
2022-12-20,119.67845916748047,120.92387025075503,119.22974005117493,119.93486609876084,8549900
2022-12-21,121.02460479736328,121.7755068320615,120.66746556691888,121.04290959770297,8051700
2022-12-22,119.65100860595703,120.23708368886199,117.59058642764758,120.05393784541647,8648200
2022-12-23,120.2187271118164,120.36524932975423,118.7169093107731,119.57770987474812,5091900
2022-12-27,120.63996887207031,121.0795215304467,119.5502326377995,120.4842942633355,5411000
2022-12-28,121.29932403564453,122.16927709178944,119.9714855059647,120.74072024622446,8827700
2022-12-29,121.99526977539062,122.04105971483582,121.1619403861219,121.729696510485,6585200
2022-12-30,122.8011474609375,123.01176444801733,121.28101065841543,121.61983111238689,9292500
2023-01-03,123.73516082763672,125.21867364333842,122.6088011128339,123.84505946373099,11054800
2023-01-04,124.88903045654297,126.0794851365286,124.14728088810833,124.53189125792152,11687600
2023-01-05,124.86137390136719,125.1934771062939,123.33922834697609,125.14734892409813,8381300
2023-01-06,127.25059509277344,127.65650035245329,124.06794932677417,125.5808599733663,10029100
2023-01-09,126.72480773925781,128.1178026001078,126.27278822661013,127.85950171392554,8482300
2023-01-10,127.8594970703125,127.97019342427247,126.66945495987473,127.11225445205662,9048700
2023-01-11,128.80966186523438,128.92035820506027,127.39822722709299,128.13622159438606,8703700
2023-01-12,128.68052673339844,129.94435701771593,128.4314458628536,129.1510003099014,11001700
2023-01-13,131.92776489257812,132.37057853485908,124.35398778566517,125.0919964464557,20200000
2023-01-17,129.88900756835938,130.57165384016318,128.44066460814747,130.23033070426126,14292900
2023-01-18,125.98684692382812,129.8244671483756,125.83924235617536,128.15473094629942,13392600
2023-01-19,124.307861328125,125.36873911522979,123.23774945896278,124.83369725699328,13303400
2023-01-20,124.61229705810547,124.99052845761037,123.20086191004604,124.68609933676584,13092500
2023-01-23,126.63261413574219,127.26914659145544,124.37247347482476,124.64921447613662,10487100
2023-01-24,127.72111511230469,129.41852492998638,124.53846818506591,125.84842667977738,6945000
2023-01-25,128.3391876220703,128.3391876220703,126.61410379069925,127.35211231112285,8967000
2023-01-26,129.13253784179688,129.206340097772,127.63808086823815,128.61593612631194,7487600
2023-01-27,129.44619750976562,130.31334232266866,128.9203617285406,129.71371836376986,7489900
2023-01-30,128.34841918945312,129.23401813554992,128.14546649840148,128.44066145498658,6729300
2023-01-31,129.11412048339844,129.21559684362194,127.53662689744111,129.0403182144774,9188700
2023-02-01,128.77276611328125,129.96280818647722,127.41667951434165,127.49971585355509,8841800
2023-02-02,128.1731414794922,129.5753562429886,127.30598253465021,129.15099677428282,11822100
2023-02-03,130.1565704345703,131.3004847197741,127.42595631373672,127.47207042434188,11501200
2023-02-06,130.92221069335938,131.21741973271486,129.17867277414865,129.36317138557496,8406200
2023-02-07,132.5181427001953,133.15467486781688,130.23954897835594,130.42406166418485,10447900
2023-02-08,131.58642578125,132.8779302241988,131.25432262787135,131.5956457857201,6958000
2023-02-09,129.53846740722656,132.23218690992869,129.03108560033974,132.02923418717396,6443100
2023-02-10,130.1103973388672,130.33180411400602,127.85025772181471,128.94804344115659,6582900
2023-02-13,131.52186584472656,131.6694563072167,129.83367588221756,130.3502776917921,7134600
2023-02-14,132.10302734375,132.66575729505092,130.62702427939897,131.45727512332502,9249400
2023-02-15,132.6565399169922,132.73956218775996,130.35027188671188,130.63624687025177,6728300
2023-02-16,130.82998657226562,132.27831565300778,130.70082204237585,131.8355161088989,8165300
2023-02-17,131.21742248535156,131.76169832719637,129.21558365288175,130.05505446393278,7948800
2023-02-21,128.80966186523438,130.38714101311461,127.99785116960368,129.78751707060394,9996300
2023-02-22,127.8226089477539,128.62518579251523,126.78940527851228,128.15471213805932,11107500
2023-02-23,128.84658813476562,129.30784176770013,127.25065450618847,127.97942905263373,8068000
2023-02-24,130.00894165039062,130.40562709266814,128.16392712676847,128.3299857535932,9126900
2023-02-27,131.1436004638672,132.20447789923145,130.73769512556922,131.0974722979079,10014700
2023-02-28,132.2414093017578,132.61962654587361,130.90376263556865,131.8631779812996,11019800
2023-03-01,131.5033721923828,132.3428569185343,130.81149196065473,131.08824686861382,7139200
2023-03-02,130.1381072998047,131.39270367337005,128.726658226856,131.217439116247,11106800
2023-03-03,132.52740478515625,132.60120705981493,130.14733421370593,130.5440056041087,9513100
2023-03-06,131.7524871826172,132.87793303450798,131.60488264991764,132.3244371513992,9261300
2023-03-07,127.87794494628906,131.28199880341774,127.1307163584009,131.00524382514803,11747600
2023-03-08,127.12151336669922,127.85028796654457,126.28202831492362,127.30601201812318,10002500
2023-03-09,120.23957824707031,126.70636236099287,119.2063747461258,126.16207244585634,25888100
2023-03-10,123.29307556152344,124.77831264323943,117.91486420009788,118.96652883128668,37599700
2023-03-13,121.07906341552734,123.50526172401649,119.38165363815746,121.04216932312453,42901100
2023-03-14,124.18791198730469,125.027396898887,121.11596139071918,124.79677010403532,29648100
2023-03-15,118.32078552246094,120.83924067778277,116.90935746654276,120.83000659558746,34280600
2023-03-16,120.61781311035156,121.72481890489128,116.25435107656224,118.09013838380625,24558500
2023-03-17,116.06062316894531,118.52371558895283,115.72852002937451,118.4314733190589,38396000
2023-03-20,117.28756713867188,119.43701064586844,116.24513651602736,117.14918964833143,22875500
2023-03-21,120.43331909179688,121.52187084305194,120.10121593311274,120.47021318660936,17807800
2023-03-22,117.32447814941406,120.53480663526662,117.23222882747788,120.44255027515833,17250200
2023-03-23,117.01081848144531,119.49236528429715,116.2543628032985,117.98868097137063,16677600
2023-03-24,115.23039245605469,115.94071999403475,113.56987646858245,115.8945918128713,22311100
2023-03-27,118.53295135498047,119.35398217332511,116.50343135783469,116.96468494288993,18853900
2023-03-28,118.89273071289062,119.31707613597284,117.84106604505389,118.73590618033046,10820500
2023-03-29,119.13257598876953,120.12888542669916,117.86873862557152,120.01818907015445,14595300
2023-03-30,118.77281951904297,120.03665006502884,117.75806285700018,119.87982550705827,12134700
2023-03-31,120.2119140625,120.23958815310226,118.86506139871327,119.61228999766035,13105200
2023-04-03,120.07355499267578,121.25436322479173,119.38167450934169,119.84292816489776,11775400
2023-04-04,118.46836853027344,120.47020739068543,117.53664136039777,120.3871851240944,11579900
2023-04-05,118.64502716064453,119.14708434890063,117.57581658451342,117.89193428485298,9614700
2023-04-06,118.51487731933594,119.08202368168172,117.94773095699014,118.07789499817689,8760200
2023-04-10,118.90535736083984,119.22146797348508,117.35268138916051,117.65020018070031,9477300
2023-04-11,119.4911117553711,119.88160386923768,118.57995639627434,119.28656624046724,10516300
2023-04-12,119.47249603271484,121.26690103116188,119.06340506045575,120.10471721761407,11821000
2023-04-13,119.92807006835938,119.97454606868823,117.91981315305058,119.43530529564194,12450200
2023-04-14,128.98382568359375,129.34642652580754,125.42289218861391,125.65532898969498,43931300
2023-04-17,130.0065460205078,130.22038389324814,127.98899640224877,130.11811113901308,16050500
2023-04-18,131.46621704101562,131.8195254325071,129.26272124249093,130.41561260269637,13760100
2023-04-19,131.29888916015625,131.55921721829318,130.53648971360158,131.30818152408432,9158100
2023-04-20,130.9176788330078,131.49411745979074,130.01582306650377,130.0809121691736,10586200
2023-04-21,130.6666259765625,131.19658853096476,129.03027650358848,129.9228397895457,11842500
2023-04-24,130.84327697753906,131.1872929768161,130.2017493480571,130.59225552959447,7567500
2023-04-25,127.9982681274414,130.12739670771012,127.96108448954054,129.79268721934886,10629300
2023-04-26,125.7297134399414,128.12846298620772,124.58612832390384,127.95180874332046,14416100
2023-04-27,127.42182922363281,128.22141221133293,126.12948146073748,126.44559203599226,9041100
2023-04-28,128.52825927734375,128.60264075648055,126.13880214058031,126.96627658910431,9887300
2023-05-01,131.28028869628906,133.29783821644935,130.93628680641368,132.26581836000824,20415800
2023-05-02,129.1604766845703,132.40529945357613,128.7048954586178,131.46624572118586,14113400
2023-05-03,126.4269790649414,128.92800048742873,126.22243361268366,128.71416267345447,12930900
2023-05-04,124.69767761230469,126.1852786601543,122.5499640622479,125.47867596517398,17089200
2023-05-05,127.1336441040039,128.19355540179592,126.36195218389314,126.85471709157082,11261400
2023-05-08,127.4404296875,128.27719632320026,126.8918681686871,127.83092172994768,7484900
2023-05-09,126.82681274414062,127.3288699653478,125.7111189961569,126.38052389549456,7343600
2023-05-10,126.89189147949219,128.3608937300772,125.39499794838092,128.2586209725423,8133400
2023-05-11,126.49209594726562,127.19869863687757,125.42287826886732,125.51585865370714,7057300
2023-05-12,124.67910766601562,127.36607655980191,123.77725172919445,127.20802123508703,9988600
2023-05-15,125.7297134399414,126.13880448940313,124.54894467705132,124.83716404731295,7639500
2023-05-16,124.88362121582031,126.38980678427393,124.54891173540695,125.94353220599379,6477200
2023-05-17,128.72349548339844,128.85365952238953,125.94356046777068,126.35263731401683,12711500
2023-05-18,129.69973754882812,129.91357543771105,128.08197227429838,128.55615243737296,10999600
2023-05-19,129.40219116210938,130.6201717479733,128.42596808225812,129.9693374456531,13492200
2023-05-22,128.33297729492188,131.689364532914,127.9889754446489,131.09432702029443,11402500
2023-05-23,126.994140625,129.26272559811,126.87328316079605,127.8773974466778,9514900
2023-05-24,125.83197021484375,126.77102387365669,125.59024107397305,125.88775277144353,8578000
2023-05-25,126.13877868652344,126.69663258291455,125.1253578219997,125.34850221791892,8472500
2023-05-26,127.31954956054688,127.93318595217781,126.10158332634195,126.547857889886,8579900
2023-05-30,127.80304718017578,128.04477632756996,126.46420903839032,127.18941066738822,7399900
2023-05-31,126.17597198486328,127.2265764509332,124.9579914943427,127.1243037131586,14219900
2023-06-01,127.91459655761719,128.5189264451528,125.93423086765819,126.92906698751237,12248100
2023-06-02,130.6015625,131.54060186472486,129.55094384800705,129.7554893233829,12922500
2023-06-05,129.31851196289062,130.26685791287542,128.42596275204582,130.26685791287542,8511900
2023-06-06,129.5509796142578,130.25759661038836,128.5003748590288,128.93734301871834,9329500
2023-06-07,130.80612182617188,131.34537684682581,129.076791651942,129.74621069918032,9281400
2023-06-08,130.84327697753906,130.99203988604742,129.68109335508964,130.7874944335514,7368100
2023-06-09,131.10362243652344,131.83813052835976,130.35983616853576,130.49000018411496,7249100
2023-06-12,131.09434509277344,131.3918709835064,129.94145354640617,131.15943420142702,7596600
2023-06-13,132.0426483154297,132.83292460612915,130.2947197412532,130.610830257533,7701600
2023-06-14,131.54991149902344,133.5209706496138,130.81540340563754,132.95382439764776,9068700
2023-06-15,133.03750610351562,133.32572542805949,130.1924823122168,130.71313840646567,9343100
2023-06-16,133.195556640625,133.8556832851755,132.4889539932474,133.00031770567188,13813500
2023-06-20,132.51686096191406,132.95384326002164,131.13153259272033,132.5912424367851,8428600
2023-06-21,132.3216094970703,133.90217667494477,131.7358643045841,132.8608503119899,9926500
2023-06-22,129.77410888671875,132.58194925175235,129.18836364249506,132.312314633662,10075200
2023-06-23,129.09539794921875,129.40220202550213,127.95179873580885,128.80716441468397,9919500
2023-06-26,129.41151428222656,130.1738996046303,128.01689349037008,129.11398837029202,8429700
2023-06-27,129.42080688476562,130.01584452291195,128.80717033038513,129.23486028287297,8154000
2023-06-28,128.8536376953125,129.43009050189633,128.26790671248017,129.3836003129569,7558600
2023-06-29,133.35360717773438,133.47447882912567,130.02512535776643,130.2296708354378,15423200
2023-06-30,135.22244262695312,135.7430988182832,133.56749365301806,134.44145833995805,14212800
2023-07-03,136.3102264404297,137.11910189866717,135.74308012722005,135.9197343507007,8021600
2023-07-05,135.4021759033203,136.14171413854416,135.14006000089324,135.68301845141943,8934900
2023-07-06,134.0635223388672,134.23201930820707,132.4065640524601,133.88565490395533,9709500
2023-07-07,135.12132263183594,136.52552097664736,133.866908872023,134.71879262942724,8981500
2023-07-10,135.8795928955078,136.66595485612726,135.2711126354132,135.2711126354132,9100100
2023-07-11,138.00460815429688,138.37906960740568,136.4038300805188,136.99358365726889,11260900
2023-07-12,138.68795776367188,140.29810603554432,137.61141161777365,138.03266818424507,11323200
2023-07-13,139.3619842529297,139.83005031333101,138.31352084858835,139.20284350650235,11234900
2023-07-14,140.20452880859375,143.12525681027427,138.93138839786866,141.870843043834,27028400
2023-07-17,143.58395385742188,143.93031818225228,140.7474745833013,140.7474745833013,17262400
2023-07-18,143.8460693359375,144.53879798376371,143.05972175958414,143.58395347715305,13491700
2023-07-19,144.3983917236328,145.2970849199136,142.49804450203536,142.99419342486166,12510000
2023-07-20,146.1770477294922,146.58894821231368,144.5481867273733,144.6605180284174,9935900
2023-07-21,145.05369567871094,146.1676953908266,144.8103064253035,145.84941384000646,10636400
2023-07-24,147.90890502929688,148.64844326937535,144.84774837498787,145.07242527179113,14381400
2023-07-25,146.8042449951172,147.64675818414187,145.9991708055912,147.25358441031418,9944700
2023-07-26,147.68421936035156,148.14292930748638,146.29874762297274,146.70129192030421,8728600
2023-07-27,146.05535888671875,148.63907877636402,145.61537558273733,147.69359033815113,10778400
2023-07-28,146.88848876953125,147.5344221931497,146.44850554718946,147.2348530697502,9103800
2023-07-31,147.87147521972656,149.2007814689445,147.1131960024418,147.14127883075832,8892700
2023-08-01,147.14126586914062,147.90890120016138,146.17705075722094,147.37529894065986,6853900
2023-08-02,145.47494506835938,145.74643141841656,144.1081999906907,145.6247296556844,8299400
2023-08-03,146.36428833007812,146.897876304198,144.4920237619121,145.10050403286803,6084000
2023-08-04,146.05535888671875,147.7216731631504,145.75578970773367,146.4110794314577,6209400
2023-08-07,146.74807739257812,147.6280439392386,146.5983070977639,146.5983070977639,7251800
2023-08-08,145.92430114746094,146.01790580284208,142.84441801525406,144.46393710846394,8623400
2023-08-09,143.96775817871094,145.58727709541188,143.66820331619675,145.4000535208101,6277800
2023-08-10,143.75245666503906,145.51238975141104,143.31247339344608,144.520091916497,5995100
2023-08-11,144.58563232421875,144.65116844231196,142.8818789489863,143.2563261590332,5180700
2023-08-14,144.88516235351562,145.02557644826436,143.15331233565948,143.79924573998682,5044300
2023-08-15,141.1968536376953,143.48101901204012,140.63516847591487,143.08784511249263,10300300
2023-08-16,140.59768676757812,141.31851250663752,140.12025023977912,140.98150436876168,6978200
2023-08-17,139.13731384277344,141.5993314684171,138.92199318247168,141.24361099584877,9953900
2023-08-18,139.4556121826172,139.9517610959369,138.02333108805377,138.2199108469386,8517500
2023-08-21,139.9330291748047,140.5134408185697,138.56628424091537,140.09216992550452,8327000
2023-08-22,137.0310516357422,140.0828378134794,136.53490265589448,139.7271029659488,9673300
2023-08-23,137.95779418945312,138.16374441088766,136.16979258953467,137.00294965470403,7858000
2023-08-24,137.8267364501953,139.8675120243072,137.60207386958209,138.07949613762864,6534000
2023-08-25,137.65826416015625,139.12798451368934,136.53490820324166,137.87357059987212,6695500
2023-08-28,138.13565063476562,139.11859219835208,137.73312068749019,138.14502109769722,5094100
2023-08-29,139.25900268554688,139.34326542853302,137.77991228921118,138.27607543171382,6337000
2023-08-30,138.69735717773438,139.62411896057506,137.78930775518225,139.127970012283,6277300
2023-08-31,136.9842071533203,138.87519792928472,136.63784285929776,138.7909351871848,10933900
2023-09-01,137.44293212890625,138.62245352140573,136.3944543846634,136.75954535978775,7903500
2023-09-05,135.9263916015625,138.74415864513009,135.74852419936798,137.76121698537963,7854700
2023-09-06,135.7017364501953,136.24468058187983,134.9060183286584,135.45833292470454,8629200
2023-09-07,134.54092407226562,135.9919318730385,134.2319987249338,134.92474171145767,8373700
2023-09-08,134.64390563964844,134.91537771193597,133.53926213708527,134.21327851187928,7107900
2023-09-11,135.23365783691406,135.785972381945,134.51283207562778,135.50512987768147,6854200
2023-09-12,136.9936065673828,137.91102656774117,134.84986974127222,135.27112644775508,8363200
2023-09-13,137.05914306640625,138.26674753287986,136.50682839895887,137.9297393099169,8325900
2023-09-14,139.71774291992188,140.3262231887897,138.09823807360453,138.39779297567569,10034900
2023-09-15,139.3058319091797,140.16707182842225,138.83776580409716,139.4088070236676,19863400
2023-09-18,139.59603881835938,139.61476546325227,138.31354218596897,138.6973598429271,6512400
2023-09-19,139.41818237304688,140.15773491994022,137.80804789167848,139.95178466264682,7943400
2023-09-20,138.8284149169922,140.65386993955852,138.67863032943688,140.09218487834835,7332000
2023-09-21,137.7425079345703,139.3433004745327,137.2650855973688,138.15440843768323,8052400
2023-09-22,136.4225311279297,138.08884517442365,135.91702606345376,137.88289496335204,7071700
2023-09-25,137.09657287597656,137.16210899360448,134.52220904350628,136.06683591353567,7044700
2023-09-26,135.6736297607422,136.5255134713151,135.01834009270283,135.36471871200064,7468400
2023-09-27,136.46934509277344,136.7595437767897,135.28045325041472,135.91703054679127,6717800
2023-09-28,138.16375732421875,139.36200547860716,136.68466663396703,136.9374263446685,8868100
2023-09-29,135.75791931152344,139.2590452079911,135.6081347051916,139.10927488590553,11917800
2023-10-02,134.58773803710938,136.31957413491773,133.52054783987114,135.58003593998507,9170600
2023-10-03,133.59542846679688,134.41921506435102,133.25842031372002,134.0541240888714,9431100
2023-10-04,134.19456481933594,134.3068961192718,132.86524444361987,134.044780229925,8128700
2023-10-05,134.76039123535156,134.94901072046437,132.80830619332247,133.9493763741643,8576200
2023-10-06,136.8350830078125,137.57065291285397,134.04367882202118,134.7698235091785,10270600
2023-10-09,136.52386474609375,137.11796998670525,135.32620026862298,135.4770900778378,6964900
2023-10-10,137.35374450683594,138.40995889388373,137.004824376904,137.13684937657925,11288800
2023-10-11,137.8252716064453,138.8437563954765,136.75964633550754,138.16476653612236,8698200
2023-10-12,137.50460815429688,138.58911237840664,136.86334810356874,137.96670276001075,10484400
2023-10-13,139.56988525390625,144.38881902981274,139.41899543795483,140.0414051365208,29427000
2023-10-16,139.42845153808594,141.0033264055544,138.36281187263532,140.9373067071493,12663500
2023-10-17,139.1266632080078,140.80527293299247,138.428808562367,139.164392858932,11482700
2023-10-18,137.59893798828125,139.07950296279404,137.0896884480104,138.24019813274663,9620300
2023-10-19,137.0142364501953,138.64570554852048,136.62760109586821,137.1934163017745,11143600
2023-10-20,134.80752563476562,136.87278493216152,134.02480093728053,136.3352597722285,13332900
2023-10-23,132.9686279296875,135.49596799323533,132.71400312369968,134.79812766595725,10133400
2023-10-24,133.12892150878906,133.6570214733008,132.36506160371712,133.14778633313443,8881400
2023-10-25,132.4027862548828,133.13835617043748,131.5634813825373,132.5631156887243,8242600
2023-10-26,132.7422637939453,133.60043337964612,131.48801925860812,131.79922408824612,9109400
2023-10-27,127.9610595703125,131.17682841025032,127.48953971893079,131.0353638210495,17434700
2023-10-30,129.59255981445312,130.17724003115646,128.29115996215324,128.66838460974327,9855500
2023-10-31,131.13909912109375,131.3088537506683,129.63966944313077,129.86600415268222,9672500
2023-11-01,131.02597045898438,132.5254004974012,130.58274053975717,131.31831053557096,9432000
2023-11-02,133.36468505859375,133.42126514351625,131.29942562105097,132.1104404141124,10186200
2023-11-03,134.85467529296875,135.5808198813388,133.7701854083583,134.09081544854737,9538700
2023-11-06,135.87318420410156,135.9769191638664,134.65665473143704,135.01501448146942,7625100
2023-11-07,135.8071746826172,136.04293466432486,134.6849692569924,135.3356547192018,6297900
2023-11-08,136.4767303466797,136.58989052573705,135.43938073983261,135.90147545372747,7618200
2023-11-09,136.07119750976562,137.3537321294573,135.5148075176755,137.15570184261244,7992500
2023-11-10,138.0893096923828,138.136464559863,135.87317481726728,136.68418961313236,7983300
2023-11-13,137.47634887695312,137.91957875986594,136.89166877168356,137.40090396181412,6676300
2023-11-14,139.98483276367188,140.74869271323962,138.174198041455,138.32507347607216,9927700
2023-11-15,141.21075439453125,141.60682929840053,140.003664861889,140.003664861889,8365300
2023-11-16,142.82339477539062,142.89883969668293,141.54085989271647,141.54085989271647,8126200
2023-11-17,144.11534118652344,144.15305644499725,142.90823707069305,143.53064675784515,7812400
2023-11-20,144.55856323242188,144.99236786773022,143.26660332342516,143.41749314350156,7019000
2023-11-21,144.2567901611328,144.87919984297054,143.87958002103724,144.47368527220556,7083500
2023-11-22,144.59628295898438,145.11495768637337,144.19076839406415,144.67172786384498,5174500
2023-11-24,144.7943115234375,145.64305590080474,144.54912637778605,144.84146638712082,3496900
2023-11-27,144.4642791748047,144.7849092752855,144.0116240688526,144.69059953295755,6259100
2023-11-28,144.7943115234375,145.1055163561744,144.02102643967882,144.4925462972237,6582700
2023-11-29,145.52987670898438,146.7652562718604,145.22809713258968,145.38841213643354,9126100
2023-11-30,147.18966674804688,147.23682162015268,145.586501823976,146.08631181107492,9869800
2023-12-01,147.9063720703125,148.86827678185622,146.94448174841548,146.94448174841548,8916000
2023-12-04,148.9908447265625,149.04742480521057,147.00103041945783,147.1330553995179,9607500
2023-12-05,148.97198486328125,149.47179476083681,148.02894514870184,148.30242033448647,9135600
2023-12-06,147.40655517578125,150.15080456532945,147.11421512755064,149.79244482122945,9366000
2023-12-07,147.8592071533203,148.34959188917585,147.25566224366952,147.7649118050395,8130900
2023-12-08,149.49069213867188,149.73587733758438,148.0384026037552,148.30245263016783,7369400
2023-12-11,150.03762817382812,150.2262332436277,149.1417289104025,149.49066339865834,8093900
2023-12-12,151.3767547607422,151.4993401514318,149.83017004353027,150.16022534418147,10223000
2023-12-13,151.88601684570312,152.80076677728977,150.66950160319462,151.37678158805141,12379100
2023-12-14,154.6490936279297,155.45066878084032,152.49896415125406,152.6121243164545,13643000
2023-12-15,155.81849670410156,155.86565158249525,153.14026653126427,153.7909664400107,20309300
2023-12-18,156.76148986816406,157.61023425667324,156.19567466546889,156.46914985499157,8469600
2023-12-19,158.85504150390625,158.87390632782794,156.12023201068527,156.5445970162341,10345700
2023-12-20,157.0632781982422,159.76037254396365,156.9689684644074,158.42125778345093,10734700
2023-12-21,157.9591522216797,158.51554219987133,156.24281303379408,157.33674255642595,7601700
2023-12-22,157.86483764648438,158.64756231245275,157.7045226266562,157.95914737092147,6576300
2023-12-26,158.79844665527344,159.15680632823958,157.6573623432536,157.9214266846687,4683600
2023-12-27,159.7509307861328,159.8169504768574,158.03460589267718,158.27979105184372,6428600
2023-12-28,160.5996856689453,160.93918058278578,159.3737310139855,159.7038007098136,6320100
2023-12-29,160.41107177734375,160.96746179209865,159.96784193110983,160.3167620438129,6435100
2024-01-02,162.27828979492188,162.3631599230326,159.2888553688662,159.45859562508764,9977400
2024-01-03,161.5709991455078,162.24054929758722,160.6656746705868,162.07080905271448,9852300
2024-01-04,162.64320373535156,164.48398435248927,161.81769021916986,161.91258148993217,11972500
2024-01-05,163.45924377441406,164.5124733318374,162.70015693042274,162.70015693042274,10066000
2024-01-08,163.22201538085938,163.54462255510825,160.8214137681895,163.22201538085938,11229900
2024-01-09,161.9315643310547,163.0037604143166,161.40020795733633,162.84245683503605,9923600
2024-01-10,162.27317810058594,162.33010708122012,160.30904139844134,161.30534199467218,9670200
2024-01-11,161.5900115966797,161.6469405809146,160.01490880041456,161.61847608879714,11919500
2024-01-12,160.40391540527344,167.29259640908697,160.26157849064393,164.9109759460637,19436500
2024-01-16,159.39813232421875,159.49300912270533,155.8968555922771,156.43769533094127,17206400
2024-01-17,158.54415893554688,160.42290202843512,157.97485469273727,158.78137265631167,11107500
2024-01-18,158.8572540283203,158.96162862569818,156.78875770730735,158.57259471925576,9382300
2024-01-19,161.59947204589844,161.84618358047715,158.53467484219206,158.98063779337124,13115700
2024-01-22,161.40969848632812,163.1840524158629,161.03016233915122,161.7418034738899,12837500
2024-01-23,160.34698486328125,161.06810933054288,159.8251118048267,160.99219920582442,8360800
2024-01-24,161.77975463867188,162.26366540807356,160.22363323770475,160.69806067066273,9967100
2024-01-25,164.094970703125,164.142416344373,162.1687963911467,163.49718747582935,8873500
2024-01-26,163.46873474121094,164.20884046709205,162.99430725137032,163.7818586219111,7443000
2024-01-29,163.89572143554688,164.00009606553505,162.5388657240791,163.43079174790918,6971200
2024-01-30,167.254638671875,167.71956825499603,163.9905758624225,163.9905758624225,10822100
2024-01-31,165.4423370361328,169.18082757038678,165.42335588463555,167.18822653609234,11521800
2024-02-01,164.8445587158203,165.8977882402984,162.66218953700178,164.75916524911648,9354800
2024-02-02,165.79339599609375,166.82765873693674,164.398578274706,164.4365405747899,8607600
2024-02-05,165.57518005371094,166.13500096991308,164.07598757427212,164.9679134968324,7820200
2024-02-06,166.14450073242188,166.8751085895703,164.87302414792433,165.6795566137463,6764800
2024-02-07,166.45758056640625,166.8750789697446,165.06277741470677,166.70429206567403,7225500
2024-02-08,165.85983276367188,166.34374353104843,164.69274533742478,166.04960084038564,6060300
2024-02-09,166.05908203125,166.14448997128747,164.78762000748162,166.04959869496852,6296700
2024-02-12,166.79917907714844,167.76701502799656,164.81607601810813,165.84084094046935,8539300
2024-02-13,165.34744262695312,167.21668785869483,163.79132123629455,166.35324093999716,8397600
2024-02-14,167.0269317626953,167.09335855725456,165.49927474998213,166.11603914000582,7056700
2024-02-15,170.67051696777344,170.99313861983137,167.1407757730594,167.1407757730594,8723400
2024-02-16,169.87350463867188,170.77491396724417,169.04800544533634,170.42384226035486,8152600
2024-02-20,170.53768920898438,171.2303637188881,169.28520825442058,170.02531392720303,9668000
2024-02-21,171.64785766601562,171.73326561657646,169.38959269081207,170.7464483434242,7024000
2024-02-22,173.70687866210938,174.0389691999663,171.970472406029,172.52081000181218,9296500
2024-02-23,174.57981872558594,175.72792504973566,173.82073190790015,174.40901731437765,7105800
2024-02-26,173.98204040527344,175.02578661879247,173.1470434344582,174.3520932485434,7145400
2024-02-27,174.0674285888672,174.15282205509578,172.91932226723353,173.93458948194154,5717100
2024-02-28,174.9498748779297,175.7279283839972,173.60250262820136,174.04845112073724,6131600
2024-02-29,176.54393005371094,176.89500171310078,174.4469689552258,176.16439390725577,9643000
2024-03-01,175.81332397460938,176.90451583340356,175.6330536993716,176.20235797152844,6311800
2024-03-04,177.13223266601562,177.99569413338153,174.84550327171607,175.26300176048102,7063600
2024-03-05,178.9066162109375,179.61825747313026,176.82862140879405,176.82862140879405,6617800
2024-03-06,179.8364715576172,180.3488613215342,178.03365300369188,179.57079333868876,7572900
2024-03-07,178.2613525390625,180.75684537868307,177.0847818143066,180.1970245029766,7618300
2024-03-08,178.5934295654297,180.71886926724162,178.3087702648982,178.8021787539279,6172200
2024-03-11,178.65988159179688,178.8022185128998,176.69575949029132,177.70154336122792,5762600
2024-03-12,180.130615234375,180.43425575956988,178.29933218131626,179.2861349314453,5708400
2024-03-13,181.59185791015625,181.92394844272968,180.1306132360268,180.62402184480607,7795500
2024-03-14,178.3562469482422,181.82905916695464,177.53074786350967,181.25974046676782,10310900
2024-03-15,180.5670928955078,181.17435946088082,176.9424601771041,176.9424601771041,17214200
2024-03-18,182.80636596679688,182.84431378763173,180.1780341639533,180.88019191558524,9013800
2024-03-19,183.87857055664062,184.01140965328761,182.5406962541158,182.85382008443563,8478700
2024-03-20,186.28868103027344,186.50691359955096,183.70779458867116,184.25813215855158,9367000
2024-03-21,188.87905883789062,189.23013052665834,186.2886889495495,186.46897370163362,11203800
2024-03-22,186.56385803222656,190.22643876540545,186.48794789784623,188.8316208127196,8108800
2024-03-25,184.85589599609375,186.86746350539403,184.4194164249036,186.54485635359586,8620000
2024-03-26,185.71937561035156,186.6018182440371,184.13478957869043,184.6376815447347,5961500
2024-03-27,189.31553649902344,189.3914466295502,186.33613264813874,186.4499906047404,8725800
2024-03-28,190.05564880371094,190.4541661440958,188.38565483061902,189.28707861308453,8628300
2024-04-01,188.7651824951172,190.66289215811688,188.4141108405425,189.76148296386717,7309000
2024-04-02,188.6892852783203,189.56223004560812,187.9491796173942,188.24332231873962,7014700
2024-04-03,188.1579132080078,189.35346506585586,187.5885945261513,188.86005650680525,9353400
2024-04-04,186.72633361816406,190.5725228336972,186.63090338860295,190.06669747224808,9243800
2024-04-05,188.44422912597656,189.08366842916283,186.21096089165496,187.21307291356746,6532300
2024-04-08,189.42726135253906,189.90445619693176,188.60648563767035,188.60648563767035,8001000
2024-04-09,188.1579132080078,189.80901778367087,186.02008971749524,189.03596449913155,7351500
2024-04-10,186.55453491210938,188.08156408606877,185.3233641819326,186.63088782709028,7681400
2024-04-11,186.516357421875,187.60437557468177,184.4262563759214,187.0603664982784,10137700
2024-04-12,174.452880859375,180.31283283345405,174.21428344257563,179.730669116781,31532300
2024-04-15,174.54832458496094,178.90989232756837,173.88979338856458,176.0848925222756,14766600
2024-04-16,172.5536651611328,174.80602549423577,171.45610823988386,174.55787484556882,16451800
2024-04-17,171.86651611328125,174.0997847395688,171.02664843317345,173.09767254177333,9017100
2024-04-18,172.98313903808594,174.9969019564357,171.76152134535386,172.839986403325,9557700
2024-04-19,177.3256072998047,177.40196022253804,173.1358371435667,174.08067361637623,13402300
2024-04-22,180.77096557617188,181.45812735942548,177.49740116944542,177.5069543871332,11529700
2024-04-23,183.3764190673828,183.46231063719642,181.83031255941904,182.41249080398302,9144400
2024-04-24,184.27357482910156,184.41672746658654,181.49629715923766,181.8398780520335,6964900
2024-04-25,184.55032348632812,185.0943325814848,182.46020780549338,183.48141172959566,9802300
2024-04-26,184.66485595703125,185.98190375230607,184.25446084078007,184.74120887546937,6413700
2024-04-29,184.46444702148438,185.39974488523453,183.65320992069704,184.6553220561309,5387800
2024-04-30,182.99468994140625,186.0964565277787,182.8992451443853,184.01587936793962,8153700
2024-05-01,183.10919189453125,185.5906107156563,182.08798801756038,183.50049513128624,7445300
2024-05-02,182.91835021972656,184.67442393414981,180.87595665640484,184.26404331556682,6501700
2024-05-03,181.82077026367188,183.74864146909349,179.86428309609008,183.2428161104816,8922800
2024-05-06,183.24281311035156,183.43368812810877,181.16225065998637,182.98512382682264,7911100
2024-05-07,183.0042266845703,184.13039955093174,182.90878188854626,182.95650428655827,7688800
2024-05-08,186.72633361816406,187.6807232907595,182.28842746572758,182.28842746572758,9227600
2024-05-09,188.4919891357422,188.57788072431907,186.2014593966942,186.26825911130967,7977300
2024-05-10,189.70407104492188,190.2480656766627,189.22687612876922,189.4845508982518,7529800
2024-05-13,189.6658477783203,190.734774070511,189.00731660118564,189.7326620428204,7049200
2024-05-14,192.3190460205078,192.38586028369684,189.12184954887874,189.92353333016814,8596200
2024-05-15,192.89169311523438,193.44524086083933,190.65842482501571,192.79624832491854,8370000
2024-05-16,193.2352752685547,195.1535932389949,192.77717231019278,192.9966778539951,8497900
2024-05-17,195.44944763183594,195.69759825802052,193.55976022547813,194.51414986383685,9260500
2024-05-20,186.65953063964844,196.48974700752038,186.48773292892272,195.06770117767758,17373300
2024-05-21,190.41983032226562,190.78248849278148,187.6330142438508,188.01476428528767,14420800
2024-05-22,189.2650146484375,191.77506416081215,188.6732977083887,189.92354585608186,9425300
2024-05-23,187.93841552734375,189.25547795628643,187.12719303061385,188.78782176676148,8069400
2024-05-24,191.55555725097656,191.6032650842563,188.54922104999036,188.73055741751145,7356200
2024-05-28,190.40074157714844,191.26923968293062,189.59905773927144,190.74432244521444,6910200
2024-05-29,189.0741424560547,189.91401004508248,187.90978586684102,188.9691590074262,6120000
2024-05-30,190.23849487304688,190.7347815795727,189.35090490632123,189.5036107487647,6829100
2024-05-31,193.38800048828125,194.0274398758393,189.3032135067126,190.20988086032972,14417900
2024-06-03,192.6149139404297,193.18753895642425,190.1048646599734,193.0825555190675,6444300
2024-06-04,190.0762481689453,192.7676194373073,189.2363806080914,191.0306378288864,6848300
2024-06-05,188.26290893554688,190.70615882571187,187.9384199292547,190.6488832103386,8351600
2024-06-06,187.9288787841797,188.98825193066074,186.42094131495605,188.26290644052494,7640300
2024-06-07,190.8302459716797,191.7560052833316,188.02433750649416,188.4251794925445,6964500
2024-06-10,190.50572204589844,191.6796172589224,189.38908788285167,190.15260252915212,6070800
2024-06-11,185.4951934814453,188.91191055404266,184.7698625098068,188.88328002640114,9235300
2024-06-12,182.7942657470703,187.74755082799157,182.5842988392324,187.0603890501278,12751300
2024-06-13,184.8271026611328,185.7051393894414,182.17390060566132,183.54822402834617,8587800
2024-06-14,184.94161987304688,185.97236241283088,182.6892597815552,182.71789030520225,6874000
2024-06-17,186.08689880371094,186.65953844630556,183.85363041068777,184.6553142600554,8725400
2024-06-18,188.0147705078125,188.930991025547,185.27567673463204,185.72424105772285,9023000
2024-06-20,189.60861206054688,190.3530349090619,187.16537660256606,187.43260457060572,8731100
2024-06-21,187.34669494628906,188.17700929825324,185.36156268713378,187.73799820567726,20972100
2024-06-24,189.80902099609375,190.14304864072443,188.1102085595612,188.78781706567207,9785900
2024-06-25,189.0359649658203,190.94474426582192,188.72101463378038,189.05504227358247,6862500
2024-06-26,188.42514038085938,188.91188841939731,187.3275981156472,188.44423225132738,7758600
2024-06-27,190.08580017089844,190.74433141255324,187.91933141310852,188.43471002085207,7913500
2024-06-28,193.0348358154297,193.35933934812502,190.20985074638892,190.8874592091773,15307600
2024-07-01,196.07936096191406,197.6445594874765,193.416620106431,193.58840326228037,10205800
2024-07-02,199.30520629882812,199.33383682530447,195.43038637882975,195.92665854630712,7802900
2024-07-03,199.1715850830078,200.78450597577336,198.17901165846095,199.9923607921085,5560900
2024-07-05,196.53245544433594,199.00842649532183,196.27335292204722,198.64375880499992,8093100
2024-07-08,196.89715576171875,198.55739478921961,195.74554496023563,196.77239292168676,8707000
2024-07-09,199.25796508789062,201.30206944737745,197.16585925201633,197.33860892161442,9058900
2024-07-10,199.4210968017578,199.58424030901233,197.29061041180532,197.8280277635907,8328500
2024-07-11,199.08518981933594,199.70898927928098,197.0986640573066,197.89519852111354,10658100
2024-07-12,196.67645263671875,199.08523964687447,193.9509700633627,195.77435278581973,15443400
2024-07-15,201.5803680419922,203.07746338803915,198.3846385255346,198.83568835973134,10719700
2024-07-16,205.0063934326172,205.1215647410893,199.6897841769716,201.53236403377193,11557000
2024-07-17,208.12538146972656,208.78756169090065,204.6705491521375,205.1791773653675,11572500
2024-07-18,201.51318359375,207.90464262796732,200.80303124118646,206.93537311360464,12415100
2024-07-19,201.32125854492188,203.787638142558,200.49593484279177,202.68399960778325,8095900
2024-07-22,201.80108642578125,203.61487723988253,201.25407758649305,201.97383607849395,7663200
2024-07-23,201.84909057617188,202.95271450120742,200.90861016610094,202.5112707886033,5557300
2024-07-24,200.1792449951172,203.4805398970385,199.6802229423339,201.10054238495405,7119000
2024-07-25,200.25601196289062,201.71472666285024,199.66101627259542,200.23681430218042,6403800
2024-07-26,203.68206787109375,204.56496989068702,200.20802348732903,200.8030338162583,8027800
2024-07-29,202.34812927246094,204.99683550482567,202.06022291940437,204.07553810374966,6533600
2024-07-30,206.51312255859375,207.08892060425245,204.37304460068856,204.63214713164874,8850700
2024-07-31,204.219482421875,207.6647229458713,204.09471959527943,206.11964077185962,9071600
2024-08-01,199.5746612548828,205.20796693510616,198.05836812142135,204.6033650548551,10918600
2024-08-02,191.11029052734375,196.4173090899953,188.951014866982,195.65916985684163,18041700
2024-08-05,187.04124450683594,188.26003972022244,183.2025323392783,186.2255269573448,13927000
2024-08-06,192.2618865966797,194.4307682439227,186.1775316040648,187.52107494379788,10605800
2024-08-07,192.3194580078125,197.45374096940827,192.12752534383736,195.3040570597253,9204400
2024-08-08,195.83189392089844,196.64762609323657,193.65342072084405,194.30600938741946,7761200
2024-08-09,197.50177001953125,198.14475263524707,194.71869454457462,195.2657181295499,5540200
2024-08-12,197.8760223388672,198.78771357086882,195.44803800867777,198.08715268440758,6936000
2024-08-13,199.55545043945312,199.6993962854889,197.11786006073427,199.35391161147854,6387800
2024-08-14,201.76271057128906,202.26173259433187,198.76850521541047,199.36351554061437,6999800
2024-08-15,203.0198974609375,205.26554061728052,202.58804526064463,204.41142772567014,7001000
2024-08-16,205.34230041503906,205.45745708775618,203.0582621159896,203.15423577226989,7931200
2024-08-19,206.76260375976562,206.8393797501519,205.19833871665472,205.37107371238164,6090800
2024-08-20,205.87013244628906,207.290451812223,205.0639917823852,206.33077379457382,5640000
2024-08-21,205.94688415527344,206.33074945964975,204.25784167156317,205.78372602521466,5202300
2024-08-22,207.8950653076172,208.05820882254338,205.6973943235858,205.92772233240674,5247100
2024-08-23,209.50733947753906,210.35186095519518,207.77032432842734,208.82597617549752,7214000
2024-08-26,210.33265686035156,210.82208744164993,209.25782202603688,210.17910484301336,5105200
2024-08-27,211.30189514160156,211.53222313341251,210.3518232928703,210.65891263842738,5185200
2024-08-28,212.3671417236328,213.25005838467985,210.35182667608916,210.40940501408693,6506400
2024-08-29,213.25006103515625,213.98900257334432,210.1119097835547,213.19246805291826,6416100
2024-08-30,215.7356414794922,216.38821556365377,212.98135535356386,213.52837890369267,8574100
2024-09-03,211.41708374023438,215.0638633692745,210.39982731942075,213.33643989830546,8956100
2024-09-04,210.4861602783203,213.11568305487987,208.45164777068214,212.12720132370077,7389500
2024-09-05,208.854736328125,211.8969139547451,207.31924560820755,211.27311444323652,8067900
2024-09-06,203.89320373535156,209.91998068208017,202.57843485706223,208.82594829731795,7777000
2024-09-09,208.0677947998047,209.35375986693387,205.54383685302398,206.51312105129102,8935100
2024-09-10,197.2714080810547,209.82399812562028,192.52100489184315,209.78561744862617,28406900
2024-09-11,198.87408447265625,199.32513434186177,193.69182869664772,196.97392597392317,13658700
2024-09-12,198.2694854736328,200.36157653556083,196.6284296106188,199.27713568329062,9054400
2024-09-13,196.0814208984375,199.46908315177689,194.83383653849526,198.51899663631963,10226700
2024-09-16,199.4786834716797,199.81457665233654,197.30021016072058,197.5305381683303,8634900
2024-09-17,200.81263732910156,201.46521139164926,199.28675270326914,199.35392255393126,7573300
2024-09-18,199.1619873046875,202.81835838288768,198.36545275492742,200.58230673818105,8259900
2024-09-19,201.99302673339844,203.3653739246752,198.9796383186764,201.32125504416572,11635200
2024-09-20,202.57843017578125,202.89512568030523,201.05254563504943,201.46520015567114,20885000
2024-09-23,202.91432189941406,203.25980657066546,201.52279170592422,202.4920612297152,7223500
2024-09-24,203.05828857421875,204.36345139466172,201.88748010395994,202.63602786120398,7323200
2024-09-25,201.7147216796875,203.68206451343198,200.19842867858037,203.14463253149498,8976500
2024-09-26,201.32125854492188,203.16383862893971,200.582302352154,202.61682975945425,7807500
2024-09-27,202.01223754882812,203.87401538274102,200.88941594295318,202.1561834046356,7032500
2024-09-30,202.3577117919922,202.45368545325593,196.98350891876606,197.99117378793656,8663800
2024-10-01,198.69174194335938,200.6590849232253,197.87602436679808,200.47674374625123,8540100
2024-10-02,198.93165588378906,200.52472495596922,197.39617979497947,198.73013169432915,5810900
2024-10-03,196.95472717285156,198.16393091884422,196.10061427209934,197.8568269060444,7251300
2024-10-04,203.94537353515625,204.37987213930614,199.78381659479555,202.09150201972523,10211700
2024-10-07,203.66534423828125,205.98269458084312,202.46806055788844,203.76190602752735,6718900
2024-10-08,203.49154663085938,204.05157258412177,201.20317665741186,203.32740337902976,6021800
2024-10-09,206.069580078125,206.8613454534999,202.1687285781039,202.47769976692018,7024000
2024-10-10,205.50958251953125,207.41173500682478,204.1867713494914,207.41173500682478,7927100
2024-10-11,214.63409423828125,216.89351339672228,207.74966888805528,208.24209865254014,18320700
2024-10-14,213.8520050048828,215.99554718168815,211.34156042358927,215.51276767760157,9048900
2024-10-15,214.73065185546875,217.68525985149523,214.18029092153253,215.95691583331498,9235800
2024-10-16,215.93763732910156,215.9762532106081,213.42717776656056,214.6727572607701,6382500
2024-10-17,216.69076538085938,218.07152251645772,215.61899422056717,216.5459374132235,6470200
2024-10-18,217.60801696777344,218.13907733966104,215.4162087479307,217.2507648690765,7000500
2024-10-21,215.3196563720703,217.92666271781536,215.22309457904748,217.46319852448005,5870000
2024-10-22,216.4010772705078,217.52112924082374,213.48509971320877,215.33897121583806,9586800
2024-10-23,215.7155303955078,217.05765675812557,214.86583379761672,215.95692013506684,6180500
2024-10-24,217.23146057128906,217.3087070595921,214.02581233964898,214.18995560232,6002200
2024-10-25,214.6533966064453,217.84939420670585,213.2726544520225,217.2507524036145,6369700
2024-10-28,217.73355102539062,217.868728693903,215.27137266803004,215.65760510182318,6843000
2024-10-29,215.22308349609375,218.9404913371286,215.1361867268046,217.45353704067085,6580000
2024-10-30,216.6811065673828,218.5156628404685,213.94857273050474,214.87550115342282,7110900
2024-10-31,214.27682495117188,217.91698605526622,214.18027790309608,216.96107745978253,7829900
2024-11-01,215.26170349121094,218.36113930912322,215.02996405127206,215.86034529447858,6923500
2024-11-04,212.21054077148438,216.0534611932713,211.6215492339804,214.98169019005127,8229600
2024-11-05,213.8616485595703,214.3154624265246,212.42296047781522,212.45192606649232,5600700
2024-11-06,238.55099487304688,239.45862265494782,226.68428170878914,226.90635614480942,23987800
2024-11-07,228.2388153076172,236.14674498009418,227.11876345837723,236.0791487857779,16451100
2024-11-08,228.8181610107422,231.09688077350958,227.65949319123993,231.09688077350958,9502100
2024-11-11,231.04859924316406,233.76183232238978,230.7685936247478,231.734152593889,9017100
2024-11-12,231.30931091308594,233.14388184693877,230.53686076900374,232.26521962387952,6861000
2024-11-13,232.85421752929688,235.68329839480197,232.0334864664189,232.29419152794952,11472600
2024-11-14,233.5397491455078,235.87640014281013,232.7479984317867,234.07080953881766,10172200
2024-11-15,236.86126708984375,237.93303812916133,233.1438739185833,233.1438739185833,11518800
2024-11-18,236.59092712402344,239.39104240803502,234.32185751806605,239.22689914149407,9051400
2024-11-19,234.7177276611328,236.70677679200912,233.2307733224933,233.90666165823853,6792700
2024-11-20,232.48727416992188,236.1853665791003,230.4209786829753,235.9825927244949,9015300
2024-11-21,236.33021545410156,237.03508413180523,233.771489998293,234.8529113632746,8783500
2024-11-22,239.9897003173828,240.56902689654652,234.65981033615955,235.21983634263424,7997300
2024-11-25,241.6697540283203,245.55130530795057,240.4821205914916,240.99386567944467,10295400
2024-11-26,241.36077880859375,242.35530337685785,239.78691296046713,241.86287360225722,6212100
2024-11-27,241.1869659423828,242.53875732525523,240.20210641192003,240.76213237626226,5472300
2024-11-29,241.11936950683594,243.09876819701162,240.85866447871769,241.25454716340474,5494800
2024-12-02,237.76890563964844,241.63114167034325,236.59092247162565,240.9552533116239,8899700
2024-12-03,236.38815307617188,240.4627983571973,236.20469451535047,239.68069795223073,6657700
2024-12-04,235.0170440673828,236.89989581875426,233.8873418565162,236.2722736572103,7346300
2024-12-05,237.02542114257812,238.66686850941545,236.19503980642355,236.93852436784667,6572500
2024-12-06,238.84066772460938,239.20758484833834,236.4074549916763,237.23783629630563,5519700
2024-12-09,235.4129180908203,239.33308495141208,235.36463719813491,238.61858077940386,7076500
2024-12-10,234.4956512451172,239.42000786865495,233.87769409575165,235.49017580217017,9108300
2024-12-11,235.14254760742188,235.8570664666109,233.8390372552787,235.59636144953046,7884400
2024-12-12,233.2114715576172,235.6929653390277,232.73834232849595,234.63084451171937,6113800
2024-12-13,231.67623901367188,234.36049197314819,230.90378883302319,233.73288448883088,10392700
2024-12-16,231.32861328125,232.38106899290696,229.33956421642742,232.32313781366128,9032000
2024-12-17,230.150634765625,230.78790721651086,228.4802218867217,230.43064038196303,8083600
2024-12-18,222.43582153320312,230.83619659782678,221.6247555113085,230.76860039603835,11322400
2024-12-19,224.9366455078125,228.2195404244562,224.2704073978834,224.2704073978834,11790800
2024-12-20,229.4168243408203,230.97137492047273,223.61380532033132,223.93244155838863,32348400
2024-12-23,230.17959594726562,230.40167037895355,226.79048935961865,227.93950685968346,8611500
2024-12-24,233.96461486816406,234.13842316129805,230.83621292437365,231.18380004411736,3729100
2024-12-26,234.76602172851562,234.88188409735528,232.49695211699543,233.11490930624282,4451800
2024-12-27,232.86387634277344,235.0074186310496,231.7727898921543,234.36049582992294,5730200
2024-12-30,231.0775604248047,232.5451993283752,228.94366879713553,230.54650008911693,5723800
