Date,Close,High,Low,Open,Volume
2018-01-02,78.55200958251953,78.88102380471989,78.14074529112332,78.71651669361971,22483800
2018-01-03,78.91759490966797,79.06382657629845,78.57030516048502,78.65255524343243,26061400
2018-01-04,79.6122055053711,80.11486829584662,79.11868394000743,79.13695941751936,21912000
2018-01-05,80.59920501708984,80.80027002446687,79.90461871143502,80.11482493897682,23407100
2018-01-08,80.68148040771484,80.95566131706403,80.06000972287217,80.60836456886037,22113000
2018-01-09,80.62666320800781,81.09276805842997,80.29764883979352,81.01965220489089,19484300
2018-01-10,80.26107025146484,80.59922575749823,79.88636380078277,80.29762816882331,18652200
2018-01-11,80.49870300292969,80.54439517564384,79.73100059059925,80.54439517564384,17808900
2018-01-12,81.88787078857422,82.0523779535648,80.8368531773961,81.037918264908,24271500
2018-01-16,80.74544525146484,82.97542925767532,80.43471343300435,82.34481742611693,36599700
2018-01-17,82.38137817382812,82.50932739438312,81.111020217811,81.4126177974233,25621200
2018-01-18,82.34483337402344,82.86577156146443,81.9427101765303,82.07065941746593,24159700
2018-01-19,82.2534408569336,82.81093695833633,81.9427089828196,82.38139009600532,36875000
2018-01-22,83.72483825683594,83.73397947758193,82.0157925581753,82.25341548861188,23601600
2018-01-23,83.98987579345703,84.35544791443574,83.66086158184702,83.98987579345703,23412800
2018-01-24,83.91678619384766,85.38820938530789,83.69744564181252,84.58395604603881,33277500
2018-01-25,84.3829116821289,85.2145819229697,84.0173393571904,84.51086094995057,26383200
2018-01-26,85.96395874023438,85.96395874023438,84.61135088397074,85.10487222808055,29172200
2018-01-29,85.83602142333984,87.23432860559907,85.65323881400633,86.95101346931925,31569900
2018-01-30,84.75759887695312,85.59841712384056,84.17268607989872,85.26940280390865,38635100
2018-01-31,86.83222198486328,87.18865302174882,85.46133123600784,85.68067180346564,48756300
2018-02-01,86.14676666259766,87.80097241059556,85.52529598263936,86.63114688895881,47227900
2018-02-02,83.88021087646484,85.88171304522024,83.62431245671162,85.58011549077865,47867800
2018-02-05,80.42556762695312,85.21454265601774,80.42556762695312,82.76521827210672,51031500
2018-02-06,83.46897888183594,83.60606936628584,77.91229943079856,79.41113958930431,67998600
2018-02-07,81.8969955444336,83.87107415465968,81.5222821434709,82.70124876005025,41107600
2018-02-08,77.69293212890625,82.14375192186915,77.46445039094439,81.98838601350532,55628700
2018-02-09,80.59007263183594,81.27551779246981,76.61449209470116,78.87189260602216,63499100
2018-02-12,81.45834350585938,82.05239768745923,80.36163345729997,81.10191239144194,35720300
2018-02-13,82.09809112548828,82.25345709321348,80.24281982001972,81.27555516001377,26407700
2018-02-14,83.3835678100586,83.54884771376932,81.17984510120039,81.27166571315887,34960900
2018-02-15,85.08226776123047,85.13735871896351,83.20909813821837,83.75084457049358,27823900
2018-02-16,84.47627258300781,85.85360311425251,84.29263131436133,84.88946894019509,30596900
2018-02-20,85.1373519897461,85.44954339950802,83.56719676929528,83.99876125199373,30911700
2018-02-21,84.00794219970703,85.72501604729936,84.00794219970703,85.37609498437926,26922500
2018-02-22,84.22835540771484,85.14657575357019,83.88861135778087,84.52218563816994,24392800
2018-02-23,86.3677749633789,86.37695912533434,84.80680369317714,85.94539458444741,26329200
2018-02-26,87.61656951904297,87.64411500407954,86.54225356983231,86.67998800047926,30199800
2018-02-27,86.496337890625,88.00221842080582,86.496337890625,87.910397804178,25869100
2018-02-28,86.10153198242188,87.88288196892705,85.97298167468091,87.08402762327995,31167300
2018-03-01,85.25672912597656,86.83606871218784,84.32932492608033,86.30349940884442,37135600
2018-03-02,85.44039916992188,85.53221979609141,83.42949453112489,84.09061424828909,32830400
2018-03-05,85.98213958740234,86.56061579560543,84.7149982242347,84.78845051661145,23901600
2018-03-06,85.68832397460938,86.76264011775277,85.33940275871971,86.62490566224236,22175800
2018-03-07,86.18416595458984,86.25762526675106,84.87111052293676,85.54141448684312,26716100
2018-03-08,86.70753479003906,87.32274064999186,86.10150608826042,86.56061619368148,25887800
2018-03-09,88.64498138427734,88.64498138427734,87.23092139676874,87.49720610274092,36937300
2018-03-12,88.85615539550781,89.26017447853212,88.18585865008662,88.60823905258323,26073700
2018-03-13,86.68917846679688,89.28773648916224,86.2851593089817,89.06736558738335,35387800
2018-03-14,86.17497253417969,87.60740094562114,85.85359683482145,87.34111622173435,32132000
2018-03-15,86.47799682617188,86.84528638418135,85.23840069767235,85.88115217008969,27611000
2018-03-16,86.86363983154297,87.57985055169875,86.23924974119548,86.93709913757561,49081300
2018-03-19,85.29346466064453,86.22086892461041,84.57725410240958,86.07395034576047,33344100
2018-03-20,85.51383972167969,86.10150005500329,85.3944736246015,85.44038743411205,23075200
2018-03-21,84.9169921875,86.35859736678626,84.66906885420745,85.33018840237034,24457100
2018-03-22,82.4469985961914,84.24670947845412,82.32763248347533,83.80596066798799,38604700
2018-03-23,80.0504379272461,83.06219908536069,79.95861730763806,82.18070852728795,44068900
2018-03-26,86.11067962646484,86.31268916879787,83.0070982187451,83.19992359857298,56396800
2018-03-27,82.15316772460938,87.35947491379275,81.27167711629245,87.1758336641093,56569000
2018-03-28,82.07969665527344,83.76922533309502,81.6022252712699,82.4745315904059,52501100
2018-03-29,83.80594635009766,84.74253478527676,81.17065911812064,82.80508979290609,45867500
2018-04-02,81.28086853027344,83.44786928282458,80.35347094961774,83.07140255330806,48515400
2018-04-03,82.37354278564453,82.68574133243172,80.7023821094495,82.2541766678681,37213800
2018-04-04,84.779296875,85.1741319535863,80.5554841540206,80.66566612588068,35560000
2018-04-05,84.8251724243164,85.45874655081184,83.92532062701059,84.88027039540096,29771900
2018-04-06,82.85102844238281,84.89865597840166,82.1623631534547,84.00798108384681,38026000
2018-04-09,83.34684753417969,85.55057749624869,83.20912010349022,83.59477092034959,31533900
2018-04-10,85.2843017578125,85.65159129103206,84.1457105097505,84.83437575748775,26812000
2018-04-11,84.34772491455078,85.66078034201938,83.99880369109532,84.48545937304773,24872100
2018-04-12,85.92703247070312,86.45960177178178,84.87107803041626,84.87107803041626,26758900
2018-04-13,85.46796417236328,86.47800530178309,84.88030362413843,86.35863916105396,23346100
2018-04-16,86.46880340576172,86.91873639376213,85.78013818525301,86.37698277745353,20288100
2018-04-17,88.21341705322266,88.64498168140119,87.12073273978888,87.23092168915288,26771000
2018-04-18,88.55317687988281,88.81027746886602,87.70840879476789,88.35116727269154,21043300
2018-04-19,88.25015258789062,89.13164322519089,87.5431190418864,88.55316696474958,23552500
2018-04-20,87.23091888427734,88.25014386536235,86.35861249762024,88.06650262779164,31154400
2018-04-23,87.5522689819336,88.4153979584486,86.89114951102528,87.91037419443192,22331800
2018-04-24,85.5046615600586,88.58069761362229,84.85272610435422,88.36950390000305,34524800
2018-04-25,84.7608871459961,85.66993000266751,82.89690164075031,85.66993000266751,33729300
2018-04-26,86.55143737792969,87.36865278949124,85.48629859112886,85.89950188137296,42529000
2018-04-27,87.9838638305664,89.89376362657663,86.23006680077594,89.61829475015541,48272800
2018-04-30,85.87195587158203,88.51643471123298,85.53221885793468,88.45215957307282,41523600
2018-05-01,87.23091888427734,87.49720358257979,85.20165308562513,85.58730388780211,31408900
2018-05-02,85.86277770996094,87.38701968515375,85.56894750959458,87.22173975960612,27471000
2018-05-03,86.3769760131836,87.1666459646309,84.88945673140658,85.35775100621007,31142500
2018-05-04,87.37783813476562,87.57066353730191,85.3210198301168,85.6883093134801,22531300
2018-05-07,88.3511734008789,88.80109946280714,87.32276396814821,87.38703911985225,24242000
2018-05-08,87.97467803955078,88.2960607245867,87.28601286669853,88.0114076894253,23484600
2018-05-09,89.01229095458984,89.03983644668605,87.2768548978694,88.15834567227773,27327400
2018-05-10,89.9029541015625,89.9396767492296,89.11328407288417,89.48975075792475,22388100
2018-05-11,89.7101058959961,89.86620864572372,89.10408423954556,89.80193351541132,16778300
2018-05-14,90.01312255859375,90.61915123620625,89.3520029122761,89.91211777899167,19454100
2018-05-15,89.3611831665039,89.84783871668154,88.46132435272106,89.28772387446783,24594000
2018-05-16,89.59172821044922,89.82227820222299,89.10296335362123,89.7853893592399,17384700
2018-05-17,88.69720458984375,89.95139727019222,88.37443596677502,89.23208232854525,17246700
2018-05-18,88.86320495605469,89.38885874793118,88.54043631820572,88.54043631820572,17865800
2018-05-21,90.00672149658203,90.38482688597753,89.26896569427754,89.45340288589671,19422500
2018-05-22,89.91452026367188,90.53239271432066,89.63785738699043,90.0805165825149,15441200
2018-05-23,90.98429870605469,91.04885245536359,88.82634601975663,89.18600362816781,21251200
2018-05-24,90.66148376464844,91.24247429331479,89.27818370337116,91.04881312903532,26649300
2018-05-25,90.70759582519531,91.27936237865704,90.2464958086117,90.6522660746702,18363900
2018-05-29,90.38482666015625,91.18713618110571,89.6655117644797,90.22804730826103,28671000
2018-05-30,91.25171661376953,91.52837951732262,90.29263449599993,90.66150898629752,22158500
2018-05-31,91.15027618408203,92.21080795846247,90.93817405070399,91.56527054927267,34140900
2018-06-01,92.94856262207031,93.0131163571511,91.45459570699106,91.55603829580795,28655600
2018-06-04,93.76009368896484,93.9353139803804,93.00388979798134,93.38199526138771,27281600
2018-06-05,94.23963165283203,94.36873910558559,93.63097620199797,94.06441138016856,23514400
2018-06-06,94.51630401611328,94.6177466090165,93.97220923220485,94.50708707918005,21122900
2018-06-07,93.03153228759766,94.70071905079759,92.57043229344373,94.66383020696597,28232200
2018-06-08,93.72320556640625,94.01830935455665,92.7180107065853,93.22521660468448,22165100
2018-06-11,93.18832397460938,93.6863058427196,92.83788342971076,93.15143512589223,23490900
2018-06-12,93.42807006835938,93.55717749211622,92.91164037333202,93.23440893272412,18325200
2018-06-13,93.00387573242188,94.07363119174059,92.73643686759219,93.8061923269109,29492900
2018-06-14,93.52954864501953,94.09209136627189,93.14222622456599,93.74165780050387,25691800
2018-06-15,92.33989715576172,93.63097875431988,92.28456739902437,93.61253784735032,65738600
2018-06-18,93.01311492919922,93.24366498463827,91.68514435840487,92.22924614787229,23586000
2018-06-19,93.01311492919922,93.14222239737875,91.75892206474441,91.89725350517371,28653100
2018-06-20,93.94451904296875,94.54394343032246,93.25286902448879,93.48341903064878,26180800
2018-06-21,93.27131652832031,94.48862036553822,93.03154253491773,94.1381868642793,23198200
2018-06-22,92.59812927246094,92.93011488516953,91.8788071767422,92.59812927246094,38923100
2018-06-25,90.73526000976562,92.32144518047141,89.73006535846244,92.220002614729,35433300
2018-06-26,91.3716049194336,92.29380519427043,91.0672771401383,91.13183087794368,26897200
2018-06-27,89.95140075683594,92.23845311965374,89.82229330260405,91.83268985028008,31298400
2018-06-28,90.95661163330078,91.39927086614159,89.69320174499498,89.80386127633282,26650700
2018-06-29,90.93814086914062,92.13700366114283,90.67992599968231,91.23324458221121,28053200
2018-07-02,92.22923278808594,92.27533857099753,90.37560864082884,90.46782724248035,19564500
2018-07-03,91.34392547607422,92.80099633081876,91.24248289914642,92.66267194030688,14670300
2018-07-05,91.99868774414062,92.1462361076013,91.3254785475831,91.75891373820976,18977400
2018-07-06,93.28977966308594,93.53877063214097,91.91569623957844,92.11858141812743,19234600
2018-07-09,93.92609405517578,94.29497556234107,93.37277531234263,93.74165681950791,18212000
2018-07-10,94.1750717163086,94.53472917323798,93.93529773307965,94.06440517731954,19293100
2018-07-11,94.04596710205078,94.37795265735183,93.23442653003333,93.28053934829003,19644600
2018-07-12,96.08401489257812,96.28690000699505,94.73760381197073,94.7744856183854,24335900
2018-07-13,97.22756958007812,97.38434192904685,95.99181762532447,96.25003959729743,24635200
2018-07-16,96.74803161621094,97.58723018517944,96.38836704570497,97.19990776873244,21786900
2018-07-17,97.70710754394531,98.21432046395937,96.20392376363952,96.47136266366248,25901700
2018-07-18,96.94168090820312,97.79932731681505,96.57279944633683,97.69788473890611,29493900
2018-07-19,96.27769470214844,97.11689315940295,95.80737066716968,96.76645964390954,40171600
2018-07-20,98.00221252441406,99.7820591984975,97.82699927012321,99.6713996770147,56004000
2018-07-23,99.56993865966797,99.7267109766335,97.87308694081295,98.02986629360636,29707000
2018-07-24,99.2840805053711,100.35382911748734,98.91519900484398,100.12327905913658,26316600
2018-07-25,102.20743560791016,102.5025393493425,99.22872628134745,99.56071886993736,30702100
2018-07-26,101.09159088134766,102.36422465497036,100.98092432179509,102.12445062718776,31372100
2018-07-27,99.30250549316406,101.60800570703225,97.88231651712185,101.60800570703225,37005300
2018-07-30,97.1722183227539,99.16416670081408,96.60967574952599,98.85062207223602,34668300
2018-07-31,97.82701110839844,98.41721874715978,97.18146666637006,98.2051095789346,27655200
2018-08-01,98.01142883300781,98.16820116673662,97.21833615718973,97.78087880017299,23628700
2018-08-02,99.2010498046875,99.68059069000353,96.68344080825311,97.19987757224041,26104300
2018-08-03,99.63451385498047,99.64373782732766,98.5094284468243,99.413187769454,18659600
2018-08-06,99.71749877929688,99.98493766466297,99.19184498001282,99.70828184367745,20265900
2018-08-07,100.40913391113281,100.61201903776244,99.75437275253663,100.1140301912609,16080200
2018-08-08,100.97169494628906,101.21146896124074,100.29849276023295,100.8241465772773,15487500
2018-08-09,101.13768005371094,101.58956315409948,101.07312633020231,101.17456890083417,13677200
2018-08-10,100.51981353759766,101.15613387475953,99.94804692769652,100.90713590116202,18183700
2018-08-13,99.79127502441406,101.05469173289815,99.68983244744965,100.74114003069124,18472500
2018-08-14,101.03624725341797,101.21146753524033,99.63450610632557,100.11404709364356,16788300
2018-08-15,99.66613006591797,100.8973707363679,98.88849731641442,100.43449628589548,29982800
2018-08-16,99.64763641357422,100.77705148932749,99.33288509759336,100.25863423340353,21384300
2018-08-17,99.59207916259766,99.88831856022277,98.76816311723704,99.38841325243581,18061500
2018-08-20,98.93480682373047,99.88832724704376,98.57376524719251,99.52728567050582,17914200
2018-08-21,98.11088562011719,99.37915727500489,97.99053372557424,98.98108490831858,22881900
2018-08-22,99.11068725585938,99.36989584991643,97.92572964708171,97.99053179559597,18000600
2018-08-23,99.57354736328125,100.14751421204879,98.93478543827432,99.19399399484566,18167700
2018-08-24,100.35118103027344,100.49929717987754,99.57354829041543,99.67538123328855,17234000
2018-08-27,101.46208190917969,101.49911271414486,100.45301895976844,101.15658306539498,19662300
2018-08-28,102.07310485839844,102.29528268027143,101.63800162100569,101.7768654082659,19151500
2018-08-29,103.702392578125,103.71165204508694,102.08233194207648,102.24896703287192,20818000
2018-08-30,103.6375732421875,104.2485708280436,103.16544644901073,103.3783647134859,22798700
2018-08-31,103.9893798828125,104.40596407967955,103.23951844038639,103.39690112762636,23222700
2018-09-04,103.4154052734375,103.64684249060916,102.03604143670732,102.61926068133471,22634600
2018-09-05,100.43451690673828,103.14696202593207,100.07347532627436,102.76740857132603,32872400
2018-09-06,100.66594696044922,100.89738421660626,99.52727961538318,100.21233191599471,23477600
2018-09-07,100.1753158569336,100.64744990662261,99.26808563444708,100.19383479537936,22498600
2018-09-10,101.2584457397461,101.49914251122904,100.31418465609137,100.75854032031502,20727900
2018-09-11,102.9803237915039,103.30433455097608,100.8048149060138,100.81407437425726,24301800
2018-09-12,103.4154052734375,103.54500955002136,102.30450945617486,103.15619672026978,18891100
2018-09-13,104.52630615234375,105.28541992761669,103.79496371253516,103.79496371253516,26055600
2018-09-14,104.95216369628906,105.28543389187014,104.09121686818862,104.94290422893843,19122300
2018-09-17,103.81348419189453,105.25765025904198,103.55427562219154,105.24839785505532,20736500
2018-09-18,104.80403900146484,105.25765401463005,103.4246750275275,103.85977816915505,22170900
2018-09-19,103.40616607666016,104.90588208054983,102.79517537627122,104.65593294468725,21728400
2018-09-20,105.1373062133789,105.35023157600118,103.61907852576292,103.94308924027172,23714500
2018-09-21,105.77606201171875,106.72958216500041,105.08175039763177,105.53536534122243,71229700
2018-09-24,106.1556167602539,106.36854209907044,103.88753494936726,104.63738924238064,27334500
2018-09-25,105.95197296142578,106.55371123954869,105.30395146985006,106.27599077011818,22668000
2018-09-26,105.51687622070312,106.51667979272784,105.29469137100475,105.97049126208778,19352000
2018-09-27,105.91496276855469,106.37783733973885,105.72054923330055,106.25748543097149,19091300
2018-09-28,105.8779067993164,106.063053758638,105.23913778272043,105.71127171076544,21647800
2018-10-01,107.02584838867188,107.09065053974841,106.21119176615191,106.22970363950031,18883100
2018-10-02,106.59999084472656,107.23875280450672,105.9427099510955,106.73885459699315,20787200
2018-10-03,106.61851501464844,107.55352352067055,106.39633722313489,106.84995227415557,16648000
2018-10-04,104.41525268554688,106.23897973210137,103.34138022777447,106.10011594009205,34821700
2018-10-05,103.80422973632812,104.7670095152075,102.4248657450153,104.2671042225449,29068900
2018-10-08,102.61927032470703,103.71165437492729,101.22138742401492,103.36913178158373,29640600
2018-10-09,103.92459106445312,104.68370500829724,102.57299828945773,102.887749578486,26198600
2018-10-10,98.27752685546875,103.22102360943941,97.93499714927592,102.98032686825242,61376300
2018-10-11,98.04607391357422,100.84183261290819,96.4630370061691,97.52764970287686,63904300
2018-10-12,101.43429565429688,102.98029445399327,99.16621392122863,100.91587858683049,47742100
2018-10-15,99.61058044433594,101.35099290038424,99.00884224544484,100.82331630875129,32068100
2018-10-16,102.7581558227539,103.13771636508666,100.8603672369012,101.40656290903031,31610200
2018-10-17,102.48969268798828,103.50801539146791,101.4158272928534,103.38767053857956,26548200
2018-10-18,100.4437484741211,102.32301747679821,99.82349845052971,101.92494519572107,32506200
2018-10-19,100.5918960571289,102.62854116006616,100.17530474318393,100.84184519517206,32785500
2018-10-22,101.48985290527344,102.3322878238592,100.2030624544104,101.20287299639004,26545600
2018-10-23,100.07347106933594,100.87887528690548,97.30548338255582,99.76797218719871,43770400
2018-10-24,94.7226333618164,100.43450275336458,94.046833512931,100.36044820432699,63897800
2018-10-25,100.25861358642578,101.15658413039557,98.26825194174234,98.63855293238873,61646800
2018-10-26,99.01811218261719,100.67520374000112,96.98146720798121,97.84241406041187,55523100
2018-10-29,96.1390380859375,100.6289195964939,94.08387405084903,100.08273104346118,55162000
2018-10-30,96.02793884277344,96.62966999210155,92.67672520053253,95.96313670071177,65350900
2018-10-31,98.87924194335938,100.11048972768616,97.56468014469212,97.6109704168172,51062400
2018-11-01,98.05534362792969,99.35139378911569,97.69430204156501,99.10144463813442,33384200
2018-11-02,98.27752685546875,99.35139212793257,97.18514264596476,98.57376628196619,37680200
2018-11-05,99.52727508544922,99.74019339619628,98.03681865860294,98.4719218104394,27922100
2018-11-06,99.72169494628906,100.75852942597564,98.38861397194327,99.40693657716623,24340200
2018-11-07,103.6468505859375,103.90605915935069,101.27693555712673,101.3139663623149,37901700
2018-11-08,103.45245361328125,103.87829731751893,102.67482782195279,103.49874388972418,25644100
2018-11-09,101.43429565429688,103.17470085429316,100.68444138701118,102.61925298730735,32039200
2018-11-12,98.93480682373047,101.79536809367036,98.22197607617248,101.29546274240899,33621800
2018-11-13,98.99958038330078,100.66592400998495,98.72185291406862,99.5642877246107,35374600
2018-11-14,97.59567260742188,100.65454512810349,97.1307984935204,100.50578200681532,39495100
2018-11-15,99.74340057373047,100.22687368184289,96.61015321420481,97.61427602832889,38505200
2018-11-16,100.68244934082031,101.23099746067193,99.29712629004365,99.55745469223878,33502100
2018-11-19,97.2702865600586,100.93349067349995,96.27545599035545,100.66386276855377,44773900
2018-11-20,94.56470489501953,95.7361898154035,92.3704981967714,94.6483859360412,64052500
2018-11-21,95.86634063720703,97.09360801802328,95.0574571228492,96.32191528410425,28130600
2018-11-23,95.82916259765625,96.51717439370799,94.8343321422536,94.9923876600706,13823100
2018-11-26,98.99031066894531,99.13906672044014,97.23308680682108,97.4283331144552,32336200
2018-11-27,99.61322784423828,99.78988228323944,97.95827707912099,98.80434430574573,29124500
2018-11-28,103.31363677978516,103.50888307749067,100.28265524379705,100.31054655869544,46788500
2018-11-29,102.44896697998047,103.3136331787764,101.37045555205583,102.57913117391392,28123200
2018-11-30,103.09979248046875,103.1741740498185,101.67727866038477,102.9231380266173,33665600
2018-12-03,104.2154769897461,105.45204385341853,102.9510259071901,105.06155129439023,34732800
2018-12-04,100.8962631225586,104.72682794050696,100.60804347450515,104.07600709218781,45197000
2018-12-06,101.51921081542969,101.56569397056495,97.62356348824378,98.38595674793915,49107400
2018-12-07,97.45622253417969,101.76095487510167,96.97275650945875,100.76612441646886,45044900
2018-12-10,100.0316390991211,100.39424754510067,96.59157243872225,97.43764699031088,40801500
2018-12-11,100.96137237548828,103.15557910229101,99.89216742173524,102.08637414853797,42381900
2018-12-12,101.41694641113281,103.45309036751493,101.37975562786976,103.09978856664077,36183000
2018-12-13,101.76094818115234,103.08119615274552,100.99855486200929,101.88181999944426,31333400
2018-12-14,98.5811996459961,101.58428942674672,98.08843423926668,100.64524176683051,47043100
2018-12-17,95.66178131103516,98.36735168318374,94.56467827079511,98.00475049215157,56957300
2018-12-18,96.6659164428711,97.16798129587262,95.31777736719606,96.4613707146021,49319200
2018-12-19,96.40557861328125,99.3714701012204,94.2299644642607,96.36838783967072,68198200
2018-12-20,94.37874603271484,96.98203685429655,91.84053021092112,95.81055917662205,70334200
2018-12-21,91.32918548583984,95.76408208864746,90.61327526878587,94.4903242684013,111242100
2018-12-24,87.51719665527344,91.08743347847405,87.37774009818492,90.81780564574304,43935200
2018-12-26,93.4954833984375,93.61635521285486,87.35914625893676,88.4562494970154,51634800
2018-12-27,94.0719223022461,94.08122177031775,89.62772708170264,92.32399825580859,49498500
2018-12-28,93.33744049072266,95.21553621458088,92.52855683617967,94.91800991950707,38196300
2018-12-31,94.43453979492188,95.20623262922426,93.38392671117005,94.17421139140227,33173800
2019-01-02,94.01614379882812,94.60188263151633,91.9892923687848,92.55643935793105,35329300
2019-01-03,90.55747985839844,93.15147829530453,90.37152595462861,93.06779726525407,42579100
2019-01-04,94.76924133300781,95.30849703139141,91.97999652629915,92.7144985099424,44060600
2019-01-07,94.89009857177734,96.01509303722844,93.88597591153875,94.49960603205035,35656100
2019-01-08,95.57810974121094,96.66591334110157,94.56468060005534,95.80124730424653,31514400
2019-01-09,96.94486236572266,97.51200945613614,95.9872226504591,96.56366921101207,32280800
2019-01-10,96.32191467285156,96.46137832525802,95.18762070362244,95.96861290104906,30067600
2019-01-11,95.57810974121094,96.17314797158267,94.49959851527765,95.94071094117449,28314200
2019-01-14,94.88081359863281,95.6432068947515,94.14631161561098,94.7413499397321,28437100
2019-01-15,97.63288116455078,97.67007195164445,94.72276414187279,95.30851017182643,31587600
2019-01-16,97.97688293457031,98.79506605881,97.58639031259263,97.86531766738658,29853900
2019-01-17,98.66488647460938,99.13905297307626,97.40042829186534,97.62356588487422,28393000
2019-01-18,100.14318084716797,100.31983528048782,98.46963829180659,99.91074379002755,37427600
2019-01-22,98.25579071044922,99.5760314607729,97.4933974651368,99.25062100730099,32371300
2019-01-23,99.21342468261719,99.52024327592027,97.9396671577446,98.66487667648335,25874300
2019-01-24,98.7392807006836,99.48308228409998,97.93969648120714,99.35291807101476,23164800
2019-01-25,99.64112854003906,100.30124901449989,98.73927150945751,99.70621064052345,31225600
2019-01-28,97.69796752929688,98.99961676067194,97.30747488790965,98.79507096944502,29476700
2019-01-29,95.70829772949219,97.59568575117054,94.99238752535535,97.51200471082214,31490500
2019-01-30,98.9066162109375,98.9066162109375,97.00063655584451,97.27026439936245,49471900
2019-01-31,97.09363555908203,97.8281377209072,95.93144994102035,96.50789656120945,55636400
2019-02-01,95.55953216552734,96.78679967665957,95.15974010012883,96.48928049497349,35535700
2019-02-04,98.31156158447266,98.3673512936979,95.55020860722658,95.64318909146364,31315100
2019-02-05,99.68762969970703,99.7341128660425,98.51614466942026,98.60911809550892,27325400
2019-02-06,98.5811996459961,99.48305652702877,98.1163255500754,99.48305652702877,20609800
2019-02-07,97.87460327148438,98.17212245241596,96.96345388325122,97.80022879631407,29760700
2019-02-08,98.24649810791016,98.34877098520779,96.93555673419306,97.0564214558101,21461100
2019-02-11,97.85601806640625,99.0925851277653,97.59568965210272,98.73927619970999,18914100
2019-02-12,99.38079833984375,99.61323542214171,98.06985688425999,98.68348709294986,25056600
2019-02-13,99.306396484375,100.20825331440281,99.21342308913216,99.94792497035672,18394900
2019-02-14,99.39009857177734,99.75269985547057,98.23721262089163,98.84154336476908,21784700
2019-02-15,100.61735534667969,100.69173690806221,99.81777129535784,100.32913566309254,26606900
2019-02-19,100.57087707519531,101.0264588728598,100.20827578704078,100.21757525667516,18038500
2019-02-20,100.04798889160156,100.78562773150345,99.24499000885827,100.71092850433887,21607700
2019-02-21,102.1581802368164,102.22354026972947,99.78653356242748,99.81454398743175,29063200
2019-02-22,103.61479187011719,103.82954323695353,102.54101366480498,102.75577215535148,27763200
2019-02-25,104.19371032714844,104.74460829718721,103.88558844000987,104.35244798722077,23750600
2019-02-26,104.91265869140625,105.7343287785877,103.8015308941562,103.88556930150195,21536700
2019-02-27,104.73524475097656,104.91265361724037,103.53074654448424,104.28706367917597,21487100
2019-02-28,104.60453796386719,105.39819768558682,104.32442653934233,104.61387714846452,29083900
2019-03-01,105.0713882446289,105.5289085178153,104.26838940875324,105.40752762354012,23501200
2019-03-04,104.8193130493164,105.74369300678946,103.45608395458201,105.5289344693403,26608000
2019-03-05,104.2964096069336,104.94067799748723,103.85756766019237,104.80995790718804,19538300
2019-03-06,104.34308624267578,105.19277385427873,104.04429648200757,104.45513507431754,17687000
2019-03-07,103.07323455810547,104.15635196198211,102.58770383741921,104.01629269441734,25339000
2019-03-08,103.18528747558594,103.37202842391358,101.58862885913973,101.92476826509794,22818400
2019-03-11,105.35150909423828,105.46355080720902,103.62413049007475,103.6334625503489,26491600
2019-03-12,106.08916473388672,106.43463623528764,105.18345608393388,105.34218661829166,26132700
2019-03-13,106.91084289550781,107.37770247147073,106.23856396632733,106.56536424475901,35513800
2019-03-14,106.9948501586914,107.5644192832843,106.75208836281031,106.94816848581128,30763400
2019-03-15,108.22736358642578,109.47854352157728,106.9948477715577,107.69513696252727,54681100
2019-03-18,109.7773208618164,109.81467046928438,108.35807139657948,108.47011309527417,31207600
2019-03-19,109.85204315185547,110.58968202594784,109.2357851847489,110.26287467288245,37588700
2019-03-20,109.73065948486328,110.87913704936534,108.97434933489302,109.60927857305046,28113300
2019-03-21,112.25170135498047,112.81193134039562,109.32915627281827,109.37584507314901,29854400
2019-03-22,109.29181671142578,111.6634568091499,109.28247752636707,111.57942551475436,33624500
2019-03-25,109.86137390136719,110.18817410562987,108.61018681741983,108.83427736838422,27067100
2019-03-26,110.09481811523438,110.84178909125521,109.10507106453288,110.75775779498369,26097700
2019-03-27,109.03035736083984,110.3749149124421,107.8632086872157,110.06678595291488,22733400
2019-03-28,109.17977905273438,109.7866979169624,108.43280089311348,109.65597780758549,18334800
2019-03-29,110.12281036376953,110.47762098451452,109.20776269887678,110.24419125735626,25399800
2019-04-01,111.13123321533203,111.21527163039491,110.27221343752652,111.0658731697101,22789100
2019-04-02,111.28997802734375,111.56075741198899,110.66438083757869,111.1685899892928,18142300
2019-04-03,112.01828002929688,112.4477899545563,111.25263066275419,111.91557035980969,22860700
2019-04-04,111.44869995117188,112.2610380423641,110.53365220050554,112.13965001368894,20112800
2019-04-05,111.9435806274414,112.26104882094548,111.458049837255,111.47672108453817,15826200
2019-04-08,111.98091888427734,112.0649501740928,110.77642053094851,111.86887004081284,15116200
2019-04-09,111.3740005493164,111.6167694825802,110.72040010250305,110.76708177801224,17612000
2019-04-10,112.22370910644531,112.37310046902832,111.61679022236807,111.82220957916762,16477200
2019-04-11,112.35442352294922,112.83995433136408,111.97159526401448,112.55050368348473,14209100
2019-04-12,112.93331146240234,112.96132901663233,112.39175985037127,112.64386084875551,19745100
2019-04-15,113.02668762207031,113.52155755149984,112.57849936834114,112.92397796233469,15792600
2019-04-16,112.76525115966797,113.586928516548,112.13966108019707,113.57758933102583,14071800
2019-04-17,113.69895935058594,113.77365858018123,112.55048897132835,113.20408942101066,19300900
2019-04-18,115.19293212890625,115.33298430004031,113.2601338064279,114.0911432658111,27991000
2019-04-22,115.55706787109375,115.78115844117958,114.44593995807884,114.4926287585475,15648700
2019-04-23,117.125732421875,117.25645253294044,115.62244402091076,115.87454505690502,24025500
2019-04-24,116.7242202758789,117.50854085742748,116.26669281293124,117.45251999409145,31257000
2019-04-25,120.58980560302734,122.6626629649692,120.29102292561114,121.43949332968546,38033900
2019-04-26,121.2807846069336,121.8690322538097,120.46845347357069,121.1033756818488,23654900
2019-04-29,121.16875457763672,121.55156865320147,120.77659419094873,121.29012839540947,16324200
2019-04-30,121.9437026977539,122.03706604593145,120.81389647966573,121.20605673582125,24166500
2019-05-01,119.40398406982422,121.9903825851974,119.23591436358876,121.87834086351423,26821700
2019-05-02,117.84468841552734,119.51604648290713,117.20041994786774,119.49737523507723,27350200
2019-05-03,120.35636901855469,120.85123893074154,118.81573842362141,118.91844807977836,24911100
2019-05-06,119.65609741210938,120.03892566391802,117.75131670987436,118.01275691905519,24239800
2019-05-07,117.20040130615234,118.75037820682213,115.98657092635722,118.07809941249357,36017700
2019-05-08,117.19107055664062,117.99406944510429,116.48144214094266,117.1257105133336,28419000
2019-05-09,117.18174743652344,117.45252683126198,115.37966928263084,116.05194817664217,27235800
2019-05-10,118.70367431640625,119.45065224262058,115.61306721602068,116.63082446239495,30915100
2019-05-13,115.17424011230469,117.22842623802289,114.8847894946365,115.88386856473176,33944900
2019-05-14,116.4627685546875,117.53653965547308,115.50103204577395,115.65976968236609,25266300
2019-05-15,118.10283660888672,118.74948990017307,115.92859004334717,116.4534131109468,24722700
2019-05-16,120.83002471923828,121.25176511471228,118.51520734819658,118.78698908853909,30112200
2019-05-17,120.02404022216797,122.26388848069051,119.8834553556375,120.24895312836178,25770500
2019-05-20,118.2902603149414,119.57418582179464,117.8591605611729,118.57140859779234,23706900
2019-05-21,118.92755126953125,119.5179691556985,118.62765544876815,119.4242530523501,15293300
2019-05-22,119.64915466308594,120.18335138488968,118.57140176572481,118.66512500468781,15396500
2019-05-23,118.2527847290039,118.35587458844678,116.90324995090113,118.27152508977515,23603800
2019-05-24,118.30902099609375,119.41488825879041,118.05598678305543,118.93693395082015,14123400
2019-05-28,118.2340316772461,119.95843068632377,118.13094182886866,119.00251508782716,23128400
2019-05-29,117.09069061279297,117.5124166606057,116.24723136708701,117.50304290507549,22763100
2019-05-30,117.83104705810547,117.8591611715282,116.94072628260098,117.39057354760364,16829600
2019-05-31,115.90985107421875,116.79079821784713,115.57246736602409,116.42530039231634,26646800
2019-06-03,112.31108093261719,116.55649091208123,111.53323089252349,116.06915576760241,37983600
2019-06-04,115.42249298095703,115.53494942103089,113.07018139166809,113.66059915229235,29382600
2019-06-05,117.9247817993164,117.96226967316758,116.40655508370786,117.10006287475238,24926100
2019-06-06,119.78974151611328,119.9303192352101,117.70921129370355,118.49644223059795,21459000
2019-06-07,123.14480590820312,123.94141048583104,120.20207658285207,121.07365688662266,33885600
2019-06-10,124.26948547363281,125.65650130394036,123.70717441531568,124.08203892075095,26477100
2019-06-11,123.8008804321289,125.8064352869492,123.03238971291181,125.46905155902792,23913700
2019-06-12,123.22919464111328,123.67903481500306,122.49819899598188,123.14483798962789,17092500
2019-06-13,124.00704956054688,124.6443219364454,123.29478714023557,123.6883990724366,17200800
2019-06-14,124.12886810302734,125.38467959805942,123.36975838289842,123.95080250444688,17821700
2019-06-17,124.50376892089844,125.32847362371066,124.20386590157541,124.29758917015462,14517800
2019-06-18,126.66862487792969,126.7436006226237,125.17851949005886,125.75956363623617,25934500
2019-06-19,127.16532135009766,127.39023427460262,125.40342717395274,126.51866809182488,23744400
2019-06-20,128.3461456298828,129.01154633909664,127.19342409436848,128.8147332475897,33042600
2019-06-21,128.36489868164062,129.0771467432538,127.8869444389981,127.99940089605285,36727900
2019-06-24,129.12400817871094,129.70505227285932,128.39301260860177,128.39301260860177,20628800
2019-06-25,125.04727935791016,128.94593159968713,124.39125958168773,128.62729546554462,33327400
2019-06-26,125.51587677001953,127.21217601711012,125.20662151574263,125.90950296669142,23657700
2019-06-27,125.72206115722656,126.24689133895703,125.12226953540915,125.71269455225575,16557500
2019-06-28,125.54401397705078,126.14380561852889,124.79427085016299,126.11569150253466,30043000
2019-07-01,127.15594482421875,128.11186768676959,126.49055833276078,128.04627284824997,22613500
2019-07-02,127.99943542480469,128.00880203203266,126.83733262116739,127.56832838953423,15237800
2019-07-03,128.82412719726562,129.08653514574118,127.72761947665488,128.2055880472187,13629300
2019-07-05,128.44924926757812,128.70229061234994,127.19343774934305,127.39961746728143,18141100
2019-07-08,128.35549926757812,128.48670320065781,126.86538009169759,127.83066923510313,16779700
2019-07-09,127.88700866699219,128.3649631496752,127.26846924222569,127.45590153150332,19953100
2019-07-10,129.18959045410156,129.87372425822483,128.41173342194742,128.51482325271863,24204400
2019-07-11,129.70506286621094,130.4735535181549,129.20836107416366,129.51763065603177,22327900
2019-07-12,130.1736602783203,130.38922092130258,129.33957472549915,130.12681294739224,18936800
2019-07-15,130.1736602783203,130.77345197585282,129.76131510514838,130.6797430138346,16651500
2019-07-16,128.46800231933594,130.3142389549489,127.9431863965516,130.22989660310742,22726100
2019-07-17,127.70887756347656,129.26457763766572,127.66201594012202,129.04903133042646,20211000
2019-07-18,127.84944915771484,128.03688135247504,126.20939242828342,127.03411124542008,30381800
2019-07-19,128.0369110107422,131.83247460951378,127.87759289328382,131.4107484985754,48992400
2019-07-22,129.73313903808594,130.44540124866816,128.70225503353524,128.77723075571004,25074900
2019-07-23,130.5391387939453,131.19517293175588,129.3583030861742,130.97961232068786,18034600
2019-07-24,131.87928771972656,131.8980352266951,130.12677477235053,130.1736220895351,20738300
2019-07-25,131.3826141357422,131.77622606531844,130.56727616020288,131.60752706683664,18356900
2019-07-26,132.46038818359375,132.7790244370597,131.485731908238,131.551326760345,19037600
2019-07-29,132.16986083984375,132.6197010799464,130.61414606345792,132.6103344729188,16605900
2019-07-30,131.53260803222656,132.3479462706487,131.0171585653414,131.33579485390112,16846500
2019-07-31,127.70887756347656,131.66375833191734,126.59363670837297,131.51380685724666,38598800
2019-08-01,129.3864288330078,132.08549846503925,128.32741609263078,128.39302523237436,40557500
2019-08-02,128.29930114746094,129.6301027436691,126.76233412806678,129.41454211461277,30791600
2019-08-05,123.9039306640625,125.51585873717264,122.56376278737882,124.92544812730847,42749600
2019-08-06,126.22819519042969,127.15598996566305,124.8411791818876,125.3941094035148,32696700
2019-08-07,126.78102111816406,127.12777126001093,123.54777052754066,125.38462534939116,33414500
2019-08-08,130.1642303466797,130.25795356326321,127.39018615757558,128.018105968406,27496500
2019-08-09,129.0583953857422,130.62347616036615,127.88692645562026,129.90184729536685,23466700
2019-08-12,127.25900268554688,129.1989620393762,126.74356781197011,128.45859998994524,20484300
2019-08-13,129.89248657226562,130.07991874953868,126.51865018071645,127.50268698659816,25154600
2019-08-14,125.9808578491211,128.745330467855,125.68936837600458,128.2187669876731,32527300
2019-08-15,125.69876861572266,126.54504366628409,124.35415215609167,126.36638512179515,28074400
2019-08-16,128.0024871826172,128.31278655553047,126.67666650229056,126.82711729178372,24449100
2019-08-19,130.14634704589844,130.27798788593395,128.71709339138744,129.61978368575635,24355700
2019-08-20,129.0650177001953,130.42845831403469,129.04622211148325,129.95831033623563,21170800
2019-08-21,130.50369262695312,131.16191139142256,129.76086500264245,130.27803073996265,14970300
2019-08-22,129.55397033691406,130.889188817738,128.1529242549466,130.38143533542126,18697000
2019-08-23,125.42610168457031,130.08997685734383,124.87133040480121,128.99922989022528,38508600
2019-08-26,127.3630599975586,127.46649310683601,125.90559867511305,126.93053197532566,20312600
2019-08-27,127.63581085205078,128.55729710705387,126.62028923830437,128.24699764053847,23102100
2019-08-28,127.46650695800781,127.65456326409968,125.57651740795328,126.82711264774014,17393300
2019-08-29,129.8736572265625,130.17455878321485,128.73590729143865,129.05560443454982,20168700
2019-08-30,129.6292266845703,130.87041013092067,128.13415926255126,130.84220239448865,23940100
2019-09-03,127.91788482666016,129.00863182880175,127.59818757189551,128.4538605312194,18869300
2019-09-04,129.41294860839844,129.4693640751677,128.33159955346446,129.10264919338846,17995900
2019-09-05,131.6884765625,131.99877600875112,130.47548651372017,130.80459590004781,26101800
2019-09-06,130.795166015625,131.81067296613517,129.94889109316404,131.66963431961344,20824500
2019-09-09,129.3095245361328,131.40638083548524,128.31281295925083,131.2559300150329,25773900
2019-09-10,127.95548248291016,128.71711995370117,126.4792108635026,128.63249675645295,28903400
2019-09-11,127.99307250976562,128.13412550254242,127.02456888669381,127.7956184067655,24726100
2019-09-12,129.3095245361328,130.15578529256243,128.6983234584626,129.61982397289833,27010000
2019-09-13,129.12147521972656,129.81728519361548,128.41625310168408,129.55400341736876,23363100
2019-09-16,128.1905517578125,128.53845667663396,127.56055517745408,127.72040377117685,16731400
2019-09-17,129.18727111816406,129.30951419347664,128.2845806154304,128.78295071178985,17814200
2019-09-18,130.2498321533203,130.39087084259643,128.37863757149674,129.15908513031417,23982100
2019-09-19,132.64756774902344,133.86994110897095,131.7072717196615,131.9235357890367,35772100
2019-09-20,131.11489868164062,133.19294515787774,129.99594395699876,132.59115619014355,39167300
2019-09-23,130.83282470703125,131.2935750525382,130.17462017615182,130.91744792933375,17139300
2019-09-24,129.1779022216797,132.29028048475192,128.70775410102752,131.97998100338765,29773200
2019-09-25,131.03965759277344,131.603840959693,127.90847003670576,129.29070637265758,21382000
2019-09-26,131.2089080810547,131.81069699554976,130.1745910065241,131.1148870821589,17456600
2019-09-27,129.50697326660156,131.979956513644,128.4914517926957,131.78248802658757,22477700
2019-09-30,130.72935485839844,130.90801339831535,129.553984830291,129.80786877374024,17280900
2019-10-01,128.8863983154297,131.8765331425289,128.82057069894088,131.32176186546792,21466600
2019-10-02,126.61084747314453,128.22815770024698,125.60473823932058,128.11532677437685,30521700
2019-10-03,128.14358520507812,128.5855256366245,125.26628067477783,126.8929893400409,24132900
2019-10-04,129.8736572265625,129.9959002774245,128.27515716323072,128.5854565131125,22897700
2019-10-07,128.93333435058594,129.93004543941126,128.83931339467713,128.95214428087687,15303700
2019-10-08,127.56993865966797,129.53515357985705,127.52292099672381,128.89575927670083,25550500
2019-10-09,129.98655700683594,130.419085241227,128.79237676811096,129.25312708957983,19749900
2019-10-10,130.795166015625,131.33112722018444,129.99590875793024,130.22158494014187,17654600
2019-10-11,131.340576171875,132.60998187611824,131.17132973012653,131.7543088265256,25446000
2019-10-14,131.21832275390625,131.91413268071037,131.1901150189158,131.3499636331216,13304300
2019-10-15,133.11773681640625,133.32458877562325,131.46280636042192,131.6978804049396,19695700
2019-10-16,132.02699279785156,132.5723663152234,131.19952755111063,132.3842955971231,20751600
2019-10-17,131.34991455078125,132.9766221677475,130.71991812510961,132.53468202099998,21460600
2019-10-18,129.2060546875,131.64141746717655,128.40679748519608,131.41574130060494,32273500
2019-10-21,130.16514587402344,130.23097346956862,128.82992750675447,130.18395580814718,20078200
2019-10-22,128.2281494140625,131.6508259728014,128.12471628943948,130.6729245336376,27431000
2019-10-23,129.0462646484375,129.24371882944357,127.51357714431069,128.7077574189304,29844600
2019-10-24,131.58505249023438,132.036390648741,130.39087229915881,131.0678867108094,37029300
2019-10-25,132.32785034179688,132.7133751402502,130.88919862832773,131.0208394927047,25959700
2019-10-28,135.58128356933594,136.97291764256804,134.94187482361625,135.7787376960855,35280100
2019-10-29,134.30252075195312,135.87281383369512,134.13325995899493,135.4778911138363,20589500
2019-10-30,135.97621154785156,136.34292643123823,134.2648658601945,134.95129230297334,18496600
2019-10-31,134.8102264404297,136.2770858341867,134.4529237341156,136.24887810336656,24605100
2019-11-01,135.1393585205078,135.79756293011184,134.4341364356935,135.6471121085509,33128400
2019-11-04,135.9197998046875,136.3429301666834,135.5530849112538,136.18308155649737,16912000
2019-11-05,135.8351593017578,136.36172273831394,135.31799365950533,136.31470507124052,18250200
2019-11-06,135.45904541015625,135.89158790216462,134.65039024075023,135.75053488730626,16575800
2019-11-07,135.64707946777344,136.2300726740913,135.18634366580756,135.2521569170413,17786700
2019-11-08,137.24560546875,137.27381319989922,135.17694286595528,135.38380912623475,16732700
2019-11-11,137.38662719726562,137.67811661507872,136.08901433316757,136.6625953754945,14362600
2019-11-12,138.2893524169922,138.75950046054308,137.3396441864404,137.54651047342517,18641600
2019-11-13,138.51502990722656,138.6560829448576,137.54652597617488,137.97906853801624,16919200
2019-11-14,139.22024536132812,139.54935475220276,138.2235337402069,138.2423436805433,19729800
2019-11-15,141.01617431640625,141.03498425138966,139.41767418945162,140.03825856613946,23485700
2019-11-18,141.36412048339844,141.56158898894984,140.08531713883045,141.11025085197898,21534000
2019-11-19,141.41111755371094,142.29499810615428,141.23245901467087,141.87186776766802,23935700
2019-11-20,141.1658172607422,142.31688312760556,140.0713732271126,141.81683157521755,25696800
2019-11-21,141.03372192382812,141.33564743404634,140.10910024283606,140.95824054627357,18576100
2019-11-22,141.13754272460938,141.80743112200489,140.41106127548144,141.5904311045124,15901800
2019-11-25,142.684814453125,142.79804369806604,141.44883770338845,141.5243190678164,22420900
2019-11-26,143.43963623046875,143.807598941976,142.76976241042755,142.80749590026912,24620100
2019-11-27,143.71327209472656,143.88309441054716,142.95847265456396,143.72270186896043,15184400
2019-11-29,142.8263702392578,143.69438447402376,142.73201491949175,143.50568823109214,11977300
2019-12-02,141.09976196289062,143.2509306587758,139.93926647088404,143.23205671678392,27418400
2019-12-03,140.8733673095703,140.98658220807218,138.36366481767868,139.1562122970055,24066000
2019-12-04,141.38284301757812,141.6941839441331,140.76956214592752,141.65645044887273,17574700
2019-12-05,141.4583282470703,141.82630545546746,141.03375798678707,141.57155754065573,17869100
2019-12-06,143.1754608154297,143.28867568329738,141.7790913241923,142.45840932459984,16403500
2019-12-09,142.80752563476562,143.6095028277362,142.3829554017944,142.53391818579414,16687400
2019-12-10,142.5904998779297,143.30755137751936,142.241396703405,142.74144823806375,16476100
2019-12-11,143.1282958984375,143.28868844106424,141.8357113865266,142.97733313010576,18856600
2019-12-12,144.58128356933594,144.76997982651594,142.48672200245406,143.08111449274102,24612100
2019-12-13,145.7984161376953,146.1380752279204,144.1944760325341,144.35486860338978,23845400
2019-12-16,146.7418975830078,147.09098641486455,146.0720236409799,146.34563108280756,24144200
2019-12-17,145.94932556152344,146.91169503134057,145.72288145197845,146.66637698018368,25425600
2019-12-18,145.64739990234375,146.69468051322278,145.46813344875017,145.5813627016825,24129200
2019-12-19,146.91171264648438,146.9683200815082,145.06245485496703,145.2983287653003,24958900
2019-12-20,148.5157012939453,149.5346786499343,147.4589760377684,148.4590938402691,53477500
2019-12-23,148.5157012939453,149.18557535792146,148.3836124364989,149.18557535792146,17718200
2019-12-24,148.48733520507812,148.79869046613936,148.24201714670278,148.58167612271507,8989200
2019-12-26,149.70443725585938,149.761044685428,148.5061938757916,148.65715661904102,14520600
2019-12-27,149.97804260253906,150.5347014611335,149.27985078892365,150.44034615778617,18412800
2019-12-30,148.6854248046875,150.03463060560506,147.8740182493612,150.00632689758407,16348400
2019-12-31,148.78929138183594,148.855343001136,147.60992157951225,147.91184715927704,18369400
2020-01-02,151.5442352294922,151.64802030530632,149.3836369741226,149.80820704914478,22622100
2020-01-03,149.65725708007812,150.9121078685936,149.12890188419777,149.3742199369989,21116200
2020-01-06,150.0441131591797,150.11016476552868,147.66650007283684,148.20429950761726,20813700
2020-01-07,148.67608642578125,150.64798941189073,148.43078267327837,150.31777448312974,21634100
2020-01-08,151.0442352294922,151.71412356453547,149.0251548459884,149.949776674837,27746500
2020-01-09,152.9312286376953,153.05388769690074,151.93112540707537,152.69535469097917,21385000
2020-01-10,152.22357177734375,153.9973480554913,152.07260903099078,153.6199555862088,20725900
2020-01-13,154.053955078125,154.08225879341623,152.14809000111734,152.61983778477074,21626500
2020-01-14,152.96896362304688,154.35590346442973,152.5821269278907,154.15776303140277,23477400
2020-01-15,153.9595947265625,154.67666054808353,153.38407627006706,153.43123952960977,21417900
2020-01-16,156.7806854248047,156.84673703698928,154.76160511659748,155.06353066383713,23865400
2020-01-17,157.65814208984375,158.0072309026949,156.08249155325078,157.96005323691986,34371700
2020-01-21,157.09201049804688,158.68652029544697,157.02595889858074,157.26183278821745,29517200
2020-01-22,156.33724975585938,158.02611528456538,156.31837580898244,157.94118972192078,24138800
2020-01-23,157.29959106445312,157.37507244171542,155.93152529350064,156.799539537116,19680800
2020-01-24,155.71449279785156,158.06380180297066,155.15783390155633,158.04492786170331,24918100
2020-01-27,153.11045837402344,154.14830924899513,151.14798588100405,152.04430378397066,32078100
2020-01-28,156.1107940673828,156.39383124054007,153.85584007609117,154.52571391469783,24899900
2020-01-29,158.5449981689453,159.214886395841,156.32779209265254,158.35630192364818,34754500
2020-01-30,163.01718139648438,164.2154249334723,161.1396198225113,164.2154249334723,51597500
2020-01-31,160.61122131347656,162.6586046472584,159.99795504912353,162.4793526106027,36142700
2020-02-03,164.52674865722656,164.6399635094619,160.7716262299697,160.79992994302856,30107000
2020-02-04,169.94241333007812,170.43303504559876,166.34769759922398,167.1308006308782,36433300
2020-02-05,169.73487854003906,173.79191311743807,168.3290790956933,173.63152056859474,39186300
2020-02-06,173.25413513183594,173.43340163395135,169.8858482782438,170.74443289542648,27751400
2020-02-07,173.49935913085938,175.1410462206965,172.16902723374636,172.51813030251995,33529100
2020-02-10,178.03759765625,178.16968645015277,172.89555006965108,173.20690531169305,35844300
2020-02-11,174.01834106445312,179.9246186871627,173.1314528445182,179.87744102505104,53159900
2020-02-12,174.27308654785156,175.34867100497553,171.57468843308777,175.09392315032483,47062900
2020-02-13,173.32958984375,175.70718848393082,172.5370425670888,172.73518298540432,35295800
2020-02-14,174.87692260742188,174.93353004235755,172.32947286250848,172.89557600506723,23149500
2020-02-18,176.6506805419922,177.09412463421762,175.01843715376268,175.12222224761544,27792200
2020-02-19,177.18048095703125,178.0319405494964,176.41416443662806,177.91841645341376,29997500
2020-02-20,174.47471618652344,177.15210351535464,171.33376249869883,176.8682788334859,36862400
2020-02-21,168.95912170410156,173.6043421717942,167.69138773814998,173.29213644538692,48572600
2020-02-24,161.67434692382812,165.13697612345229,154.42742730343585,158.72260501512415,68311100
2020-02-25,159.0064697265625,165.41137248279898,158.60910642870195,164.80588644043308,68073300
2020-02-26,160.99317932128906,163.9165403125389,159.13888503210237,160.5579939912632,56206100
2020-02-27,149.64976501464844,158.02251375085504,149.460553371622,154.5125922995576,93174900
2020-02-28,153.27322387695312,154.8815589206955,143.80304190624392,144.19093515495462,97012700
2020-03-02,163.47190856933594,163.5949026496789,153.55706992157735,156.3952882488152,71030800
2020-03-03,155.638427734375,165.56273638671752,153.50976398083148,164.4274519386793,71677000
2020-03-04,161.35269165039062,161.49459677203134,156.6885460281868,159.40378432160293,49814400
2020-03-05,157.30349731445312,161.6554226701789,156.75477346692026,157.09536018483988,47817300
2020-03-06,152.85694885253906,154.3138942279223,147.58731781911428,153.84085795286106,72821100
2020-03-09,142.49745178222656,149.24295410550792,141.9108913840012,142.85696399322785,70419300
2020-03-10,152.24195861816406,152.34602715258907,144.35171879840118,149.63080416702533,65354400
2020-03-11,145.34515380859375,149.19566219854573,142.99888311407793,148.6564082651572,56371600
2020-03-12,131.56088256835938,145.19379521674048,131.10677166189632,137.4643820960806,93226400
2020-03-13,150.26470947265625,153.1786147486316,133.1407900163618,139.54570541900762,92727400
2020-03-16,128.11715698242188,141.2959565500694,127.71980820033161,132.45017146701056,87905900
2020-03-17,138.66586303710938,139.54570359494014,127.71979651062317,132.45015934434994,81059800
2020-03-18,132.82858276367188,138.12659491847523,127.73872216460964,130.55801437499716,81593200
2020-03-19,135.0140380859375,142.05280667661373,131.5041021024752,135.0708001368095,85922700
2020-03-20,129.94308471679688,139.16729308730046,128.53343126632095,138.12660739420775,84866200
2020-03-23,128.64697265625,132.9894576902478,125.3735689196874,129.62142646533584,78975200
2020-03-24,140.34046936035156,141.53253061336423,133.6517405661543,135.99799763105082,82516700
2020-03-25,138.99696350097656,146.00736386444476,136.65070785219186,140.87965288531754,75638200
2020-03-26,147.69139099121094,148.21173379721907,140.36878402755934,140.39716505007598,64568100
2020-03-27,141.6270751953125,146.53719464098646,141.1540388623716,143.56652704755473,57042300
2020-03-30,151.58920288085938,151.93925954595042,141.92034012233952,144.21930395943565,63420300
2020-03-31,149.20513916015625,155.89386596934028,148.11714684043403,150.80398997511287,77927200
2020-04-01,143.90716552734375,149.2430167040153,142.6867377013508,144.749169925289,57969900
2020-04-02,146.88722229003906,147.09535941069365,142.2514724629254,143.67058132052205,49630700
2020-04-03,145.53433227539062,148.8928924883755,143.98277397555609,146.7358483748475,41243300
2020-04-06,156.35745239257812,157.52111786991853,149.0821504046339,151.67439501876555,67111700
2020-04-07,154.6734161376953,160.83234362915013,154.45580904362706,160.4444503945996,62769000
2020-04-08,156.22499084472656,157.68193646280352,154.68288771165297,156.735863755087,48318200
2020-04-09,156.2344512939453,158.34418945652004,154.52206194881128,157.38866118857393,51385100
2020-04-13,156.58450317382812,156.6412796677308,153.5476175846326,155.4870697024385,41905300
2020-04-14,164.33285522460938,164.3801617554653,158.940242733342,159.88631560675475,52874300
2020-04-15,162.6109619140625,164.20982690607568,160.11333084582998,161.9676250441045,40940800
2020-04-16,167.49269104003906,167.7197536667839,163.57595095320664,164.9004612886677,50479600
2020-04-17,168.9685516357422,170.29304734069046,166.38576335721228,169.82001109807743,52765600
2020-04-20,165.61944580078125,169.1104555567061,165.55322823395514,167.10478652148615,36669600
2020-04-21,158.76992797851562,164.30444463062025,157.152137304255,164.1436140033889,56203700
2020-04-22,164.16250610351562,164.61661686660705,161.6081132117352,162.1473670361711,34620200
2020-04-23,162.17579650878906,165.61950089925315,161.69330458109863,164.72073463272773,32790800
2020-04-24,165.136962890625,165.1464184189872,161.50404784242332,162.78123709553486,34277600
2020-04-27,164.6639862060547,167.3602852288354,163.9544315522819,167.06700494835755,33194400
2020-04-28,160.6526336669922,166.19662132895724,160.25528478914947,166.12093376614055,34392700
2020-04-29,167.86163330078125,168.09815142092725,162.61094258227627,163.87867624163795,51286600
2020-04-30,169.54571533203125,170.67152985440285,166.72640795272287,170.29310650321034,53875900
2020-05-01,165.1559295654297,169.0064382134677,164.62611669069204,166.31959502467402,39370500
2020-05-04,169.19564819335938,169.34702329891886,164.4274478556324,165.08024036692368,30372900
2020-05-05,171.01214599609375,173.7462963201163,170.1985226590527,170.87969635685116,36839200
2020-05-06,172.6961212158203,174.26660551621677,171.83520594582544,172.26093581532623,32139300
2020-05-07,173.698974609375,174.5977408964451,172.73397629601027,174.23822860724684,28316000
2020-05-08,174.72071838378906,175.0234686100885,173.47190979011717,175.00454311196347,30877800
2020-05-11,176.6696319580078,177.39809758752233,172.98940950823808,173.27321978678938,30892700
2020-05-12,172.6676788330078,176.95338590593337,172.4690117012648,176.72633775536994,32038200
2020-05-13,170.05653381347656,174.1246484970332,167.0196347020538,172.70553973085677,44711500
2020-05-14,170.79446411132812,170.94583917314944,166.20600679682212,167.96570219171386,41873900
2020-05-15,173.28265380859375,176.9723310236414,167.45484336581754,169.403750532531,46610400
2020-05-18,174.93829345703125,176.15872079777952,174.0395273458231,175.7329910015149,35264500
2020-05-19,173.72732543945312,176.53716236645175,173.59487584581345,175.0518213758498,26799100
2020-05-20,176.1370391845703,176.3172959270405,174.50526111480437,175.33063201334923,31261300
2020-05-21,174.0214080810547,177.09522556251395,173.88858961139377,175.89036299593658,29119500
2020-05-22,174.09727478027344,174.9985583136124,173.17702752337723,173.79369596598414,20826900
2020-05-26,172.2568359375,176.93395718698432,171.81094223314764,176.78216050547536,36073600
2020-05-27,172.48451232910156,172.65528721071786,167.54175424409405,170.95709263901247,39517100
2020-05-28,172.09552001953125,174.70446542183254,171.12784887494325,171.46938412483502,33810200
2020-05-29,173.85067749023438,174.81836335004485,171.15635122877697,173.3573454571367,42130400
2020-06-01,173.45217895507812,173.613457478989,172.15245442489095,173.17704569725115,22622400
2020-06-02,175.42550659179688,175.51088679218194,172.048110221598,174.79935617005145,30794600
2020-06-03,175.8524169921875,176.40266906121542,174.1637188558485,175.340121328542,27311000
2020-06-04,173.53759765625,176.30782219414553,172.94940355898157,174.84681881585217,28761800
2020-06-05,177.5980682373047,178.10088213103182,172.6742732438919,173.25298548634973,39893600
2020-06-08,178.6985626220703,178.87881938074497,174.9796305982764,176.40269198638714,33211600
2020-06-09,180.06468200683594,180.91851294557603,177.65495690893232,178.3570056532285,29783900
2020-06-10,186.7435760498047,188.33741213662907,181.2126097291226,181.32646446997757,43872300
2020-06-11,176.71578979492188,185.7190167286618,176.52605114750392,183.22392528666057,52854700
2020-06-12,178.1103515625,181.8862033655673,175.68164819844708,180.76672098608847,43373600
2020-06-15,179.24879455566406,181.03236926005948,174.57165912641244,175.11242934147475,32770200
2020-06-16,183.641357421875,185.54825469768906,181.6395835851001,182.9962286548291,42556700
2020-06-17,184.27699279785156,186.25030659316172,183.75520065647348,185.0264655273721,25687800
2020-06-18,186.2502899169922,186.41156847786314,184.04928125447887,184.04928125447887,23061600
2020-06-19,185.14027404785156,189.06792275669048,184.4002833111231,188.40383036169425,44441100
2020-06-22,190.28225708007812,190.46249933268095,185.21614837815503,185.74742222527766,32818900
2020-06-23,191.5535430908203,193.48890010509766,191.0981530482965,191.72430349967055,30917400
2020-06-24,187.6923370361328,192.8248494174064,186.4779922790731,191.25948742661063,36740600
2020-06-25,190.0640869140625,190.32024203259226,185.4438852960937,187.65437585525592,27803900
2020-06-26,186.25975036621094,189.63714684348795,184.88412734837098,189.48535016501688,54675800
2020-06-29,188.26156616210938,188.34694638440172,183.6223858945179,185.73800010050581,26701600
2020-06-30,193.0714874267578,193.9158366509064,187.59745474347227,187.7302732345924,34310300
2020-07-01,194.20042419433594,195.76580026984053,191.42071814154644,192.72044279649725,32061200
2020-07-02,195.68040466308594,197.35013913569628,194.48503841884437,195.13015257335095,29315800
2020-07-06,199.89268493652344,200.3006367249916,197.41655756468825,198.11860638784356,31897600
2020-07-07,197.5683135986328,203.65901329392614,197.32165488909868,199.65546695751084,33600700
2020-07-08,201.9134979248047,202.32143536079624,197.98584791785674,199.29506941221717,33600000
2020-07-09,203.3270263671875,205.28136177031627,200.6232038291473,205.2339234935537,33121700
2020-07-10,202.71034240722656,203.09931598071202,200.25319330353184,202.66290413404784,26177600
2020-07-13,196.44888305664062,204.73109607206322,195.90811279433242,203.47879513374653,38135600
2020-07-14,197.6632080078125,198.1375617448352,191.66736982330443,195.55707625734152,37591800
2020-07-15,197.36911010742188,200.49036601836565,194.51350562552136,198.8111496204807,32179400
2020-07-16,193.46041870117188,195.14911677994027,191.93299914946266,194.86450165378372,29940700
2020-07-17,192.4738006591797,194.52299805350623,191.06022113744223,193.9822422543224,31635300
2020-07-20,200.7465362548828,201.4106286872803,192.59712687547508,194.48506023255374,36884800
2020-07-21,198.04269409179688,202.9664884191698,197.3596235217493,202.70085147260994,37990400
2020-07-22,200.88880920410156,201.41060121414287,197.70115148727237,198.46960223109352,49605700
2020-07-23,192.15121459960938,200.10138824412152,191.78121924610807,196.56271325026265,67457000
2020-07-24,190.97482299804688,192.4548043846007,187.37921345977261,190.13995576414365,39827000
2020-07-27,193.39404296875,193.50788324422007,190.5574021372156,191.13611433106948,30160900
2020-07-28,191.6579132080078,194.20044262484834,191.3922762383716,193.1663548161839,23251400
2020-07-29,193.59329223632812,194.153026308788,191.64843854313742,192.11331053064336,19632600
2020-07-30,193.4414825439453,193.97277098377302,189.33359119030618,190.69023617073978,25079600
2020-07-31,194.4945068359375,194.57990150729412,188.80226220258274,193.91579471916805,51044000
2020-08-03,205.43316650390625,206.47675080253617,199.64605800787368,200.67066409849275,78983000
2020-08-04,202.34982299804688,203.75392056729805,199.5226786078573,203.18469025802023,49280100
2020-08-05,202.01783752441406,203.97217324020892,200.71811249473402,203.87729667150487,28806400
2020-08-06,205.25289916992188,205.2718628994895,200.6990997033003,201.44857235284556,32656800
2020-08-07,201.5813446044922,204.6361835952166,200.11084523703616,203.82979098966894,27820400
2020-08-10,197.5683135986328,201.0121260502634,195.7657753514486,200.81289112923997,36716500
2020-08-11,192.94815063476562,196.99912154458283,192.7204556060686,196.53426409900342,36446500
2020-08-12,198.46011352539062,199.49420117028475,194.24785013665,194.7601457894926,28013100
2020-08-13,197.99525451660156,200.50933810472836,197.47346249067883,198.6973032856729,22588900
2020-08-14,198.18502807617188,198.8396386899495,196.86632498324673,198.05220958034238,17958900
2020-08-17,199.49424743652344,200.35757488939987,198.20400442791444,198.84913317028403,20184800
2020-08-18,200.6421661376953,201.46753707867512,198.47911406909904,199.73140051485709,21336200
2020-08-19,199.42491149902344,201.70732265950323,198.99696394115972,201.12721145538274,27627600
2020-08-20,204.0657501220703,204.4651687103095,198.6735774141608,199.27269804095937,26981500
2020-08-21,202.5822296142578,205.65395866789385,202.42056119155308,203.38106694213636,36249300
2020-08-24,203.21934509277344,204.9596781424091,202.0210749048594,204.2654371725125,25460100
2020-08-25,205.86317443847656,205.99631398949958,202.65830591741502,202.65830591741502,23043700
2020-08-26,210.31385803222656,211.20780126292092,206.70957075245423,207.20409531837257,39600800
2020-08-27,215.47779846191406,219.82386528727073,208.6496040485612,211.96860261070134,57602200
2020-08-28,217.69363403320312,219.33886163691153,215.47780004695665,216.99939288185305,26292900
2020-08-31,214.47926330566406,217.49393485993937,213.319040876432,215.87723599480228,28774200
2020-09-01,216.13397216796875,216.30514535953128,213.4331186639683,214.46020134670846,25725500
2020-09-02,220.2993621826172,221.45007970614427,216.2100697451334,216.79968568500595,34080800
2020-09-03,206.6524658203125,218.0739796006639,204.42712754859411,218.03594595556712,58400300
2020-09-04,203.751953125,207.66056760203185,195.13588685722308,204.56030973531264,59664100
2020-09-08,192.72984313964844,199.73871502955402,192.2923763469673,196.3816830611181,52924300
2020-09-09,200.93695068359375,204.3130063928278,196.57186053691743,197.42776995522604,45679000
2020-09-10,195.30703735351562,204.21792506843929,194.10878152227107,202.94357291773917,35461500
2020-09-11,194.03268432617188,198.40729363618516,191.37939858486314,197.04735500062918,33620100
2020-09-14,195.34510803222656,198.9493952369475,194.03272208163065,194.23243866542157,30375800
2020-09-15,198.54995727539062,199.5009581300524,196.79059988981783,198.20759638726756,21823900
2020-09-16,195.00274658203125,200.3283431648329,194.6128327120966,200.29981429738623,26328100
2020-09-17,192.9675750732422,194.31799446274707,190.16212562618733,190.2477122151913,34011300
2020-09-18,190.5710906982422,193.67134874869507,186.63394712032712,192.86300660159972,55225300
2020-09-21,192.61570739746094,192.7773903131104,186.75755314054098,187.52786151375366,39839700
2020-09-22,197.25657653808594,197.90326460276722,192.17823594587236,195.01221415675678,33517100
2020-09-23,190.76124572753906,197.90327097541524,190.22868760484096,197.71305920777692,30803800
2020-09-24,193.23388671875,195.49727363931507,189.4393876774126,190.05754700595773,31202500
2020-09-25,197.63705444335938,198.79726242852598,192.6157553136808,193.57627570633835,29437300
2020-09-28,199.17762756347656,202.15426497540128,197.86524169936015,200.54707115888118,32004900
2020-09-29,197.10447692871094,199.77680212996893,196.67652934860104,199.0920801973432,24221900
2020-09-30,200.02403259277344,201.59317836396667,196.41973084734164,197.55142430549373,33829100
2020-10-01,202.0496826171875,203.5047130134632,200.9655420373914,203.02921250458556,27158400
2020-10-02,196.0868682861328,200.65167528471918,195.46870902474427,197.80817750902324,33154800
2020-10-05,200.07156372070312,200.10009258534964,196.838152119923,197.06639754821663,21331600
2020-10-06,195.82058715820312,199.88135031174275,194.7839997215078,198.58800309532225,28554300
2020-10-07,199.5485382080078,199.8148173226299,196.59092456741251,196.9142614192931,25681100
2020-10-08,200.2617950439453,200.84190624227702,198.1125379787301,200.19521800770082,19925800
2020-10-09,205.23550415039062,205.2830570981348,200.87991823945055,200.87991823945055,26458000
2020-10-12,210.55157470703125,212.89104309760754,206.1864844473891,208.06946199860556,40461400
2020-10-13,211.94007873535156,214.17493684018692,209.6291388108704,211.80693917875223,28950800
2020-10-14,210.0380401611328,213.23340347358484,208.39281281758815,212.07318132071637,23421700
2020-10-15,208.89688110351562,209.56257889479267,205.4257187807253,206.46232088906044,22733100
2020-10-16,208.89688110351562,211.39800384153673,208.57354424934155,209.36286230184777,26057900
2020-10-19,203.723388671875,211.40747673142792,203.24788828089612,209.61959061778887,27625800
2020-10-20,204.13232421875,206.7190476608561,202.6487652321847,205.22598388990758,22753500
2020-10-21,204.2750244140625,206.29114195674626,202.67733513578315,202.67733513578315,22724900
2020-10-22,204.3605499267578,205.47321905932836,201.3268552222806,203.4475828248149,22351500
2020-10-23,205.63491821289062,205.682471159576,202.71535302876916,204.49372004805122,18879600
2020-10-26,199.78623962402344,205.73949910463583,197.90326219909565,203.37151652042783,37111600
2020-10-27,202.80093383789062,204.15135332070517,200.02401306196077,201.22226892417387,36700300
2020-10-28,192.7488555908203,198.607024621871,192.19728783819525,197.49435530937347,51195600
2020-10-29,194.6888885498047,197.1995301279508,193.40503164153142,194.0707438227818,31432600
2020-10-30,192.54910278320312,194.27991642057273,189.83874512601912,193.52863229189919,36953700
2020-11-02,192.416015625,195.22146540382536,190.3142972315909,194.2799692800792,30842200
2020-11-03,196.3151397705078,197.92233386665959,193.1673286170387,193.89960348859515,27512000
2020-11-04,205.78709411621094,207.62253348770093,202.0116191998531,203.53322651784097,42311800
2020-11-05,212.34896850585938,213.13830093445856,210.31382731432063,211.16021747082223,36080100
2020-11-06,212.75791931152344,213.3665592979318,207.3467219500644,211.36945163349586,25231900
2020-11-09,207.68910217285156,216.94233758860318,207.20409690001915,213.44266096892412,44395000
2020-11-10,200.6707000732422,205.8917003784362,199.4439152641953,203.9896985273652,44045100
2020-11-11,205.939208984375,207.35619077120182,201.80235004458964,201.98304250331452,29440800
2020-11-12,204.8836669921875,208.3738390780917,203.95169003331475,206.56694290113697,21593900
2020-11-13,205.9011993408203,206.7666136412532,203.66635593568657,205.75855501047297,18621100
2020-11-16,206.5859375,207.07095728381452,204.00873298692488,204.34157462112046,24953300
2020-11-17,203.95164489746094,207.01385422749843,203.59025993759715,205.511285682122,24154100
2020-11-18,201.26280212402344,205.16257527401476,201.11976980133684,203.71326545564156,28372800
2020-11-19,202.5404815673828,203.12211144423998,200.16628461776338,201.54885769573278,24792700
2020-11-20,200.60488891601562,203.3700058661989,200.23302815996874,202.33070459277454,22843100
2020-11-23,200.3379364013672,202.41653919403498,198.47863240124832,201.13886511693934,25683500
2020-11-24,203.9134979248047,204.28535867251247,199.14604498028865,199.84208903643668,33979700
2020-11-25,203.92308044433594,205.2770356855935,202.57866942287254,205.10541431868495,21012900
2020-11-27,205.21978759765625,206.21142601667475,204.08513140142963,204.85747104569143,14512200
2020-11-30,204.11373901367188,204.77163530412324,201.03395391105286,204.14234256764314,33064800
2020-12-01,206.1542510986328,207.21262646258575,203.42726684415777,204.53330510854798,30904500
2020-12-02,205.35325622558594,205.4486111007541,202.9027930641658,204.88605516495122,23724500
2020-12-03,204.2758331298828,206.31630244938077,203.71326261374324,204.62861999918616,25120900
2020-12-04,204.39027404785156,205.36283866897801,203.26514741770256,204.2567859272353,24666000
2020-12-07,204.32350158691406,205.51536487958126,203.08397540183014,204.39978258353827,24620000
2020-12-08,205.9635467529297,206.85983045142456,202.98866005078952,204.0184318820954,23284100
2020-12-09,201.94932556152344,205.21979155573646,201.38676956150456,205.15305477478972,32440600
2020-12-10,200.7288360595703,203.16976955673482,200.5762740787197,201.92069925538198,26733300
2020-12-11,203.34146118164062,203.39868285607827,199.38447982300622,200.28076358401762,30979400
2020-12-14,204.2377471923828,206.1542732064571,202.97914677410026,203.18891593533343,28798400
2020-12-15,204.1709442138672,205.40094067047508,202.36884758495555,205.1625680235338,27000600
2020-12-16,209.0814208984375,209.8728198548005,204.733506021788,204.76210957630974,35023300
2020-12-17,209.21490478515625,210.6165371249153,207.78466889145207,209.64397264344512,32515800
2020-12-18,208.42352294921875,209.47236851032108,205.97305948244417,208.42352294921875,63354900
2020-12-21,212.23744201660156,213.58186708243366,207.17440990603185,207.43185640885523,37181900
2020-12-22,213.5247039794922,215.13610554728626,211.53191196153603,212.3328406363443,22612200
2020-12-23,210.74049377441406,213.16235346564574,210.53072468118395,212.73328561098842,18699600
2020-12-24,212.3900604248047,213.2100630357943,210.91214688127394,211.12191600611644,10550600
2020-12-28,214.497314453125,215.51754212769447,212.64753982076812,214.01102479360088,17933500
2020-12-29,213.72491455078125,216.61398993703023,213.18143246826625,215.7844577615069,17403200
2020-12-30,211.3698272705078,215.13612745772272,211.16960235597048,214.75472241960352,20272300
2020-12-31,212.0753936767578,212.62842001281925,209.46282399587028,211.38887922848244,20942100
2021-01-04,207.56536865234375,212.6284013521997,204.81931110024084,212.1802596114298,37130100
2021-01-05,207.7655792236328,208.35675324152024,205.66790298203134,207.15534587063763,23823000
2021-01-06,202.37843322753906,206.4212396755141,202.08285339143748,202.30215221352643,35930700
2021-01-07,208.13746643066406,209.138634517425,203.77049208114227,204.08513119067524,27694500
2021-01-08,209.40560913085938,210.32096654437632,206.9360718717711,208.509325603842,22956200
2021-01-11,207.37469482421875,208.72864985432813,206.65003259041848,208.30911162404655,23031300
2021-01-12,204.9337615966797,207.00284934438994,203.39865544372427,206.4307490700466,23249300
2021-01-13,206.2781524658203,206.67861677106026,203.98023663300623,204.06606184414557,20087100
2021-01-14,203.11260986328125,207.34611125087815,202.8456336090287,205.8681976332636,29480800
2021-01-15,202.7598114013672,204.53330485909515,202.16865176516282,203.58935828504173,31746500
2021-01-19,206.37355041503906,206.8884290437698,202.74075280660028,203.80865784344329,30480900
2021-01-20,213.90609741210938,215.2886559996151,207.18398515320732,207.5749198269977,37777300
2021-01-21,214.50677490234375,215.7749191075521,212.075371036692,214.2493283744459,30709400
2021-01-22,215.44119262695312,219.3695836914555,215.29817486027105,216.51864163299658,30172700
2021-01-25,218.85467529296875,219.0930479201383,213.79164301974544,218.46374069262419,33152100
2021-01-26,221.52447509765625,223.2884239961353,219.3791212258297,221.07633334716795,49169600
2021-01-27,222.06796264648438,229.2572901681162,219.43633373660575,226.93077069531466,69870600
2021-01-28,227.81752014160156,231.3549769497505,224.15611943901934,224.65193866409186,49111200
2021-01-29,221.1717071533203,226.94985841468173,220.59007724966867,225.01427347529136,42503100
2021-02-01,228.50401306152344,231.22146705062914,221.61980986829332,224.1274947645994,33314200
2021-02-02,228.37049865722656,231.04027489971,227.58864403248438,230.0772547566796,25916300
2021-02-03,231.69822692871094,233.69101888663997,228.132166675749,228.42776099720072,27158100
2021-02-04,230.75425720214844,231.92706112737068,229.19053318429755,231.374034827884,25296100
2021-02-05,230.93544006347656,231.96521174500666,229.23822781496764,230.96404361998185,18054800
2021-02-08,231.19288635253906,232.34660192788067,229.61008833189024,231.84125303139,22211900
2021-02-09,232.43243408203125,233.37638057200232,230.1535918707079,230.62079300643464,23565000
2021-02-10,231.52659606933594,234.48240822021572,229.68635163313002,233.6051986080707,22186700
2021-02-11,233.11895751953125,233.74825035400383,230.88777811855226,233.39546343401466,15751100
2021-02-12,233.5956573486328,233.89123709414287,231.44075937329384,232.58494513457302,16561100
2021-02-16,232.36563110351562,234.68262057571042,231.62190968012231,233.63377520984275,26728500
2021-02-17,233.3787078857422,233.48383401445355,230.26317424435055,230.62633988583025,21653500
2021-02-18,232.9868621826172,233.12065774190984,230.1867070550558,231.0850549171446,16925600
2021-02-19,230.29183959960938,233.05377375121492,229.53683889334786,232.9486476243667,25262600
2021-02-22,224.11810302734375,227.386550086894,222.101603324749,226.89915507557774,36446900
2021-02-23,222.9330291748047,224.4238980172316,218.59420361274584,220.12330808748274,30228700
2021-02-24,224.15634155273438,224.77753213884318,218.85227690339812,219.81751532034556,26339700
2021-02-25,218.84271240234375,224.1945494104652,217.78189953492432,221.795780936671,39542200
2021-02-26,222.0824432373047,224.93993666424794,219.36828237595617,221.2701038437731,37819200
2021-03-01,226.4404296875,226.94694251809523,222.81836859782126,225.44650726256452,25324000
2021-03-02,223.5064239501953,226.78443662211785,223.1050373218698,226.50727933754183,22812500
2021-03-03,217.47605895996094,223.22929686707522,217.18935003891934,221.87222352894128,34029500
2021-03-04,216.68283081054688,222.18759526620298,214.32228361038455,216.69239700995695,44727800
2021-03-05,221.33705139160156,222.93304647278703,216.4248222073289,219.34922125325087,41872800
2021-03-08,217.3135986328125,223.0286010289096,217.06512533998108,221.11722762448446,35267400
2021-03-09,223.4204559326172,224.9495606251016,221.40395622843207,222.5603436572341,33080500
2021-03-10,222.1207275390625,226.49777489668543,221.75756188333716,226.49777489668543,29746800
2021-03-11,226.62200927734375,228.571603879023,223.92696557628574,224.54817072866422,29907600
2021-03-12,225.30313110351562,225.37003616967326,222.89479662640136,223.64023105792842,22653700
2021-03-15,224.40478515625,224.76795075810895,221.53772513977538,224.54814690664654,26034900
2021-03-16,227.17630004882812,229.42215512507744,225.4847304458189,225.80966043568304,28092200
2021-03-17,226.53599548339844,227.9790919022909,222.89483106316706,225.68543480408619,29562100
2021-03-18,220.49606323242188,223.81229764872128,220.12334595769255,222.2545234730616,34833000
2021-03-19,220.1424560546875,222.16850736597712,219.18676927273987,220.78276444867765,46430700
2021-03-22,225.53248596191406,226.4021496850385,219.9417135194071,220.06595744383355,30127000
2021-03-23,227.05197143554688,230.36820433382195,226.5645766325081,226.96596316135478,31638400
2021-03-24,225.02603149414062,227.4534696700632,224.89223591881614,227.31012247600984,25620100
2021-03-25,222.04421997070312,226.4403841405182,221.30835179207864,224.87305870810607,34061900
2021-03-26,226.0008087158203,226.22062717768958,221.28927982619135,221.28927982619135,25479900
2021-03-29,224.8157501220703,226.30661907775075,221.60464214728856,226.1059184494297,25227500
2021-03-30,221.57594299316406,223.48731618410747,220.85917804656026,223.18148947389884,24792000
2021-03-31,225.32225036621094,228.504688728598,222.092024753779,222.58898590552727,43623500
2021-04-01,231.61070251464844,232.07897971518804,227.50124634567533,227.90263305297643,30338000
2021-04-05,238.03289794921875,238.88345854528154,231.9451636368873,232.0025025067712,36910600
2021-04-06,236.8765106201172,238.34826175018762,235.93994171916324,236.63758894050287,22931900
2021-04-07,238.8260955810547,239.8104516951834,236.23619284363235,236.82871391899718,22719800
2021-04-08,242.0276641845703,242.87822479030498,240.8330557729979,241.56893863766072,23625200
2021-04-09,244.512451171875,244.6462467282904,241.25355598314442,241.66449426976965,24326800
2021-04-12,244.56980895996094,246.25182703657708,243.33696483947543,243.42298773302826,27148700
2021-04-13,247.0354461669922,247.70443852421852,245.44900274248587,245.85997018976445,23837500
2021-04-14,244.26394653320312,247.3603619356715,243.8530082747752,246.07020829480427,23070900
2021-04-15,248.0006866455078,248.41162490695785,246.30913176787533,246.50025159947802,25627500
2021-04-16,249.1857452392578,249.43423311853752,246.18490411402684,247.9720336082455,24878600
2021-04-19,247.27435302734375,249.89295426523887,246.39513764707326,248.66011032775415,23209300
2021-04-20,246.8157196044922,248.6697546099299,245.458631310674,246.39521501571758,19722900
2021-04-21,249.03282165527344,249.12839615609698,245.85039785107426,247.46551066969045,24030400
2021-04-22,245.77394104003906,250.17964236146761,244.31172709458374,248.67920736754326,25606200
2021-04-23,249.5775909423828,249.9216533410852,245.8695216560367,246.4525057441661,21462600
2021-04-26,249.9598388671875,250.8104140095919,248.64101575086653,250.06497956765273,19763300
2021-04-27,250.36129760742188,251.52723678852888,248.5932710146838,249.98856571822188,31014200
2021-04-28,243.27960205078125,245.1718722009615,241.74094589292326,244.73223532354257,46903100
2021-04-29,241.32040405273438,244.75132982958038,237.96594953196652,244.1396910245299,40589000
2021-04-30,241.00506591796875,241.86519270079532,238.53940705534927,238.6732026105505,30945100
2021-05-03,240.69924926757812,243.0789143649509,239.99203587034623,242.1710003473486,19626600
2021-05-04,236.80960083007812,240.07806217476235,234.86955799688863,239.84869211716045,32756100
2021-05-05,235.548095703125,238.44382515868284,234.9269051980848,238.02332068891104,21901300
2021-05-06,238.66363525390625,238.787879191213,233.84698070738517,235.52898404785154,26491100
2021-05-07,241.27267456054688,243.03113461686635,240.03983053154383,240.97639942940194,27032900
2021-05-10,236.22662353515625,240.5750007899498,236.16928466831055,239.75310967237866,29299900
2021-05-11,235.31874084472656,235.6723548531134,231.8209384749103,233.71319412843349,33641600
2021-05-12,228.4091339111328,233.55073330745444,227.52035223071903,231.4386591674871,36684400
2021-05-13,232.260498046875,234.71661944795864,230.72184213816303,231.0850076888588,29624300
2021-05-14,237.1536865234375,238.13804281452326,234.61157057956143,234.6975788964235,23901100
2021-05-17,234.3152618408203,235.6627836091261,232.7288329763286,235.62456255687053,24970200
2021-05-18,232.308349609375,235.49078841035117,232.13631840202916,235.35699284135924,20168000
2021-05-19,232.88308715820312,232.98845603876603,228.55341861359128,229.23351488389122,25739800
2021-05-20,236.10157775878906,237.50968232520998,233.5919015513451,233.68769674460555,21800700
2021-05-21,234.8467559814453,237.87370305685576,234.434868777639,237.14570923286777,21863100
2021-05-24,240.22052001953125,240.58452421046962,237.08820432202634,237.35641332073013,21411500
2021-05-25,241.1209716796875,242.10760089186203,240.25887330938028,241.16886928165923,17704300
2021-05-26,240.90061950683594,242.28956203132947,240.19177311991052,240.8431336244148,17771600
2021-05-27,238.81240844726562,240.89103543425676,238.75493718013217,240.59409080987143,24426200
2021-05-28,239.16683959960938,241.465792745696,239.0518970580082,240.43126602240122,18270200
2021-06-01,236.98287963867188,240.70908529709757,236.56141871663016,240.65161401755992,23213300
2021-06-02,236.88706970214844,238.77412110013952,235.48853873601223,237.68212307529706,19406700
2021-06-03,235.364013671875,235.96747662588672,232.76811590692853,234.8946406042707,25307700
2021-06-04,240.23008728027344,241.05387621610285,237.0881979939227,237.32767135182317,25281100
2021-06-07,243.12294006347656,243.39114906663502,239.2913661711621,239.45420630763013,23079200
2021-06-08,241.93515014648438,245.23030587769338,241.8776642631127,244.4160906173062,22455000
2021-06-09,242.9121856689453,244.77050121786456,242.54819611322142,243.12292338787182,17937600
2021-06-10,246.4084930419922,246.61923076287093,242.9888211464486,243.58271038731033,24563600
2021-06-11,247.0311737060547,247.60588643152087,245.80504193815267,247.12693967190552,18999700
2021-06-14,248.94696044921875,249.0044317216972,245.98704375362735,247.04073247004933,19150500
2021-06-15,247.48135375976562,249.0427248617362,246.82999318734542,248.8319871197661,18038900
2021-06-16,246.54263305664062,249.60787470899828,243.70726187295284,248.47756739780246,27220000
2021-06-17,249.91441345214844,250.72862879044064,245.2303293415949,245.28780061417174,27565500
2021-06-18,248.5062713623047,251.25542067246798,247.8549108828583,248.6978617304176,37202200
2021-06-21,251.57151794433594,252.42402776645838,247.05984876020153,248.87984015393747,26696100
2021-06-22,254.33029174804688,254.59850073681733,251.35122800563727,251.6577609163999,24694100
2021-06-23,254.1004180908203,255.59472972906184,253.29579099581272,254.79010263405425,19518700
2021-06-24,255.46060180664062,256.5717616960537,254.29197064989475,254.95291945680933,21446900
2021-06-25,253.86093139648438,255.9970444803335,253.61189895821977,255.0200036088558,25611100
2021-06-28,257.4051208496094,257.5775346492932,254.7134426795022,254.98165166765068,19590000
2021-06-29,259.97222900390625,260.2117023226704,256.69625037345827,257.5487601873158,19937800
2021-06-30,259.49334716796875,259.9339699994056,258.2480972924599,259.29219771509827,21656500
2021-07-01,260.16387939453125,260.393764479173,258.24809240227785,258.2576514590782,16725300
2021-07-02,265.9591064453125,266.2943749941608,261.02596110039144,261.33249401548636,26458000
2021-07-06,265.9686279296875,267.6066171073873,262.75009159477906,266.3230437344888,31565600
2021-07-07,268.1430969238281,268.8711052744127,265.48015439666386,267.63541458265394,23260000
2021-07-08,265.7388000488281,266.9936380649696,263.2961543378193,265.24067677167557,24618600
2021-07-09,266.2369689941406,266.3423232662013,263.7272922558075,264.1104438773112,23916700
2021-07-12,265.64300537109375,267.9898266674368,264.9341443751542,267.40552572361065,18931700
2021-07-13,269.1489562988281,270.94021266723723,265.71012175658416,265.83462337015317,26120100
2021-07-14,270.61444091796875,271.7160123476479,268.7369490345578,270.46117448467504,23113700
2021-07-15,269.1968078613281,270.6145007583491,268.04732397373385,270.1259657212331,22604200
2021-07-16,268.92852783203125,272.13747604092447,267.6928373640826,270.19295392795163,26186800
2021-07-19,265.34600830078125,268.56451546498283,262.8938040139855,267.1851468995876,32935600
2021-07-20,267.55877685546875,269.13929503242093,264.6276255505508,266.32308625199624,26259700
2021-07-21,269.55120849609375,269.66615103181897,265.61428048456565,267.1564748931921,24364300
2021-07-22,274.0915832519531,274.35979218742966,271.4861124933605,271.8884112802845,23384100
2021-07-23,277.4730529785156,277.7795567148543,274.43651739318557,275.2698801509867,22768100
2021-07-26,276.87908935546875,277.4921551936187,274.57059187126583,276.8312063761206,23176100
2021-07-27,274.4747619628906,277.3867366280159,271.035928428635,277.2430584755565,33604100
2021-07-28,274.168212890625,277.93272642565694,271.8788339438363,276.82156672462025,33566900
2021-07-29,274.4364318847656,276.467161014169,274.03410383432544,274.18737027103674,18168300
2021-07-30,272.9134216308594,274.58973513938895,271.9555281974139,273.16248327798326,20944800
2021-08-02,272.8272399902344,274.69511481884285,271.79269861607827,274.3023749668568,16267400
2021-08-03,275.03033447265625,275.1357179422913,272.0417118924598,273.40193331425957,17879000
2021-08-04,274.4460754394531,275.48058755485204,272.6643783324015,274.1682781399353,16191300
2021-08-05,277.329345703125,277.4347292005121,274.0533659477351,274.8005217895427,13900200
2021-08-06,277.27191162109375,277.3102355555204,275.5093906612259,276.3619301147874,16589300
2021-08-09,276.18939208984375,279.2738100175353,275.6912980438974,277.549613584763,16117600
2021-08-10,274.3789978027344,277.0706760159155,273.19121929801037,276.6396122772204,18616600
2021-08-11,274.8675537109375,276.50554342388034,273.82342406292844,275.1165861447633,13955900
2021-08-12,277.60711669921875,277.76038316922904,274.28322503938256,274.5610223433131,14561300
2021-08-13,280.5191345214844,280.5670175063844,277.1185948484272,277.29103790576875,18249000
2021-08-16,282.1954345703125,282.40617231232227,277.8082659137247,280.84480121005765,22507600
2021-08-17,280.7393798828125,281.074648413446,278.8235931164337,280.0784603423911,20075300
2021-08-18,279.02154541015625,282.94682679080387,278.58004973759836,280.27878590638954,21813000
2021-08-19,284.8182373046875,285.490058075922,277.01567958739867,277.0636542331081,29850500
2021-08-20,292.1026306152344,293.5230377753495,286.05635943722655,287.64951050790023,40817600
2021-08-23,292.3809509277344,293.10074648850605,289.6937258829428,291.0373384053386,22830200
2021-08-24,290.4326477050781,293.3406200208981,289.8376215126441,292.73598718389235,18175800
2021-08-25,289.8472595214844,292.3233431392219,288.3212965855392,292.04501401347983,20006100
2021-08-26,287.0448303222656,290.2503159413958,286.9104837323351,288.8683063071112,17666100
2021-08-27,287.64947509765625,288.7531556639914,284.8758490691569,286.9488636063391,22605700
2021-08-30,291.36358642578125,291.96821926723266,288.935477703884,288.99305899463644,16348100
2021-08-31,289.7224426269531,292.23692312498054,289.35774161636004,292.16015783837884,26285300
2021-09-01,289.6744384765625,292.8991369938273,289.34813475379116,290.6725629329241,18983800
2021-09-02,289.0218200683594,291.14280883019796,288.0908835783772,290.0295511305213,16285600
2021-09-03,289.01226806640625,290.41346160185293,288.16770342962735,288.8682855530755,14747900
2021-09-07,288.0909423828125,288.96429776620096,286.1907010174333,288.8875324668998,17180400
2021-09-08,288.1197204589844,288.50360551584674,285.49007706649724,287.70704475507114,15046800
2021-09-09,285.2789001464844,289.9719800475994,285.0389683549398,288.7051331589924,19927000
2021-09-10,283.80096435546875,287.84143755665605,283.48426721928973,286.40184654237044,19633400
2021-09-13,285.02935791015625,286.5169525710251,282.23654837919304,285.5668027729655,23652900
2021-09-14,287.7166442871094,289.25221376514764,286.0947028700539,287.4958964728086,21853400
2021-09-15,292.5440979003906,293.02396157546303,289.66491584995623,291.0469255772491,28356300
2021-09-16,292.92791748046875,293.01428940804146,288.6475426567624,291.5267240633766,19550800
2021-09-17,287.7933349609375,292.23687572129035,287.4670312908494,291.920178693675,41372500
2021-09-20,282.44769287109375,286.689699826259,277.86019819512114,284.39593784399835,38278700
2021-09-21,282.9275817871094,285.5572543702067,282.22699963878074,283.78175309872546,22364100
2021-09-22,286.5553894042969,288.12935637243464,282.64932121103874,284.7799171748866,26626300
2021-09-23,287.495849609375,288.7818804171432,285.54760475520084,286.8144515647207,18604600
2021-09-24,287.2944030761719,287.7262628330811,284.9718498809772,286.2195130742343,14999000
2021-09-27,282.3229675292969,284.5303284068583,281.14249251178086,284.21363131308823,23571700
2021-09-28,272.1019287109375,279.0695596937094,271.36294908401516,278.1290162051692,43186200
2021-09-29,272.56256103515625,275.2209951886973,271.6124403531808,273.61826695321446,26353700
2021-09-30,270.5663757324219,276.2383391909567,270.2784399241369,274.20372168206217,32343600
2021-10-01,277.4571228027344,278.301687374449,269.9616561615891,270.75821680304153,30086300
2021-10-04,271.7083740234375,276.16152262576014,268.96356808295144,275.82561222271863,31350700
2021-10-05,277.13079833984375,278.70473550593067,272.6104627485689,272.6104627485689,24993000
2021-10-06,281.30560302734375,281.8046798760864,274.01170032174,274.27081610113123,28002600
2021-10-07,282.9755554199219,284.69347521548,282.08301620161416,283.29225249177205,20430500
2021-10-08,282.9755554199219,284.69347521548,281.9294563433223,284.29037692639525,17685700
2021-10-11,282.3805236816406,285.9698937714107,280.96011698698385,281.1232834858587,19298600
2021-10-12,281.08489990234375,283.541799129027,280.5762456707699,283.44582055374815,17974100
2021-10-13,284.3766784667969,285.3076147413913,281.6702415503213,283.0330666499958,23416300
2021-10-14,290.5574645996094,291.0565122938527,285.8355929980948,287.16002147005213,27262900
2021-10-15,291.9585266113281,292.188880995026,288.4171318305973,290.16384190497433,25384800
2021-10-18,294.9145812988281,295.79751392665924,290.4998302940227,291.34439492137415,22729300
2021-10-19,295.81671142578125,296.8435972219743,294.8473776272357,295.9318739981731,17682100
2021-10-20,295.0297546386719,297.2275382211196,293.7820916523756,296.75725195686545,16537100
2021-10-21,298.2449035644531,298.49441277839924,294.0220794692839,294.7994856279611,16918100
2021-10-22,296.7093200683594,298.5615868809637,295.40407560259746,297.89937264623074,17449300
2021-10-25,295.7208251953125,296.93966851845744,294.1180674595812,296.9012712194873,17554500
2021-10-26,297.6210021972656,299.81878579139044,296.1718339720267,298.4751735047065,28107300
2021-10-27,310.1551208496094,312.96711513957035,303.27386241357704,303.27386241357704,52588700
2021-10-28,311.2875061035156,311.7865536762648,308.4179020167002,311.2682928158976,26297900
2021-10-29,318.26470947265625,318.6294104720148,310.8556147805,311.07636256657173,34766000
2021-11-01,316.1053771972656,318.1399943940643,313.2261952874065,318.0152251584686,27073200
2021-11-02,319.7139587402344,320.02107850414706,316.71000761817237,317.00752073679007,26487100
2021-11-03,320.54888916015625,321.4126377941951,317.3337971387141,320.45291058114077,21500100
2021-11-04,322.8905944824219,322.98657305209764,316.2396925724103,319.483574923038,23992200
2021-11-05,322.52587890625,325.1459443683277,320.9519417312207,324.8772219585156,22570100
2021-11-08,323.4185485839844,324.0519722245829,320.9712552672445,323.7160617546137,20897000
2021-11-09,322.42041015625,325.07884433236194,321.0575844525398,323.5336680917774,21307400
2021-11-10,317.477783203125,321.1535552109362,316.63324777065986,321.0959739152807,25500900
2021-11-11,319.04217529296875,320.32820650538764,317.19951507073364,317.90970398049546,16849800
2021-11-12,323.1593933105469,323.6488636296379,320.34739921433277,320.47216845555636,23831000
2021-11-15,322.53558349609375,324.2726876885674,320.57773146516666,323.94638389817203,16723000
2021-11-16,325.8370361328125,326.95032335349225,321.99812680159425,322.16126404658087,20886800
2021-11-17,326.0581970214844,329.0099576589885,324.9813404697,325.8851370775491,19053400
2021-11-18,328.1253356933594,329.25990808153233,324.1351865907532,325.15435635646554,22463500
2021-11-19,329.89453125,331.80790302922895,329.01960724084404,329.44266225338714,21963400
2021-11-22,326.7408142089844,336.2018344650954,326.47160009386823,331.3463268296399,31031100
2021-11-23,324.6736145019531,326.3754584116151,320.7123087229874,324.067875438659,30427600
2021-11-24,324.89471435546875,325.1350850982955,321.04878247024,323.32749241749696,21661300
2021-11-26,316.98175048828125,324.9139862915625,315.4818391564863,321.4718896050423,24217200
2021-11-29,323.6640930175781,325.9716468199308,321.84687569261206,322.03918406869917,28563500
2021-11-30,317.8567199707031,324.7697863608636,316.3183410190401,322.4045459611877,42885600
2021-12-01,317.36627197265625,326.2119266473579,316.7028757470775,322.22177836447145,33337600
2021-12-02,316.799072265625,320.64500484816296,315.17416340213174,317.577871266218,30766000
2021-12-03,310.5687255859375,319.8855009742166,305.7805282587088,319.20282671484654,41779300
2021-12-06,313.6261901855469,314.8376683407075,306.93427569570224,311.4724773249387,30032600
2021-12-07,322.0198974609375,322.8659778487916,317.3855423848686,318.8662344123449,31021900
2021-12-08,322.0680236816406,322.5776085960502,318.05862588929494,322.394924443513,24761000
2021-12-09,320.27008056640625,323.52949356795324,319.3278164061056,321.52962129274965,22214200
2021-12-10,329.3464660644531,329.78874012403924,321.89497120742305,322.0776553641923,38095700
2021-12-13,326.3273620605469,330.54828700278097,326.0196804228618,327.55805926915104,28899400
2021-12-14,315.6933898925781,321.75075164875943,311.6263053995195,320.38543259627,44438700
2021-12-15,321.7603759765625,322.2795851671007,312.0013264864769,315.95300870998227,35381100
2021-12-16,312.3858642578125,323.78906948093504,310.5782712717892,322.7794945853097,35034800
2021-12-17,311.3282470703125,312.40513289702955,305.03054387453375,308.52073257010983,47750300
2021-12-20,307.58807373046875,310.36674473714834,305.3382067120296,307.72266611167277,28326500
2021-12-21,314.6838073730469,315.10686227817746,307.48227910762097,310.8378750297764,24740600
2021-12-22,320.3661804199219,320.760362669551,313.2031195933652,315.6548897596977,24831500
2021-12-23,321.79876708984375,323.4333000256045,319.91426851160736,319.9334876096026,19617800
2021-12-27,329.2599182128906,329.2887615338592,322.5102876848739,322.5391310058425,19947000
2021-12-28,328.10614013671875,330.5675347673697,327.21196780790996,329.93295233791673,15661500
2021-12-29,328.7791442871094,331.0386060056612,326.59655896072684,328.15415682405353,15042000
2021-12-30,326.2503967285156,329.913644365541,325.76965526074713,328.7406340105007,15994500
2021-12-31,323.3659973144531,326.288884758608,322.9140990920403,325.47164761227714,18000800
2022-01-03,321.8564453125,324.98126516990294,317.0778734645708,322.433341000755,28865100
2022-01-04,316.3375244140625,322.28910640339575,313.5588245196175,321.9333330536582,32674300
2022-01-05,304.19403076171875,313.5108044365724,303.8094433864934,313.308871857317,40054300
2022-01-06,301.7903137207031,306.42466920650463,299.49235507622586,301.08842050942394,39646100
2022-01-07,301.9441833496094,304.3094237353557,298.14631308588326,302.0499324142328,32720000
2022-01-10,302.165283203125,302.597962334878,292.95428801782003,297.56939515988586,44289500
2022-01-11,302.8480224609375,304.41521560321814,297.95407595164454,301.30964330202585,29386800
2022-01-12,306.01129150390625,310.9533299467762,304.8671239840089,307.3573916511805,34372200
2022-01-13,293.0600280761719,308.5206922774309,292.2908533568236,308.1264806975711,45366000
2022-01-14,298.2520446777344,298.84815945566663,292.0504674590349,292.53120896925554,39846400
2022-01-18,290.9927978515625,297.8673948134617,290.1178448793746,292.3581164990314,42333200
2022-01-19,291.6466979980469,301.8192070990576,291.0409882048272,294.49270951204926,45933900
2022-01-20,289.9833068847656,299.6462002381442,289.541032877528,297.16558676731063,35380700
2022-01-21,284.6278076171875,292.39657724568343,284.2239718518976,291.03128783502143,57984400
2022-01-24,284.9547119140625,285.6661999443274,265.41737031888897,280.9453442370806,85731500
2022-01-25,277.3782958984375,283.6279370796621,274.1861937797464,280.2915889984612,72848600
2022-01-26,285.2816162109375,296.61750913568017,281.7433657696805,296.1271434101873,90428900
2022-01-27,288.2911071777344,295.4637633356451,286.45467082104994,291.0024967310887,53481300
2022-01-28,296.38677978515625,296.5983072336974,283.1087009699881,288.666071926605,49743700
2022-01-31,299.0021057128906,300.3481765478178,294.56965216749705,297.0502956667104,46444500
2022-02-01,296.86749267578125,298.6654611438378,293.37730478266843,298.4539337157057,40950400
2022-02-02,301.3865051269531,302.98257070424955,296.9829251353378,297.70403751014493,36636000
2022-02-03,289.646728515625,299.2423385828115,288.40640733788615,297.5693383559152,43730000
2022-02-04,294.15618896484375,296.906016986016,288.4161327669498,288.64687935833757,35096500
2022-02-07,289.3583679199219,295.98297161566165,288.3487929994967,294.37731117460294,28533300
2022-02-08,292.8293151855469,293.79079836630905,288.3968918064597,289.64680820459523,32421200
2022-02-09,299.22320556640625,299.91547470681274,295.55036170966486,297.9348214827328,31284700
2022-02-10,290.7332763671875,297.2136633368289,289.1179917352157,292.3293418995418,45386200
2022-02-11,283.67596435546875,292.5696824760353,282.8875412205064,291.51204526354115,39175600
2022-02-14,283.6374816894531,285.3297011391844,280.1280746488406,282.45484705008886,36359500
2022-02-15,288.8968505859375,289.21412712294915,285.57972189739905,288.45457654151164,27058300
2022-02-16,288.55950927734375,289.8794595902919,282.9521020737808,287.470782551249,29982100
2022-02-17,280.11004638671875,285.9582953483795,279.40670169055386,285.5343655866929,32461600
2022-02-18,277.4122314453125,283.1256081080043,275.8514129414356,282.34519885606585,34264000
2022-02-22,277.2099609375,280.8904283246642,274.10758220532034,274.5893178506724,41736100
2022-02-23,270.0321044921875,281.04460436118626,269.8683308283759,279.58010909240227,37811200
2022-02-24,283.8289489746094,284.37813456051526,261.60166355056816,262.5555199373533,56989700
2022-02-25,286.4496765136719,286.75799441504483,280.9964249197429,284.3589600636408,32546700
2022-02-28,287.87554931640625,288.212770094987,282.29704319923974,283.5591880367457,34627500
2022-03-01,284.1758117675781,289.0124260885947,281.4780750548052,285.5728272162815,31217800
2022-03-02,289.2244567871094,290.4576988958387,282.97153735333467,284.57087386389,31873000
2022-03-03,285.1103515625,292.0569692471533,283.3086360922176,291.82574561580225,27314500
2022-03-04,279.2718200683594,284.8599721137397,276.68010892137534,283.5400209331803,32356500
2022-03-07,268.7217712402344,279.1079901922431,268.35564745891236,277.9903600081898,43157200
2022-03-08,265.7735290527344,273.58726615536074,260.1372168079997,267.6522801991081,48159500
2022-03-09,277.9613952636719,279.02121928908525,270.5233976527745,273.0862341495731,35204500
2022-03-10,275.15771484375,276.13083008813146,270.33071510240313,272.68158699777644,30628000
2022-03-11,269.8394470214844,278.9346195571201,269.22281120078367,277.44122121794356,27209300
2022-03-14,266.3420104980469,274.97470517723553,265.7446629920697,270.09954271533127,30660700
2022-03-15,276.6607360839844,277.3062746946172,268.5483254301358,270.10914399569396,34245100
2022-03-16,283.63629150390625,283.80970925762125,272.8550467725236,278.54913550581284,37826300
2022-03-17,284.4359436035156,284.81168204871824,278.7996317030362,282.576451409173,30816600
2022-03-18,289.45556640625,290.0047518967463,282.0368578366176,284.5804058196117,43390600
2022-03-21,288.2319641113281,289.1761761984461,284.1275685810139,287.9718375477952,28351200
2022-03-22,292.9530334472656,293.8586986740922,287.85626286698505,288.84863696836237,27599700
2022-03-23,288.5499572753906,292.15335927003025,286.84462397235353,289.5327166388402,25715400
2022-03-24,292.9915466308594,293.08789961459325,287.42268524354915,288.2127385462436,24484500
2022-03-25,292.5869445800781,294.3404693263562,288.3573210468133,294.0803426717011,22566500
2022-03-28,299.35052490234375,299.4468485037341,293.2131884282858,293.2131884282858,29578200
2022-03-29,303.8884582519531,304.2834849768808,297.7607660592807,302.4432514351578,30393400
2022-03-30,302.3949890136719,304.40866924528797,300.198276345619,302.29866543748443,28163600
2022-03-31,297.04779052734375,303.6283150055242,296.643149106342,302.4335907750661,33422100
2022-04-01,298.1173095703125,298.801365976558,294.3790361342476,298.0691183624966,27110500
2022-04-04,303.46453857421875,303.59940925877385,298.3966704273003,298.76279420407815,24289600
2022-04-05,299.5239562988281,303.36819729800135,298.550840896908,301.8266373690895,23156700
2022-04-06,288.55950927734375,295.78554039447255,285.87141746898897,294.04166057042914,40110400
2022-04-07,290.361328125,292.55804141565983,285.52471299808303,285.82338673563873,31411200
2022-04-08,286.1220397949219,290.1204393434208,285.4572423231668,289.4652859924413,24361900
2022-04-11,274.8398132324219,281.9213032700954,274.58930130303617,281.13127920546333,34569300
2022-04-12,271.7566833496094,280.1196062790801,270.2440265143357,278.6743994842394,30966700
2022-04-13,277.1136474609375,278.0385717991764,271.0245009783346,272.40228746673256,21907200
2022-04-14,269.6081237792969,277.7783698621316,269.1167734779353,277.56640502923614,28221600
2022-04-18,270.2729187011719,272.14205510022083,268.17255863306326,268.7217442498862,20778000
2022-04-19,274.8782958984375,275.7165404624221,268.2399952405621,269.1745633932946,22297700
2022-04-20,275.8996276855469,279.11764770587973,274.94580050630236,278.8285886738467,22906700
2022-04-21,270.5523681640625,282.5861150592423,269.82976470304897,278.03852943515125,29454600
2022-04-22,264.01995849609375,272.8550005549341,263.393708222996,271.3905058085866,29405800
2022-04-25,270.4656677246094,270.84140624661075,260.8791164146194,263.3070829372568,35678900
2022-04-26,260.3491516113281,268.1917907684052,260.13718680152584,267.3632197682349,46518400
2022-04-27,272.87432861328125,280.34123080111425,268.9626376903315,271.7952455176826,63477700
2022-04-28,279.0502014160156,280.3508935706538,271.178627842334,274.7723864290521,33646600
2022-04-29,267.38250732421875,279.2910262219157,266.3997773201998,278.0673990236614,37073900
2022-05-02,274.07867431640625,274.53150699101036,266.1300363109666,267.56559909941353,35151100
2022-05-03,271.4869384765625,273.7511018849256,269.9164755719785,273.5872988286567,25978600
2022-05-04,279.3874206542969,280.2545389514792,266.6214258152803,272.2673535703565,33599300
2022-05-05,267.2187194824219,275.8899595127689,264.3186620189304,275.1095502622621,43260400
2022-05-06,264.69439697265625,269.04927528391744,261.36076616080453,264.7714617150036,37780300
2022-05-09,254.91517639160156,262.4109805408289,253.70122277240785,260.19500872248045,47726000
2022-05-10,259.655517578125,263.7502706382624,255.38734673917406,261.765522095456,39336400
2022-05-11,251.03240966796875,261.4475309989085,249.82807066667775,255.97502163371615,48975900
2022-05-12,246.02239990234375,250.38692367206517,240.88709615996444,248.27691919370875,51033800
2022-05-13,251.5816192626953,253.43149708204328,246.02240048844536,247.949343073978,34925100
2022-05-16,251.94769287109375,256.10989508341936,246.43663699814542,250.46393914300643,32550900
2022-05-17,257.0733337402344,258.52815492499775,252.87258498124666,256.38924817495007,28828800
2022-05-18,245.36891174316406,254.56252427185584,244.10382723032592,253.98308927658698,31356000
2022-05-19,244.46115112304688,248.83585464293373,243.24435524609143,245.19508938818183,32692300
2022-05-20,243.90103149414062,249.6760190694131,237.99085911430905,248.42057161150723,39199300
2022-05-23,251.71365356445312,252.53451735450935,244.74118884717117,246.73057447845937,33175400
2022-05-24,250.71896362304688,252.3703282848016,244.8087915946299,249.04829526787134,29043900
2022-05-25,253.51956176757812,255.50893286369595,248.31437179357388,249.2897536459207,28547900
2022-05-26,256.7835998535156,257.95210669352673,252.46685283903992,253.2780498622008,25002100
2022-05-27,263.8719787597656,263.96855616192437,258.38672418405815,259.2751950241192,26910800
2022-05-31,262.5489807128906,265.3495488346776,259.70977573202504,263.1863562668899,37827700
2022-06-01,263.08013916015625,268.16944748829445,260.78173234380733,265.7648261496329,25292200
2022-06-02,265.1661071777344,265.2337143251771,252.63114082746247,255.38343546239255,44008200
2022-06-03,260.7624206542969,264.074846353105,259.20763325124227,261.0424863281772,28059000
2022-06-06,259.535888671875,264.7797136936077,258.0583460007989,262.73240274767545,22400300
2022-06-07,263.1573486328125,263.76575382395623,256.82226032251066,257.49827263962237,22860700
2022-06-08,261.1390075683594,263.64020598603173,260.3664178533954,262.39442533216015,17372300
2022-06-09,255.7117462158203,263.3601943996646,255.55722824112877,258.5992253476871,26439700
2022-06-10,244.3162841796875,251.6460439882833,243.87204872141055,251.6460439882833,31422800
2022-06-13,233.9541778564453,240.48242256411086,233.24920982974828,236.70647229198008,46135800
2022-06-14,236.10775756835938,237.31490178828415,233.22991513839273,235.49935216611019,28651500
2022-06-15,243.12844848632812,246.54708847653447,237.97153296010552,239.79673406143797,33111700
2022-06-16,236.57127380371094,238.93727329741498,234.68813195099327,237.54664093367091,33169200
2022-06-17,239.15931701660156,241.91161069723395,235.66343338580336,236.31046067607784,43084800
2022-06-21,245.04058837890625,246.01595545881753,240.95560233610817,241.67988876042264,29928300
2022-06-22,244.4514617919922,248.3529589492158,241.7860787526344,243.25396979346604,25939900
2022-06-23,249.9850311279297,250.47755532769025,244.93435931975776,246.8078492299289,25861400
2022-06-24,258.52197265625,258.79237173531016,252.74698510975713,252.8338959418169,33923200
2022-06-27,255.80836486816406,259.1014284270325,254.25354775871855,259.01451757812606,24615100
2022-06-28,247.6866455078125,257.7590479870569,247.53212753900692,254.92950951957212,27295500
2022-06-29,251.33706665039062,252.98843151702386,246.99133318160082,248.75859390135693,20069800
2022-06-30,248.02464294433594,250.6320859946273,244.2293889586405,248.23710148525814,31730900
2022-07-01,250.68028259277344,250.86377079744585,245.88069267882648,247.59967890722842,22837700
2022-07-05,253.8382568359375,253.9638045325972,246.00630564678934,247.37761951989364,22941000
2022-07-06,257.08306884765625,258.8020409501888,253.40369581093594,254.70741739613206,23824400
2022-07-07,259.19793701171875,259.8353125390256,255.93381513155052,256.0303925395583,20859900
2022-07-08,258.48333740234375,258.9082544536916,254.26316663768768,255.71173945693104,19658800
2022-07-11,255.4413299560547,257.39206399672923,253.19119709803016,256.5422299287005,19455200
2022-07-12,244.97296142578125,256.8222904951569,243.3988410088484,256.76434994360125,35868500
2022-07-13,244.05551147460938,244.85705674377868,239.6035644525173,241.6122535483315,29497400
2022-07-14,245.36891174316406,246.39256746391416,237.5079908622042,241.97925680708025,25102800
2022-07-15,247.9184112548828,251.44326589652985,246.03526953214475,246.9526960395664,29774100
2022-07-18,245.53306579589844,251.89712481035676,244.6156393919706,250.8444988809621,20975000
2022-07-19,250.63206481933594,250.81555306514318,244.98262500187312,248.748908389752,25012600
2022-07-20,253.27810668945312,255.78897202237206,250.03331786878604,250.98936645500257,22788300
2022-07-21,255.75999450683594,255.80829794667736,248.21776161035194,250.88314483137592,22404700
2022-07-22,251.43359375,256.23319944277154,250.1878423691355,256.1462886118709,21881300
2022-07-25,249.95602416992188,252.5344964316374,248.00529029472085,252.05163888587902,21056000
2022-07-26,243.26368713378906,250.97010612123876,241.0135833692988,250.95077295289985,39348000
2022-07-27,259.5263671875,260.79145210139694,249.97545646972603,252.20625685812743,45994000
2022-07-28,266.93328857421875,268.3142539608766,258.6860741639379,260.5016230921822,33459300
2022-07-29,271.11480712890625,272.3316174034338,267.1457328087097,268.17905488402175,32152800
2022-08-01,268.478515625,271.63639399506593,266.38290049065427,268.2950273632756,21539600
2022-08-02,265.3978576660156,268.3626103956282,263.0415102262708,266.5373945260248,22754200
2022-08-03,272.7855529785156,273.7802383800219,267.1264470117995,267.27132785781305,23518900
2022-08-04,273.92510986328125,274.0699612486414,270.56443983776984,272.13853085373546,18098700
2022-08-05,273.2104797363281,273.92509952465934,269.1254939956156,269.57938130013923,16774600
2022-08-08,270.70928955078125,276.11730051736697,269.74357435929414,274.3113883534034,18739200
2022-08-09,272.621337890625,273.3745944260837,268.0921320968785,270.05256187655357,23405200
2022-08-10,279.2462158203125,279.8739248174104,277.1023268586765,278.29016718582943,24687800
2022-08-11,277.17950439453125,281.2258525395224,276.6870097926365,280.8782092911261,20065900
2022-08-12,281.9018859863281,281.9018859863281,277.1022809714472,278.58949041203584,22619700
2022-08-15,283.4084167480469,284.0940662295999,280.16359862776034,281.02309922866345,18085700
2022-08-16,282.6745300292969,283.95894794046416,280.46306311134526,281.9792138029151,18102900
2022-08-17,281.9292907714844,283.8938524278254,280.1389197170631,280.4002056199427,18253400
2022-08-18,280.8163757324219,282.50027733774294,279.76148592010856,280.8357203997343,17186200
2022-08-19,276.9259338378906,279.9260110820991,276.35495606289055,279.58728744368415,20570000
2022-08-22,268.7967224121094,273.3548871851572,268.28380815555704,272.9871317684134,25061100
2022-08-23,267.529052734375,269.87102831630875,266.5225685121157,267.529052734375,17527400
2022-08-24,266.89996337890625,268.2935475805408,266.2418606203545,266.5322078904403,18137000
2022-08-25,269.8611755371094,270.0256789868205,265.6707381105912,268.39015438392994,16583400
2022-08-26,259.4481201171875,271.3032415870308,259.34168014145877,270.0838482135881,27549300
2022-08-29,256.6803283691406,258.7803619357156,255.34480790841272,257.2803379595906,20338500
2022-08-30,254.4932098388672,258.44167876709264,252.25767464216207,258.0739528081768,22767100
2022-08-31,253.04153442382812,258.4997140694314,252.90603313757336,256.835186498961,24791800
2022-09-01,252.0059814453125,252.48020634323478,247.17684390348873,250.52530228623345,23263400
2022-09-02,247.80592346191406,256.20611724920184,246.26718053225406,253.2641326770218,22855400
2022-09-06,245.0865020751953,249.51885306650013,243.81873220604314,247.94142082307454,21328200
2022-09-07,249.7704620361328,250.4865986759276,245.057451273247,246.48973931975843,24126700
2022-09-08,250.18661499023438,252.0350498159717,246.57685541782593,249.20919235362013,20319900
2022-09-09,255.9351806640625,256.68037878178535,251.8996162537151,252.1028386795256,22084700
2022-09-12,258.054443359375,258.8286728157073,256.61248345184237,257.2124928218537,18747700
2022-09-13,243.8671112060547,252.00600375133774,243.47999634028216,250.49629269213037,33353300
2022-09-14,244.08970642089844,246.03490888980133,241.80578027171973,245.3574762961727,23913000
2022-09-15,237.47019958496094,243.2961347228246,236.1540384880937,241.71868768706014,31530900
2022-09-16,236.85081481933594,237.3927608644155,234.25719690326952,236.38627698047728,39791800
2022-09-19,236.63790893554688,237.2379185278828,233.08621305250247,234.6539876734692,26826900
2022-09-20,234.6346435546875,235.66047218929285,231.91522600942378,234.2669028613096,26660300
2022-09-21,231.2474365234375,239.67667590576733,231.19904532157508,236.39595324962926,28625600
2022-09-22,233.2119903564453,235.99915810009645,229.91192314451845,230.20224081204793,31061200
2022-09-23,230.25062561035156,233.35715746883162,227.618303873853,231.81840003910415,34176000
2022-09-26,229.79579162597656,233.6668515472966,229.26351793341072,229.40869154061323,27694200
2022-09-27,228.7893524169922,234.00560575138226,226.94091751914982,232.24426616908045,27018700
2022-09-28,233.29916381835938,234.51854265408986,227.16352122838433,229.17647461612398,29029700
2022-09-29,229.84420776367188,232.215229269323,226.85381719409244,231.18940064159077,27484200
2022-09-30,225.39247131347656,232.78619560885667,225.22795302914213,230.60872427461211,35694800
2022-10-03,232.9797821044922,233.82173303998002,227.0957683574116,227.82159220301807,28880400
2022-10-04,240.8573760986328,242.28966427196394,237.08308345370094,237.18953820241006,34888400
2022-10-05,241.16705322265625,242.50257374872547,236.23146021082852,238.0605356080036,20347100
2022-10-06,238.83474731445312,242.27031644163847,238.14764234917035,239.93799895986987,20239900
2022-10-07,226.68930053710938,233.5410791626443,225.65378480022213,233.1346048289845,37769600
2022-10-10,221.86012268066406,226.99895238528188,219.42135078516142,225.53763257488384,29743600
2022-10-11,218.1439208984375,221.67625738261597,216.8858233948525,220.28267336430167,30474000
2022-10-12,218.4729766845703,220.51496168634117,216.74068361052014,218.13425298449135,21903900
2022-10-13,226.68930053710938,228.4893441994696,212.06636940173655,212.76316144954848,42551800
2022-10-14,221.19235229492188,229.59255965182822,220.9794428267959,227.94734744050535,30198600
2022-10-17,229.87322998046875,231.25714167375685,227.5602721133645,228.21836002283007,28142300
2022-10-18,230.8119659423828,236.06692311030656,227.78285659055385,235.39917762563184,26329600
2022-10-19,228.8570556640625,231.88616474151667,226.73764801989628,229.39900168382854,19985700
2022-10-20,228.53768920898438,233.5313599425322,227.29895124255845,228.16994856599382,21811000
2022-10-21,234.31527709960938,235.166915097807,226.9409118947973,227.17318083073934,26299700
2022-10-24,239.27992248535156,239.850900353894,233.52172305739012,235.90241694894004,24911200
2022-10-25,242.5800018310547,242.94774252500142,237.9056946583769,239.28959165367502,34775500
2022-10-26,223.86338806152344,230.6183830586996,222.6439948132426,223.71821446357913,82543200
2022-10-27,219.4407501220703,226.1570426979962,218.5020167351225,223.5924561627655,40424600
2022-10-28,228.26673889160156,228.97321801422746,218.763293726381,218.9471714496145,40647700
2022-10-31,224.64730834960938,227.3473663725247,223.69888795758465,226.22475535763192,28357300
2022-11-01,220.81494140625,228.1409296481597,220.0020223387947,227.03767812320683,30592300
2022-11-02,213.00509643554688,223.8440621960301,212.94701812750728,222.06337802281334,38407000
2022-11-03,207.3436737060547,213.3051102957607,207.08237299301675,212.9954183740974,36633900
2022-11-04,214.2534942626953,214.447044310669,206.5500783111964,210.5372801806807,36789100
2022-11-07,220.52462768554688,221.04722910682952,214.1470592473895,214.8341789629505,33498000
2022-11-08,221.49240112304688,224.18278700971726,218.56007395328075,221.32788282257266,28192500
2022-11-09,217.27291870117188,221.26012061364744,217.098728086194,220.04072724111327,27852900
2022-11-10,235.14755249023438,235.48627617138314,227.42479136911933,227.84092326094827,46268000
2022-11-11,239.14437866210938,239.9960164768478,234.13134893478994,235.15719210568855,34620200
2022-11-14,233.7636260986328,236.0475519661583,231.49905966480162,234.18944503837977,31123300
2022-11-15,234.17010498046875,239.03796188941354,232.29263846364998,237.74116029609917,31390100
2022-11-16,234.5971221923828,236.60604855552322,233.3257795259496,235.62584176038104,24093300
2022-11-17,234.54861450195312,236.0722947974397,230.6181318208113,230.76369976880173,23123500
2022-11-18,234.1021728515625,236.5478177930803,231.9767921721455,236.3245938837583,27613500
2022-11-21,234.90768432617188,237.45036963154155,234.07306028423957,234.3059689787537,26394700
2022-11-22,237.79974365234375,238.07148033059326,233.6072243246812,236.40223227361014,19665700
2022-11-23,240.27450561523438,240.95384732065142,237.06217820148206,237.8773882479825,19508500
2022-11-25,240.1871337890625,241.36142112614246,239.44955019697596,240.01243748252853,9200800
2022-11-28,234.626220703125,239.37192761122702,233.69455635778226,238.81875468278062,24778200
2022-11-29,233.23843383789062,235.6258367832805,231.18099474535325,234.27685297681788,17956300
2022-11-30,247.6114044189453,247.79580032500542,232.78228328422537,233.47133933183883,47594200
2022-12-01,247.17471313476562,248.56251016658027,243.51595261951238,246.37890225412923,26041500
2022-12-02,247.49496459960938,248.50427013338341,242.3222385687394,242.44840731366295,21528500
2022-12-05,242.8171844482422,246.33037684588194,240.7403313992676,244.57377324279298,23435300
2022-12-06,237.88705444335938,244.4281775081437,236.58659838862874,243.41887208872768,22463700
2022-12-07,237.1591796875,238.8963690586571,235.06292774126453,237.60561262563206,20481500
2022-12-08,240.09979248046875,241.4002634352855,235.88785939315616,237.61533452681962,22611800
2022-12-09,238.17823791503906,240.98296029845363,236.95542284837845,237.47948221736485,20609700
2022-12-12,245.0590057373047,245.08811932166867,239.8765804009923,240.14831706074776,30665100
2022-12-13,249.3389129638672,256.13235956018696,245.60251141247596,253.96815091092603,42196900
2022-12-14,249.6300506591797,254.84158999041878,246.8059142850901,249.54270989920707,35410900
2022-12-15,241.66226196289062,246.6991189455477,240.0415417352528,246.23328682712472,35560400
2022-12-16,237.4697723388672,242.4678019516118,236.3245836806278,241.21587335248572,86102000
2022-12-19,233.35488891601562,237.97444210459676,231.66624165874438,237.63476384948163,29696400
2022-12-20,234.6650390625,235.74228609848038,231.38477037827317,232.33584867761797,25150800
2022-12-21,237.2174530029297,238.37234134182555,233.02493348625407,234.55831327324242,23690600
2022-12-22,231.16159057617188,234.84946471293264,226.96905623748663,234.14099458820857,28651700
2022-12-23,231.68560791015625,231.821476231181,227.03695660431103,229.14292298446298,21207000
2022-12-27,229.96786499023438,231.87972122287346,228.87120393787913,231.65651213728756,16688600
2022-12-28,227.60960388183594,232.64646230499181,227.26022599096558,229.89996676453268,17457100
2022-12-29,233.89834594726562,234.7814975020751,228.69650658121392,228.69650658121392,19770700
2022-12-30,232.74349975585938,232.87936810259998,229.67674014824095,231.18100636407286,21938500
2023-01-03,232.5105743408203,238.49851075863083,230.39489317769917,235.90729779007853,25740000
2023-01-04,222.33978271484375,225.9985278733158,219.2924376104367,225.4259409938991,50623400
2023-01-05,215.75015258789062,220.83553784778456,215.21637883212745,220.4958596008794,39585600
2023-01-06,218.2928466796875,219.09835714227594,212.87751216247153,216.4198034707522,43613600
2023-01-09,220.41822814941406,224.41666688908288,219.7291868413214,219.76800002138827,27369800
2023-01-10,222.09719848632812,224.48460157088834,220.62204584662,221.03935048334114,27033900
2023-01-11,228.81297302246094,228.98765452783252,224.29047536414728,224.46515686951886,28669300
2023-01-12,231.4721221923828,232.821105949786,226.6681880812586,228.3180220940589,27269500
2023-01-13,232.1708526611328,232.3067209813569,227.98803350794535,230.00665912880052,21333300
2023-01-17,233.25787353515625,233.80134695469175,230.09405857229734,230.9480966935903,29831300
2023-01-18,228.85179138183594,235.22793302598163,228.57035512507287,234.4418366169308,30028700
2023-01-19,225.08631896972656,228.57039830777433,223.8732033417471,226.88173602255236,28623000
2023-01-20,233.1316680908203,233.63632824749806,227.59015038517927,227.92982862321074,35389800
2023-01-23,235.42201232910156,237.93558370839386,232.5784623295547,233.98568794215404,31934000
2023-01-24,234.89797973632812,236.75162381980027,233.34520074340116,235.34441276702486,40234400
2023-01-25,233.5101776123047,236.12080454500452,224.0866898660757,227.56105444486033,66526600
2023-01-26,240.68211364746094,240.98296392015405,234.85915928502237,236.4604658112775,33454500
2023-01-27,240.83738708496094,242.458107545592,239.5466304719591,241.64289751902396,26498900
2023-01-30,235.5482177734375,238.3529402272609,235.0532571701788,237.2950922529375,25867400
2023-01-31,240.4976806640625,240.63354898590805,235.78108776494383,236.26633388704025,26541100
2023-02-01,245.2919464111328,247.65023576111176,238.2267631452796,240.6821076556318,31259900
2023-02-02,256.7922668457031,256.8796075980904,249.65914256333582,251.18282257259764,39940400
2023-02-03,250.72666931152344,256.40405468460085,249.51355404450143,251.88155741509414,29077300
2023-02-06,249.19332885742188,250.67818108032117,247.2620584126065,249.8435718125182,22518000
2023-02-07,259.6649169921875,260.83920438047807,252.40562393796253,252.84235731907512,50841400
2023-02-08,258.8594665527344,268.5935048183664,258.3547915146365,265.13855400297484,54686000
2023-02-09,255.84120178222656,265.8955184484022,255.0453909060254,265.72080730740066,42375100
2023-02-10,255.33657836914062,256.29735645047873,252.96857433969222,253.81289806172634,25818500
2023-02-13,263.31396484375,266.4971782446964,259.26699912258107,259.74256046553177,44630900
2023-02-14,264.1389465332031,266.85631358119707,261.3342091005598,264.624192764422,37047900
2023-02-15,262.0276794433594,263.39950469785816,258.9726863891012,261.0547562578646,28922400
2023-02-16,255.05177307128906,259.5174863332623,254.8085423074043,256.8711344345461,29603600
2023-02-17,251.07254028320312,253.04757304733442,249.06832101285343,252.36654467181947,30000100
2023-02-21,245.8284912109375,248.5721416274502,244.77773242454728,247.58947974202172,28397400
2023-02-22,244.6999053955078,247.45327979594094,243.56158704829775,247.21004899921323,22491100
2023-02-23,247.8716278076172,249.88557094928385,243.69777930306105,248.64023054148305,29219100
2023-02-24,242.47189331054688,244.20369522047608,241.38222420199676,243.19186174048357,24990900
2023-02-27,243.38644409179688,245.97442307770388,242.63728915469153,245.62417017099744,21190000
2023-02-28,242.66647338867188,244.68043129479227,241.99515408663171,242.32595921726772,22491000
2023-03-01,239.60179138183594,244.13560203633548,239.1347775749903,243.97020688018864,27565300
2023-03-02,244.31072998046875,244.592871158647,238.95965271701235,239.8742028427946,24808200
2023-03-03,248.37754821777344,248.69861464364337,244.58315381318207,245.3614953141732,30760100
2023-03-06,249.9147491455078,253.07674918507004,249.04884819003743,249.48666061100502,24109800
2023-03-07,247.2684326171875,250.7125891600785,246.52901630785823,249.3602116204825,21473200
2023-03-08,246.83058166503906,247.6478334867659,244.01883456634258,247.16137194826737,17340200
2023-03-09,245.4879608154297,252.53191447494493,244.76799238551584,248.8931916251687,26653400
2023-03-10,241.8589630126953,245.9452372856859,240.89577859254197,244.2815470078051,28333900
2023-03-13,247.04464721679688,250.92661597294014,239.0764041542882,240.7011840514009,33339700
2023-03-14,253.72869873046875,254.001116091523,248.932178706758,249.7980799284588,33620300
2023-03-15,258.2526550292969,259.26450315131655,252.19133471855704,252.94050434838186,46028000
2023-03-16,268.7214050292969,269.07164313641664,256.1512239726221,258.0289586598438,54768800
2023-03-17,271.8639221191406,275.65831665347815,268.8381452248547,270.7256186044692,69527400
2023-03-20,264.8588562011719,269.96670228330714,262.543294560003,269.4802407516752,43466600
2023-03-21,266.36688232421875,267.5538496813645,262.2222204606799,267.43710366119547,34558700
2023-03-22,264.9172058105469,273.4302818621783,264.8101688435891,265.99713606358097,34873300
2023-03-23,270.14178466796875,273.44971669614165,267.74840257051886,270.41420190108295,36610900
2023-03-24,272.9730529785156,273.03142599171395,267.8262812456373,269.7332022897182,28172000
2023-03-27,268.8965148925781,273.83895161321755,268.05978551317787,272.90495366822654,26840200
2023-03-28,267.7776794433594,268.6630431725957,264.6837609123016,268.3225140934646,21878600
2023-03-29,272.9146728515625,273.527619165426,270.8715283691032,271.4066242065595,25087000
2023-03-30,276.3587951660156,276.7576972006701,273.8584053599599,276.53394388967973,25053400
2023-03-31,280.49371337890625,281.43744995850153,275.33723290766795,276.0474774481902,32766000
2023-04-03,279.4527587890625,280.4645776022263,276.2615716824238,278.7619618964318,24883300
2023-04-04,279.404052734375,282.58553031935185,277.9349590223858,279.4527167048261,25824300
2023-04-05,276.64093017578125,279.37484150873803,275.25939610333745,278.1100534490355,22064800
2023-04-06,283.7044372558594,284.171421432575,274.39355424617895,275.5415966022882,29770300
2023-04-10,281.5542297363281,281.7585352734682,277.00092706983764,281.37908101323706,23103000
2023-04-11,275.1718444824219,278.2365761916983,274.0140932371224,278.0127931758795,27276600
2023-04-12,275.8139343261719,279.23864232032844,274.32536331001984,277.07875205265157,27403400
2023-04-13,281.9920654296875,282.05043844818863,275.5026841124763,275.91129524198396,24222700
2023-04-14,278.3922119140625,280.6688482565068,276.00853859815146,279.22891147364464,20987900
2023-04-17,280.9801940917969,283.7043967289592,278.4116924129814,282.07960200286976,23836200
2023-04-18,280.5618591308594,283.86008303886325,279.2386978273748,283.67522525510293,20161800
2023-04-19,280.6396789550781,281.22340905975057,276.8355460862607,278.2462667608946,17150300
2023-04-20,278.3630676269531,281.2040166915489,277.3609578281469,277.5263678512321,23244400
2023-04-21,278.0224914550781,278.5186620047946,275.3955874268566,277.2927991907115,21676400
2023-04-24,274.14056396484375,277.234482358,271.173160031667,274.45190651995864,26611000
2023-04-25,267.9624328613281,273.97508913803705,267.91376890254406,271.94168388036366,45772200
2023-04-26,287.372314453125,291.45860367890464,284.80381270160626,288.66631890750085,64599200
2023-04-27,296.576171875,296.9361784067996,287.2555804982626,287.95608640380885,46462600
2023-04-28,298.94036865234375,300.56513364270495,295.0973104351293,295.7783684985938,36469600
2023-05-01,297.286376953125,300.2440714597597,296.887474923344,298.65820207273595,21294100
2023-05-02,297.1405029296875,300.8084130116415,295.6811180076152,299.42687857918656,26404400
2023-05-03,296.1577453613281,300.25374274084976,295.8561416167109,298.3176355367741,22360800
2023-05-04,297.1405029296875,299.42687857918656,295.1849176329067,297.9480161890788,22519900
2023-05-05,302.2385559082031,303.5228215296377,296.03130176252597,297.4420521379096,28197100
2023-05-08,300.2927551269531,301.8008039789724,297.80207398264633,301.7326922255804,21318600
2023-05-09,298.68743896484375,301.6451339704267,298.0161195443124,299.6603622188009,21340800
2023-05-10,303.8536682128906,304.5249876536261,299.3393196181208,300.2635789224399,30078000
2023-05-11,301.7131652832031,302.6958271056149,297.9674351385275,301.7034562423544,31680200
2023-05-12,300.60406494140625,302.2385686971637,298.29824184109515,302.14127044452766,19774700
2023-05-15,301.0807800292969,301.50886857686805,299.26141854774806,300.73054195833356,16336500
2023-05-16,303.299072265625,305.21573217875385,301.4407853698495,301.4407853698495,26730300
2023-05-17,306.16571044921875,306.5849748220485,302.98703781876026,304.49838322404014,24315000
2023-05-18,310.5728759765625,311.07992095632784,305.892648471435,306.68243649097326,27276000
2023-05-19,310.3974304199219,310.7972045125446,308.47658062453104,308.83734438329236,27546700
2023-05-22,313.16656494140625,314.5413890695808,310.0756729757329,310.65094892902596,24115700
2023-05-23,307.394287109375,314.66815212283035,307.3845270869392,312.04526511786804,30797200
2023-05-24,306.0194396972656,308.6033161721185,304.8103574976606,306.8774884337067,23384900
2023-05-25,317.78826904296875,318.74379887860135,312.01596067772016,315.17511275761063,43301700
2023-05-26,324.5844421386719,325.0816974555801,315.79923121389265,315.93572275471354,36630600
2023-05-30,322.9463195800781,327.3632951279749,322.2735326633113,326.866039835357,29503100
2023-05-31,320.1966857910156,327.5583014347169,319.16310540886235,323.9993748636306,45950600
2023-06-01,324.2821044921875,325.2084138620462,316.61822604492374,317.7980281716673,26773900
2023-06-02,327.03179931640625,329.07941048845686,324.2529005654924,325.9104976467162,25873800
2023-06-05,327.558349609375,330.1129762401236,326.3102866082395,326.8563123114757,21307100
2023-06-06,325.3547058105469,327.0025428376745,323.88240041372416,326.96353250247705,20396200
2023-06-07,315.3117370605469,326.1445304522962,314.4536881273052,323.37539146712487,40717100
2023-06-08,317.1448059082031,318.4903798108397,315.28245664141156,315.85773263123184,23277700
2023-06-09,318.6365966796875,321.75673881470783,316.3159729270914,316.8814888323344,22529000
2023-06-12,323.5704345703125,323.8141971351905,317.047345953683,320.3820011777577,24260300
2023-06-13,325.94952392578125,328.5724112174238,322.1468342809254,326.12502581181246,22951300
2023-06-14,328.92333984375,330.5809366273575,324.5063648507166,325.99819005349843,26003800
2023-06-15,339.4149169921875,341.1114945004108,328.78687775426107,329.0598905688736,38899100
2023-06-16,333.7889099121094,342.70088270371474,333.4184158445692,342.55463113018976,46552000
2023-06-20,329.61566162109375,333.54511218147553,327.48029960440283,330.84423422142726,26375400
2023-06-21,325.2376708984375,329.30364243212927,323.78485594149885,327.9775589781728,25117800
2023-06-22,331.23419189453125,331.63396592269834,325.0231288169452,325.78366654570755,23556800
2023-06-23,326.6612854003906,329.5279351767741,325.13047930366815,326.0177487407771,23146900
2023-06-26,320.4014587402344,327.72406452687306,320.29418775939905,325.39371033432894,21520600
2023-06-27,326.2225036621094,327.7630696544983,321.08397083431,323.5800965917035,24354100
2023-06-28,327.4705505371094,329.5474118113246,325.48144019271336,326.3102386492254,20259500
2023-06-29,326.69049072265625,327.72404134255896,324.3211263632283,326.35897729326905,16997000
2023-06-30,332.0435791015625,334.17894126353815,328.7869152430103,329.3231809112348,26832800
2023-07-03,329.5571594238281,332.394558661991,328.1726050055835,330.727231395335,12508700
2023-07-05,329.71319580078125,333.1258712588089,326.37854101667716,326.7295447808277,18172400
2023-07-06,332.7553405761719,334.432427956872,327.1293121494876,328.88439044633213,28161200
2023-07-07,328.806396484375,333.2623825906087,328.591884271755,330.85400764917136,21214800
2023-07-10,323.55084228515625,326.8660362322845,319.41663962980306,326.25174994494995,32791400
2023-07-11,324.17486572265625,324.55511973893175,318.84134117994995,322.800041689948,26698200
2023-07-12,328.7868347167969,333.12578887236407,327.29500957576835,328.2017988317313,29995300
2023-07-13,334.110595703125,335.1636364816071,330.5613998542952,331.08793512161674,20567200
2023-07-14,336.62628173828125,342.661844143398,335.7194923009407,338.91765538868515,28352700
2023-07-17,337.1040954589844,338.33263840062307,333.6621696566182,337.05532509830556,20363900
2023-07-18,350.5207214355469,357.62884439822335,333.63287773911316,337.20153461943244,64738600
2023-07-19,346.22076416015625,353.4166384044317,343.6466474604791,352.72436118966306,39732900
2023-07-20,338.215576171875,349.03863672095343,336.7530012262202,344.74842283159865,33778400
2023-07-21,335.19293212890625,341.56000752112044,331.35123269865875,340.43870595783125,69405400
2023-07-24,336.4994201660156,338.2642876690396,333.7692926449412,337.22097724785255,26678100
2023-07-25,342.22308349609375,343.11038262849917,336.4605340248674,338.4496147386664,41637700
2023-07-26,329.3425598144531,336.0704272308137,324.79882418149936,332.92100566860665,58383700
2023-07-27,322.4685974121094,332.81386556115655,320.84025051529886,331.9850967113134,39635300
2023-07-28,329.9276123046875,331.5267083383541,324.8573709488155,325.3448958728124,28484900
2023-07-31,327.5388488769531,329.27443689751834,325.0426931980882,328.5138989953868,25446000
2023-08-01,327.9482727050781,330.09339434116555,325.37415649793405,326.82697129555277,18311900
2023-08-02,319.3288269042969,325.30588726504845,318.21725578875714,325.30588726504845,27761300
2023-08-03,318.5098876953125,321.6495503895118,317.81761041591994,317.8663510212776,18253700
2023-08-04,319.6018981933594,326.7782818997198,319.0753628445266,323.5996092744747,23741500
2023-08-07,321.87371826171875,322.84876819218033,319.3483425125627,320.1771409046875,17741500
2023-08-08,317.9150085449219,320.54765518196075,314.94111824721926,318.802307526203,22327600
2023-08-09,314.19036865234375,318.94858760325343,313.03978705069517,318.3245710835293,22373300
2023-08-10,314.8729248046875,320.06995855318496,313.16658711260004,317.88582607311884,20113700
2023-08-11,313.00079345703125,314.36585743355505,311.2456856962181,312.2695059957332,24355500
2023-08-14,315.95526123046875,315.9747515213893,312.0940411840079,313.37138426545255,18836100
2023-08-15,313.82952880859375,316.9789505199591,312.8934892891786,314.9410999147791,16966300
2023-08-16,313.0674133300781,316.99543186990195,312.48113879078903,313.45825308321696,20698900
2023-08-17,309.6280212402344,314.50381263909213,308.9733414603899,313.20426358487214,21257200
2023-08-18,309.23724365234375,311.0937554543813,304.4200459446426,307.2927652942097,24755000
2023-08-21,314.51361083984375,315.383227213463,309.7843803763491,310.65399674996837,24040000
2023-08-22,315.0802917480469,318.61744100027846,314.1031773769701,318.0507277854862,16084600
2023-08-23,319.5164489746094,321.66611285256477,316.0574552143243,316.409231948521,21166400
2023-08-24,312.64727783203125,325.35954498918005,312.63749714645934,325.2325153533981,23281400
2023-08-25,315.5884094238281,317.91391657239774,311.5040487015702,314.11295718549064,21684100
2023-08-28,316.2919616699219,318.68587419815776,314.3572643100924,318.20709765634393,14808500
2023-08-29,320.8941345214844,321.45109687018396,314.51357886440167,314.51357886440167,19284600
2023-08-30,321.26544189453125,322.26208781651366,318.97899784822044,321.1481929412585,15222100
2023-08-31,320.25897216796875,323.3368760536345,319.301389479894,321.6660190561291,26411000
2023-09-01,321.138427734375,324.3922056211829,319.3014478601216,323.7277749745022,14942000
2023-09-05,325.91656494140625,327.1868318208563,321.13849002348155,321.4707054112595,18553900
2023-09-06,325.2618408203125,326.80566842614127,322.62362005663084,325.7503980121673,17535800
2023-09-07,322.35986328125,325.4572996917217,321.4999977101508,323.7082861250948,18381000
2023-09-08,326.61993408203125,328.46669412683286,321.9200174363333,322.5356041179339,19530100
2023-09-11,330.2060241699219,330.6750497904705,327.75345762157895,329.52203220068384,16583300
2023-09-12,324.1772766113281,329.0824106320826,323.89393486766744,328.13460834601074,17565500
2023-09-13,328.3690185546875,329.14094717585755,323.5909452896053,323.7277257811767,16544400
2023-09-14,330.9486389160156,333.05917964974554,328.86738060055865,331.388322477558,20267000
2023-09-15,322.6628112792969,329.6784875350303,322.1058487543065,329.2094915722372,37679800
2023-09-18,321.52923583984375,322.83856545069517,318.8910152474716,320.29806225418173,16834200
2023-09-19,321.1286926269531,321.8517776748913,317.08345387408724,318.7054676141424,16505900
2023-09-20,313.428955078125,322.0471106852366,313.1749256275898,321.9689546587249,21436500
2023-09-21,312.2173767089844,317.9041899225686,307.79104947595397,311.95356654433346,35560400
2023-09-22,309.75506591796875,314.09345652566765,308.9147319725734,313.96642687422224,21447900
2023-09-25,310.2729187011719,310.39994834578414,307.7910397456029,309.34464808220946,17836000
2023-09-26,304.99652099609375,308.650919524038,302.92501329864484,307.918083681108,26297600
2023-09-27,305.631591796875,307.10701412032984,302.6025314876758,305.1527855104158,19410100
2023-09-28,306.46221923828125,308.2601064170978,302.3681069221391,303.87284184688065,19683600
2023-09-29,308.5238342285156,312.15870054663463,307.771466967037,310.4780627905331,24147300
2023-10-02,314.4353942871094,314.523360821819,307.96690188868587,309.04173366618016,20570000
2023-10-03,306.2178649902344,314.03477939534076,304.0877331522798,313.4875679533543,21033500
2023-10-04,311.660400390625,312.71570064039577,306.8139213204077,306.84323355961436,20720100
2023-10-05,312.0512390136719,312.65707498694155,307.6933171593875,311.78742886180316,16965600
2023-10-06,319.7705078125,321.6563316821838,309.06131118825493,309.30558981860264,25673600
2023-10-09,322.27191162109375,322.7409074969346,315.7838570263933,317.3179339483483,19891200
2023-10-10,320.8746337890625,323.5226056424412,320.17111018080624,323.38579530400693,20557100
2023-10-11,324.8124084472656,325.203248275294,321.60747414676473,323.6300784570828,20063200
2023-10-12,323.5812072753906,325.99468102864705,321.1970457612764,323.00471335948436,19313100
2023-10-13,320.2297058105469,326.190079660526,318.8910340646987,324.7732817040409,21072400
2023-10-16,325.0273132324219,328.4472132631376,323.03399172229655,323.47367526332005,22158000
2023-10-17,324.46063232421875,325.828586634413,319.9170559493173,322.0471583622745,18338500
2023-10-18,322.55523681640625,327.909834737972,320.7866620472197,324.8807739787621,23153600
2023-10-19,323.7375793457031,329.1703335138683,323.33695882729216,324.5485712503718,25052100
2023-10-20,319.1939697265625,324.32382025517603,318.0018889823848,324.1283854502297,25027700
2023-10-23,321.7833557128906,325.11531975085603,316.9661883632888,318.0214589074995,24374700
2023-10-24,322.9656066894531,324.24562410946174,320.1026687848026,323.7179740081932,31153600
2023-10-25,332.87359619140625,338.2770379621599,329.89337919706037,337.1240202368528,55053800
2023-10-26,320.3860168457031,333.81155756370936,319.45774634837835,332.7465065726092,37828500
2023-10-27,322.2621154785156,329.0139799295623,320.8843805209721,322.8679216685348,29856500
2023-10-30,329.5904235839844,331.6814625082959,324.2358264617481,325.7796837612077,22828100
2023-10-31,330.37213134765625,331.241777466002,327.0304168400943,331.0952162716641,20265300
2023-11-01,338.1499938964844,339.46910432501784,331.8769062105877,332.01371654234873,28158800
2023-11-02,340.3484802246094,340.8467882699962,336.87970636333785,339.29318001958046,24348100
2023-11-03,344.7259521484375,346.27959030223104,339.38113512943426,341.62851616542054,23637700
2023-11-06,348.3706359863281,349.35753118619317,345.2634189928444,345.36113640793855,23828300
2023-11-07,352.27911376953125,354.1649377278924,349.4454874880857,351.1749695373723,25833900
2023-11-08,354.8880615234375,355.5427116562785,352.2986837820063,353.4028281346909,26767800
2023-11-09,352.4353332519531,356.44150755023384,352.1128688580119,354.00847284569846,24847300
2023-11-10,361.20989990234375,361.6300519453443,352.8067099465058,353.21708130319655,28042100
2023-11-13,358.2883605957031,360.03740401182273,357.5262124297735,359.7931253712149,19986500
2023-11-14,361.7961120605469,363.43768679672274,358.94295491704753,362.51919694143055,27683900
2023-11-15,361.94305419921875,365.3307238214912,359.4365366374243,363.51938712911283,26860100
2023-11-16,368.3070983886719,368.48332875733985,362.4422843851931,363.20597919577034,27182300
2023-11-17,362.1192321777344,366.5447423144695,359.3287982048387,365.8006186204478,40157000
2023-11-20,369.5506286621094,370.95073116555085,363.24523724780994,363.4606399313925,52465100
2023-11-21,365.2720031738281,368.35615509696635,363.3627506177611,367.8176632886869,28423100
2023-11-22,369.9520263671875,371.85147806167527,367.1322205576516,370.0988850281661,23345300
2023-11-24,369.540771484375,370.06949251389324,367.2986596667437,369.44285575599235,10176600
2023-11-27,370.6961364746094,372.683733332582,368.336537498751,368.9044009726802,22179200
2023-11-28,374.70068359375,374.994400937648,370.25557188472965,370.44160282909473,20453100
2023-11-29,370.9311218261719,376.2671856758015,369.5505906614915,375.738494499301,28963400
2023-11-30,370.9898681640625,372.1451961390215,367.6217700935787,370.5786340328009,30554400
2023-12-01,366.68182373046875,370.2555237215733,363.5486996979007,368.88479316220673,33040500
2023-12-04,361.4241027832031,361.79613477265366,355.3145134346435,361.3849305128498,32063300
2023-12-05,364.73345947265625,365.2817517868028,357.9776914107373,358.7903592232799,23065000
2023-12-06,361.0912170410156,366.3587674073999,360.33732257448145,365.7321604216408,21182100
2023-12-07,363.1962890625,363.68583789268007,358.66306211428184,360.5331422311326,23118900
2023-12-08,366.4076843261719,366.6328576380953,360.53309906732864,361.48282487936234,20154400
2023-12-11,363.5389099121094,363.8326571061726,358.44762055822775,360.7778775179064,27708800
2023-12-12,366.5545959472656,366.5937682209635,362.7165198765075,363.09838231575895,24838300
2023-12-13,366.5447692871094,369.7464376106383,363.0200118977458,368.16027437565873,30955500
2023-12-14,358.28118896484375,365.9475401487158,356.5188251808004,365.50693426286074,43277500
2023-12-15,362.9808044433594,364.6158804344356,358.62380888642144,359.18190159796933,78502300
2023-12-18,364.8606872558594,365.20337736605416,360.9736688806633,361.7275930990288,21802900
2023-12-19,365.4579772949219,365.4579772949219,362.1094503782396,363.7249554315047,20603700
2023-12-20,362.8731384277344,368.1700598934919,362.785023231556,367.161590586535,26316700
2023-12-21,365.7320861816406,366.58389622045354,362.3052449535161,364.7725598810794,17708000
2023-12-22,366.7503967285156,367.3378613138971,364.91948884316713,365.86921479028837,17107500
2023-12-26,366.8287048339844,369.0610461329153,365.69294804965995,367.1615944273694,12673100
2023-12-27,366.2510986328125,367.2203958335403,365.0174259193831,365.8790367110042,14905400
2023-12-28,367.4357604980469,368.5910885400905,366.33917592392487,367.5238756999293,14327000
2023-12-29,368.1799011230469,369.2764857473798,365.6734134446601,368.14072884940924,18730800
2024-01-02,363.1178894042969,368.04274869324354,359.1035836301592,366.045381402949,25258600
2024-01-03,362.8535461425781,365.45794912599047,360.8072359155438,361.2967846745382,23083500
2024-01-04,360.2491455078125,365.3012923191343,359.49525117073273,362.92209250603474,20901500
2024-01-05,360.0631408691406,364.2830491168241,358.8392688743441,361.25764113124956,21004600
2024-01-08,366.8580322265625,367.3573814961304,361.29676578624895,361.58068253824956,23134000
2024-01-09,367.9350891113281,368.1308907001316,363.4312342532303,364.2341014424794,20830000
2024-01-10,374.7691345214844,376.139894907687,368.4539736551255,368.50291657762523,25514200
2024-01-11,376.5903015136719,382.5138298348758,372.42913685903,377.93166039806545,27850800
2024-01-12,380.3500061035156,380.55560821170843,376.6098464914054,377.43228480386114,21661200
2024-01-16,382.1124267578125,385.7938434606626,379.51782397721394,385.43158211314164,27202300
2024-01-17,381.3291320800781,381.9557389879291,376.7665338147622,379.87028626114164,22234100
2024-01-18,385.63714599609375,385.7546329209657,381.96553019541545,383.5320922463087,23392100
2024-01-19,390.3368835449219,390.3368835449219,385.27493541414515,387.4877057228784,29331100
2024-01-22,388.2220153808594,392.2460923450514,385.36303712070327,391.6586277842315,27016900
2024-01-23,390.56201171875,391.0319893054533,385.69589563777015,387.4778603727062,20525900
2024-01-24,394.14556884765625,397.15140596636934,392.07968703700567,393.14689994749176,24867000
2024-01-25,396.40728759765625,398.5025710526844,394.1162025271926,395.8687958055948,21021200
2024-01-26,395.48687744140625,397.68007633393063,394.01823107466254,395.917682766026,17803300
2024-01-29,401.1559753417969,401.41055034623145,395.8786235479903,397.57247359803614,24510200
2024-01-30,400.04949951171875,404.41626660201007,397.9542461080957,403.64280098293807,33477600
2024-01-31,389.26959228515625,406.6388032074163,388.90733097100707,398.45353212037105,47871100
2024-02-01,395.3400573730469,399.4718507500115,393.40143322301293,393.4308049580275,30657700
2024-02-02,402.62451171875,404.0246140998081,395.12462060191353,395.36939499914837,28256700
2024-02-05,397.1709289550781,402.5657662041655,395.5456233801517,401.3320936868834,25352300
2024-02-06,397.0143127441406,399.44248577195293,394.48825385108364,397.39617518548,18382600
2024-02-07,405.39532470703125,405.64009909216526,398.8843320384044,398.92350430633786,22340500
2024-02-08,405.4540710449219,406.87377444064305,403.9071100669644,405.3953275824479,21225300
2024-02-09,411.75946044921875,412.02383590927224,406.4135962217608,406.57025541446654,22032800
2024-02-12,406.5800476074219,411.94548291897434,406.0806983084005,411.76925253567924,21202900
2024-02-13,397.82696533203125,401.4985815288795,394.9582163813525,396.4758057908408,27824900
2024-02-14,401.67205810546875,402.0153819358465,396.84600689910087,400.2791853329973,20401200
2024-02-15,398.79803466796875,401.3189759217452,396.5713838346197,400.34788638470263,21825500
2024-02-16,396.3457946777344,400.49504745207923,395.73763633762957,400.17133095818804,22296500
2024-02-20,395.1000061035156,396.7675320143623,390.41126629664336,395.5413968145009,24307900
2024-02-21,394.5016174316406,394.60953289016544,389.6363215762775,392.53001248162076,18518900
2024-02-22,403.7908630371094,404.9483275530714,400.76967888893086,402.3587454167674,27009900
2024-02-23,402.5058288574219,407.92043082910567,401.1619895410124,407.7340858290021,16295900
2024-02-26,399.7593078613281,404.29109863437077,399.58272164729414,403.60445096908654,16193500
2024-02-27,399.70050048828125,400.5244598178457,396.13979878680874,400.2007433350152,14835800
2024-02-28,399.9358825683594,401.48570431449235,397.5817089338175,400.38709194736896,13183100
2024-02-29,405.7428894042969,406.29219561123216,398.17027676875426,400.83834831741547,31947300
2024-03-01,407.5673522949219,407.93028353505224,403.03556125394095,403.4180998812608,17823400
2024-03-04,406.99847412109375,409.3820740419509,404.4481066223211,405.54671909934444,17596000
2024-03-05,394.96270751953125,406.3412493979287,392.99110225962716,406.056777618859,26919200
2024-03-06,394.4133605957031,397.4247558475786,390.7840183450358,395.27656457076307,22344100
2024-03-07,401.3288269042969,401.9565926355365,394.5605358436286,398.3664647487739,18718500
2024-03-08,398.46453857421875,402.58436507476455,396.61060766849016,400.171309298901,18002200
2024-03-11,396.7969970703125,397.93485423983793,393.5992565104688,396.0515271512708,16120800
2024-03-12,407.3515930175781,407.6360648031442,399.02369122398767,399.8378319323999,22457000
2024-03-13,407.17498779296875,410.1961717884516,403.5946789555971,410.11771230614136,17115900
2024-03-14,417.1017761230469,419.6521433696343,410.009799228429,412.21684262615895,34157300
2024-03-15,408.4698181152344,414.53182378938754,404.9091164524236,411.28501994441507,45079900
2024-03-18,409.3526306152344,412.69753127897746,405.8802070917239,406.34123515822085,20106000
2024-03-19,413.3645324707031,413.61957818454806,407.61639479250874,409.8528643144651,19837900
2024-03-20,417.11163330078125,417.82767717758037,412.6288753346162,413.94328882066856,17860100
2024-03-21,421.17254638671875,422.5948752417206,419.004747660182,421.6237557740876,21296200
2024-03-22,420.5545654296875,421.6531778067011,417.9355573407252,421.49625883993525,17648500
2024-03-25,414.78680419921875,419.24995422394994,413.5606690168653,417.1213703760103,18060500
2024-03-26,413.5998840332031,417.8570214885324,413.30562358453886,417.48427163026514,16725600
2024-03-27,413.3841857910156,416.3465480734724,411.0104044220357,416.3367294110972,16705000
2024-03-28,412.68768310546875,413.815721504757,411.11822405931304,412.92309148516256,21871200
2024-04-01,416.4642028808594,419.720825298805,414.15906261710444,415.856044584665,16316000
2024-04-02,413.3939514160156,414.31600751259526,409.8626759328322,412.08932675524255,17912000
2024-04-03,412.4228820800781,415.17923184367993,411.0888313055727,411.7166269488562,16502300
2024-04-04,409.9018859863281,420.48589287991564,409.5978068668824,416.87612828288866,19370900
2024-04-05,417.3960876464844,418.3672072160066,410.3335658710208,411.9913032872843,16554800
2024-04-08,416.48382568359375,419.12247124179834,415.21844567326013,417.0527692258899,14272400
2024-04-09,418.1415710449219,419.5736887198931,413.5705349702072,418.2985199584035,12496900
2024-04-10,415.17919921875,415.9344877287147,411.68716854848634,414.12962029851764,16216600
2024-04-11,419.76007080078125,421.1725811111206,414.2964045264092,417.6903687099733,17966400
2024-04-12,413.8451843261719,417.06256218596104,411.75584496590756,415.9541310748391,19253800
2024-04-15,405.7428894042969,418.6712525249299,405.5368771254888,418.4554515197094,20273500
2024-04-16,406.6648864746094,410.4119627811132,405.8311384974836,406.6550977488978,16765600
2024-04-17,403.977294921875,410.88289815005464,402.4961137208089,409.2840127355166,15855500
2024-04-18,396.5517272949219,404.02627254838046,396.2378594372626,402.79031869935466,21029900
2024-04-19,391.5000915527344,397.738683518828,390.1758594431205,396.31635459832717,30565800
2024-04-22,393.3049621582031,395.1588931129713,388.1944385754191,392.44175811164087,20286900
2024-04-23,399.78875732421875,400.4067342721825,395.3648518176367,396.5223162949651,15734500
2024-04-24,401.25030517578125,404.5952057239604,399.01383568119996,401.7407592748994,15065300
2024-04-25,391.4216003417969,392.2553782643455,380.62179192671005,386.5072408836068,40586500
2024-04-26,398.5625915527344,405.1150505614492,398.0132854043954,404.3009099992489,29694700
2024-04-29,394.5703125,398.562615947593,391.56873588609426,397.5130370183344,19582100
2024-04-30,381.8969421386719,394.4820099813431,381.7400231834723,393.8247883748175,28781400
2024-05-01,387.39984130859375,394.050396924473,382.85823208751793,385.1143087080168,23562500
2024-05-02,390.2445068359375,392.29460134045365,387.11540734616494,390.0679505478797,17709400
2024-05-03,398.8961181640625,399.37675358596374,394.18774100881984,394.5997356096934,17446700
2024-05-06,405.6448059082031,406.02734455936377,398.61168058742396,400.9560656726651,16996600
2024-05-07,401.5249328613281,406.7531899905989,401.2797058272895,406.74337133005633,20018200
2024-05-08,402.7020568847656,404.3597941214035,398.9451617518151,400.3773092630151,11792300
2024-05-09,404.4480895996094,404.84044690561177,401.28956389363333,402.73150019277335,14689700
2024-05-10,406.8218688964844,407.44966453116945,403.93799631140473,405.0562460600837,13402300
2024-05-13,405.8213195800781,410.36292908810583,402.9766919421273,410.0294239104783,15440200
2024-05-14,408.6070861816406,409.51932355356394,403.6927268958918,404.1537549120692,15109300
2024-05-15,415.7511901855469,416.46855556809163,410.0418362179186,410.66092785109674,22239500
2024-05-16,413.6973876953125,418.05067177577746,413.0684896947791,414.49335406459187,17530100
2024-05-17,412.930908203125,415.5939858480529,410.7886784280323,415.2205635959117,15352200
2024-05-20,417.9720764160156,419.3772981518083,412.71474538865465,412.9309356548489,16272100
2024-05-21,421.6080017089844,425.46991744124085,417.4905802068074,419.4362626425402,21453300
2024-05-22,423.0622863769531,424.91956115828395,419.7310254046841,422.6397422694005,18073700
2024-05-23,419.603271484375,426.0889486573305,418.05065430726955,425.4698570651074,17211700
2024-05-24,422.7085876464844,423.59299146281916,417.0581916118114,419.7900340603218,11855300
2024-05-28,422.86578369140625,423.35712243524114,419.2102222377172,422.1877338257991,15718000
2024-05-29,421.7357482910156,423.4750768037088,418.3160195321069,418.3160195321069,15517100
2024-05-30,407.4868469238281,416.9500050085169,407.0642728541054,416.9500050085169,28394500
2024-05-31,407.9389343261719,409.5308671519035,397.50290358954135,409.5308671519035,47995300
2024-06-03,406.3567810058594,409.21637607324783,401.83648858598,408.3319723384426,17484700
2024-06-04,408.8626403808594,409.22622626275023,402.58331667273,405.2856798357907,14348900
2024-06-05,416.6650390625,416.73380368644956,409.0885749875474,410.5724274049153,16988000
2024-06-06,417.1662292480469,417.9425528471417,413.29447761268017,416.66508413024746,14861300
2024-06-07,416.5079040527344,418.89580340788024,415.67262210037114,418.8172023955245,13621700
2024-06-10,420.45819091796875,420.66454478320344,416.5471539046789,417.3431202309482,13982900
2024-06-11,425.1849060058594,425.3224952545953,417.88361916349896,418.1096457911631,14551100
2024-06-12,433.41973876953125,435.71920053687387,425.7450298401941,427.7791794767063,22366200
2024-06-13,433.9306640625,435.70933770928787,431.75895545061627,433.21332876835277,15960600
2024-06-14,434.90362548828125,435.4637589084296,429.1549556248856,430.6879302565991,13582000
2024-06-17,440.6031188964844,443.1286073434569,433.0856417971322,434.92324397820295,20790000
2024-06-18,438.6082458496094,442.3424381224516,437.1833815521162,441.919864030814,17112500
2024-06-20,437.9794006347656,438.7950098147065,433.62611625090886,438.5689831798124,19877400
2024-06-21,441.9886779785156,442.774807970896,438.77533339876635,439.63025801243765,34187100
2024-06-24,439.915283203125,444.9072720890794,438.67709986214254,442.0083612472025,15913700
2024-06-25,443.1383972167969,443.6002568065394,439.01114003233465,440.48515617122325,16413400
2024-06-26,444.32745361328125,445.7425115856911,440.42622281234816,441.2221891732116,16507000
2024-06-27,445.0054931640625,448.267989524247,443.9441847148766,444.3470860716105,14806300
2024-06-28,439.2077331542969,447.4916975183524,438.6770788922511,445.22171482768863,28362300
2024-07-01,448.81829833984375,449.447196335744,437.94005138791704,440.88808384173325,17662800
2024-07-02,451.32415771484375,451.62878536550966,445.26102385148636,445.3494912239479,13979800
2024-07-03,452.788330078125,453.0339994689676,449.9484075142332,450.2530351597629,9932800
2024-07-05,459.4607238769531,460.2370475569388,451.01952711906966,451.6484251718753,16000300
2024-07-08,458.1635437011719,459.598274429734,456.4143789671548,458.46817132419625,12962300
2024-07-09,451.5796203613281,459.23465638604694,450.06628863582495,458.91038601076474,17207200
2024-07-10,458.1733703613281,458.37972423311413,450.91136946375343,453.2305038870679,18196100
2024-07-11,446.8235168457031,456.7288938614541,443.7280584136493,454.9600861765151,23111200
2024-07-12,445.69342041015625,448.45474210994985,442.84366132366125,446.4599077505093,16324300
2024-07-15,446.0962829589844,449.3391368001631,443.61011000854984,445.44771219074863,14429400
2024-07-16,441.733154296875,446.430351284593,438.92271119875926,446.35175028412175,17175700
2024-07-17,435.83709716796875,437.1440749862863,431.5722805813875,434.92321432561624,21778000
2024-07-18,432.7416687011719,436.94752703468305,426.8750830594602,436.6428994208888,20794800
2024-07-19,429.53814697265625,433.49836608097274,424.51667935003445,425.5976305961669,20940400
2024-07-22,435.2672119140625,436.8984603038917,431.30702244593317,434.13713868906143,15808800
2024-07-23,437.1440734863281,440.6227600869156,435.4243879336588,436.21051790501895,13107100
2024-07-24,421.47039794921875,433.83249840274334,420.18309274942834,432.82034171919196,26805800
2024-07-25,411.15228271484375,422.35480083589914,410.2777152857788,421.3721232816147,29943800
2024-07-26,417.9032287597656,421.49002544679837,410.04180915234855,410.95572197330205,23583800
2024-07-29,419.33795166015625,424.66404655168895,417.3431176712943,424.1039132176947,15125800
2024-07-30,415.593994140625,421.6177822082065,410.13027948455533,420.31083428857175,32687600
2024-07-31,411.1031188964844,414.47369536650564,405.0694649339739,413.21586942488864,42891400
2024-08-01,409.8846130371094,420.05533154219523,405.9342601346404,413.50088916463085,30296400
2024-08-02,401.4139404296875,407.8111808388244,397.335834619087,405.34465060644726,29437900
2024-08-05,388.30499267578125,394.09297731515574,378.9007621776494,382.42860065253456,40709200
2024-08-06,392.687744140625,398.6427974223072,391.59698650264767,393.07100276300895,24946500
2024-08-07,391.5282287597656,402.9764167958112,390.58486666117705,401.5613886423986,20650900
2024-08-08,395.7143859863281,398.8294567188382,393.0120229903142,395.46871662305415,20203000
2024-08-09,398.9866638183594,400.98149772413467,395.29181721770595,397.03114540515713,19276700
2024-08-12,399.7630310058594,401.6792641246606,397.23754263585204,400.008700380632,16762900
2024-08-13,406.83831787109375,407.7620371122612,402.475227409518,402.49487016333154,19414300
2024-08-14,409.6389465332031,410.48406481515934,405.3053649551057,407.61463319199424,18267000
2024-08-15,414.4824523925781,414.5611950729744,411.1648649409175,413.2715696251715,20752100
2024-08-16,411.9622497558594,414.787612725286,410.8104315549657,414.05913029915934,22775600
2024-08-19,414.9746398925781,415.19121979816396,409.98347800679744,412.44459964164133,15234000
2024-08-20,418.19378662109375,419.23729981689326,415.082955234779,415.14201975205145,16387600
2024-08-21,417.5440673828125,419.7689009161739,415.1616884163413,417.48497282390196,16067300
2024-08-22,409.0876159667969,420.1528389914807,408.1622318516386,417.7606059891525,19361900
2024-08-23,410.3083190917969,412.7399082092029,405.68139889495615,410.4953667195193,18493800
2024-08-26,407.0596923828125,410.7907614506505,404.94313363943934,409.89490950861074,13152800
2024-08-27,407.4042663574219,407.9161688910183,403.8700989564779,406.43949576869113,13492900
2024-08-28,404.2146301269531,408.5461982686738,400.97578558888256,408.4280692350888,14882700
2024-08-29,406.69549560546875,415.48661644192174,404.21469537079383,408.4871996853421,17045200
2024-08-30,410.6529846191406,410.9975176628722,405.72088654420793,409.1369250633482,24308300
2024-09-03,403.07269287109375,413.35034007836833,400.7001678121759,411.4109748667296,20313600
2024-09-04,402.54107666015625,404.8446830658677,398.0815251485243,399.59758459335677,15135800
2024-09-05,402.0390319824219,406.67577709695456,399.8141682348964,401.2809872314555,14195500
2024-09-06,395.45306396484375,404.2638620080845,394.56703607993364,402.6985921439958,19609500
2024-09-09,399.4105529785156,402.2949806412775,395.8960636873458,400.9069042814964,15295100
2024-09-10,407.7586364746094,409.8554868302287,401.3597203496137,401.8519446669211,19594300
2024-09-11,416.4612121582031,417.39642045511704,403.2105102076021,409.03846009013733,19266900
2024-09-12,420.3595886230469,420.7238298297295,413.2223356546228,416.72697057085117,17395700
2024-09-13,423.89373779296875,425.1144444971336,418.84351144501346,419.2077526362247,15874600
2024-09-16,424.6321105957031,426.7880557127787,421.5606353721957,423.90362815097126,13834700
2024-09-17,428.3829040527344,434.9787232569042,425.54768660429113,433.38392095290345,18874200
2024-09-18,424.1103515625,429.2491750935579,423.71657808226,428.2351941115192,18898000
2024-09-19,431.8678283691406,434.6341269777226,430.1056566789826,434.3683366283435,21706600
2024-09-20,428.5009460449219,432.409208323067,427.4672869965637,430.4206328981448,55167100
2024-09-23,426.76837158203125,429.67247726227924,423.6968964015023,427.52638627626743,15128900
2024-09-24,422.4958801269531,426.61086866115505,419.4736152765213,426.26630559260894,17015800
2024-09-25,425.3901062011719,426.384408985251,421.9051794925785,423.14556440453987,13396400
2024-09-26,424.6025695800781,428.5305103087993,422.45647860828996,428.32378449228514,14492000
2024-09-27,421.3637390136719,425.1341945131492,420.82230422369577,424.8093096047705,14896100
2024-09-30,423.6082458496094,423.7264049247719,418.7549211722127,421.5507517579481,16807300
2024-10-01,414.1477355957031,421.81659955830685,412.2969671899716,421.78706729834266,19092900
2024-10-02,410.64306640625,416.2445815766932,410.22958475813624,416.0082934736332,16582300
2024-10-03,410.0622863769531,413.0254566537122,407.84727671300476,411.1353318978847,13686400
2024-10-04,409.5897521972656,413.22237055628017,408.51670664481577,411.73584330216534,19169700
2024-10-07,403.171142578125,410.6233966552464,402.6395318501973,409.5306729821077,20919800
2024-10-08,408.2607116699219,409.19594995144206,401.82243880752753,404.5099645290717,19229300
2024-10-09,410.9679870605469,413.842590771439,407.85712525174335,409.3928629741536,14974300
2024-10-10,409.37310791015625,410.8596349305785,406.72493873590105,408.77260867644156,13848400
2024-10-11,409.8456726074219,410.6430736171545,406.8234080163179,409.6684790592566,14144900
2024-10-14,412.6218566894531,417.4456494762865,411.0270245046469,411.2731366880873,16653100
2024-10-15,412.2279968261719,415.90985501650863,408.80213492837686,415.61450241094855,18900200
2024-10-16,409.6487121582031,409.88497018856907,404.09643814371225,408.71350409268166,15508900
2024-10-17,410.2394714355469,415.9295838303706,409.127039576057,415.7917465890575,14820000
2024-10-18,411.6570739746094,413.12389293089865,409.78662744422246,410.6529471112624,17145300
2024-10-21,412.2674255371094,412.44461909285747,407.31564977599334,409.6487883889798,14206100
2024-10-22,420.8616638183594,423.8838984262341,411.53893363879695,411.9819175179694,25482200
2024-10-23,417.99688720703125,424.3760949935698,415.95907136722593,424.1595150969288,19654400
2024-10-24,418.1248779296875,419.3554387186423,415.8310957950025,418.71552307399537,13581600
2024-10-25,421.4916687011719,425.79370434385993,419.9362531076575,420.1233007480341,16899100
2024-10-28,419.9559631347656,425.2227696357769,419.670464602579,424.9471252042487,14882400
2024-10-29,425.23260498046875,426.43363353122214,419.17822176857095,421.3440208086144,17644100
2024-10-30,425.8036193847656,431.68077966192817,425.3803136298507,430.6372663836306,29749100
2024-10-31,400.03070068359375,409.6881391925744,399.981460227055,408.90056227484143,53971000
2024-11-01,403.98822021484375,409.0384470027673,401.162857168779,402.6493843637014,24230400
2024-11-04,402.1078796386719,404.0374205874987,399.26283871579096,403.42703719981586,19672300
2024-11-05,405.0612487792969,408.4477546696806,401.73380740675793,402.019305938334,17626000
2024-11-06,413.6456298828125,413.91145024796907,404.1358522419557,406.00632872643234,26681800
2024-11-07,418.81402587890625,420.21195632741785,413.3503473156427,414.7285695615749,19901800
2024-11-08,415.96893310546875,419.8673412736044,415.22074253188157,418.70569909892066,16891400
2024-11-11,411.5093994140625,418.2036383732599,409.530647967578,415.9492425000552,24503300
2024-11-12,416.4513244628906,417.8394007087299,410.71200186963034,411.7456609678349,19401200
2024-11-13,418.58758544921875,422.65333320998997,411.70626883397995,415.0829505962656,21502200
2024-11-14,420.25128173828125,421.5113747579457,413.4684163916041,418.3906594438851,30246900
2024-11-15,408.54620361328125,416.2248913266483,407.2073678244848,413.2912534776132,28247600
2024-11-18,409.2944030761719,411.8933320342017,405.6913172118432,408.4182293083614,24727000
2024-11-19,411.2928466796875,411.4405079817959,405.1498661250552,406.68560375296545,18133500
2024-11-20,409.0285949707031,410.8006207181085,404.19494808048387,410.38713903081657,19191700
2024-11-21,407.26287841796875,414.0790385036892,404.71793020151534,413.80284233986384,20780200
2024-11-22,411.3367919921875,411.73135363774225,405.4774597411712,405.7832472742104,24814600
2024-11-25,413.1025390625,415.36141754143,409.2160446876401,412.69810354496985,27691100
2024-11-26,422.17755126953125,423.21330950979313,413.161695275106,413.891635863064,23458900
2024-11-27,417.2454528808594,421.42789081016514,416.28862504102557,419.33665679394954,18332400
2024-11-29,417.70904541015625,419.1097738504757,412.1259094010287,414.38481768654003,16271900
2024-12-02,425.126953125,427.1195090506518,415.58826631722377,415.84474493949193,20207200
2024-12-03,425.3439636230469,426.5967051479557,421.93093157664276,424.00241788094525,18302000
2024-12-04,431.47955322265625,433.6989966979177,426.75459623977906,427.1491579480887,26009400
2024-12-05,436.6088562011719,438.6211597736825,430.2464705000807,431.97270407918,21697800
2024-12-06,437.5459899902344,440.04162946603964,435.7704172944161,436.29321828806303,18821000
2024-12-09,439.962646484375,442.2412722506749,434.5176237615362,436.5891099408423,19144400
2024-12-10,437.3092346191406,443.5138201555157,435.60274857576576,438.3548667232301,18469500
2024-12-11,442.8923645019531,444.23391032066826,438.0194510528632,438.0194510528632,19200200
2024-12-12,443.45458984375,449.96496224230685,443.0106891858234,443.0106891858234,20834800
2024-12-13,441.19573974609375,445.2992475559922,439.5286887575998,442.34986354702323,20177800
2024-12-16,445.45703125,446.039014950384,439.23272866925197,441.19569319284585,23598800
2024-12-17,448.2880554199219,449.1068002031095,443.4644812477741,444.8849272856994,22733500
2024-12-18,431.44989013671875,446.50262602359174,431.08488976149135,445.19070178831043,24444500
2024-12-19,431.0947570800781,437.1612287919841,430.39440791706704,435.6224173363725,22963700
2024-12-20,430.67059326171875,437.71361011588573,422.80883168125047,427.2279700671991,64263700
2024-12-23,429.3390197753906,431.7064201820156,426.95187171586906,430.8087749659741,19152500
2024-12-24,433.363525390625,433.6298778354008,428.2933464556966,428.74709084992185,7164500
2024-12-26,432.1601257324219,434.9517090842379,430.70024449975995,433.1169536147247,8194200
2024-12-27,424.68304443359375,429.30935275325726,420.5598195240772,428.69777768381334,18117700
2024-12-30,419.0604553222656,421.7435167493127,416.17025429217676,420.27376177490316,13158700
