Date,Close,High,Low,Open,Volume
2018-01-02,235.9542999267578,235.98942359604385,234.751575470931,235.1378554585482,86655700
2018-01-03,237.4467315673828,237.59598705803205,236.12108775526218,236.12108775526218,90070400
2018-01-04,238.447509765625,238.9303730753286,237.50817277946746,238.08759267620826,80636400
2018-01-05,240.0364990234375,240.15939163934033,238.74597920320122,239.23760324981492,83524000
2018-01-08,240.47555541992188,240.63357176249713,239.65032324223404,239.94001987028867,57319200
2018-01-09,241.01983642578125,241.6431409316476,240.61598118737896,240.89691697282984,57254000
2018-01-10,240.6510772705078,240.9144645859903,239.59760838310203,240.2647973076733,69574300
2018-01-11,242.4068603515625,242.4068603515625,241.03733218619251,241.2041360978791,62361500
2018-01-12,243.98719787597656,244.15397506052784,242.37183023495885,242.67034130166897,90816100
2018-01-16,243.15313720703125,245.89219413547542,242.45958535928062,245.2425535744117,106555100
2018-01-17,245.4708251953125,245.85710525696388,243.15317161691908,244.0837480950297,113258800
2018-01-18,245.05812072753906,245.77798160283706,244.56646986883223,245.35660485466306,100728000
2018-01-19,246.17308044433594,246.17308044433594,245.05815193414344,245.6375450366647,140920100
2018-01-22,248.1747589111328,248.1747589111328,245.90975090331943,245.96244980743063,91322400
2018-01-23,248.7014923095703,248.99118891195354,247.89380864434813,248.21862891691765,97084700
2018-01-24,248.6049346923828,249.93936638272544,247.42854613851088,249.3423710936975,134816100
2018-01-25,248.71026611328125,249.56183431704545,247.92015763767293,249.46527770838205,84587300
2018-01-26,251.58984375,251.6337550471064,249.28973839357536,249.54433818393673,107743100
2018-01-29,249.92173767089844,251.45806987609902,249.76372135975387,251.0191178174703,90118300
2018-01-30,247.35826110839844,249.9743981091749,246.88418540558078,248.09569731750025,131796400
2018-01-31,247.48114013671875,248.71020041762685,246.4100961508907,248.2098154832068,108364800
2018-02-01,247.2001953125,248.49950287103297,246.41008707469774,246.75248249293085,90102500
2018-02-02,241.818603515625,246.01498245332922,241.7834798632999,245.88327545498436,173174800
2018-02-05,231.70523071289062,242.16985973581026,231.1609344386689,240.0628951810938,294681800
2018-02-06,236.27029418945312,236.77070587057335,227.11376242714104,228.20235475111994,355026800
2018-02-07,234.98863220214844,239.1059783080259,234.90959724654337,235.71728090980616,167376100
2018-02-08,226.17446899414062,235.4275869953834,226.13934532363862,235.28711910488605,246449500
2018-02-09,229.57188415527344,231.4242486397791,222.03946661641714,228.95734067037915,283565300
2018-02-12,232.94302368164062,234.40913502110863,229.71234367540757,231.61738018481336,143736000
2018-02-13,233.52252197265625,234.0668183011388,231.16095748307058,231.74037748189377,81223600
2018-02-14,236.67422485351562,237.03416884340766,232.03010345121902,232.038891067794,120735700
2018-02-15,239.69419860839844,239.70298622426654,235.95431789418856,238.41246589270904,111200300
2018-02-16,239.7645263671875,241.70471493573402,239.0270896753534,239.0710009828163,160420100
2018-02-20,238.26318359375,240.25604318291386,237.47307520829037,238.8162675010244,86369700
2018-02-21,237.0779571533203,241.17778049482195,236.98140057622757,238.7020848614056,98883700
2018-02-22,237.38531494140625,239.71175595438413,236.71812589843753,237.99985866174583,110511300
2018-02-23,241.16905212402344,241.16905212402344,238.13151113340072,238.60558689681895,92766400
2018-02-26,243.96957397460938,244.0661573690469,241.65192079774243,242.24010161368724,86491400
2018-02-27,240.9232177734375,244.86502543404572,240.8617580559553,244.15389845883672,99099200
2018-02-28,238.48269653320312,242.46838953671312,238.16666384672425,242.02064977268844,121907800
2018-03-01,235.01499938964844,239.8171371368471,233.5225513150146,238.27201694583923,176855100
2018-03-02,236.2264404296875,236.78831195402194,232.48658691293335,233.34691584624574,139083200
2018-03-05,238.956787109375,239.57133087082536,234.9359701841439,235.04134121098951,97307400
2018-03-06,239.5624542236328,240.01019384890736,238.07000666705412,239.93115891026687,79213200
2018-03-07,239.47470092773438,239.82585724110842,237.2097199336888,237.40285992477092,87063500
2018-03-08,240.6334991455078,240.75639177769847,239.15862681019166,240.15063585578204,66901200
2018-03-09,244.82106018066406,244.82106018066406,241.72206043628228,242.0381197768644,113625300
2018-03-12,244.51394653320312,245.734246622371,244.12766641803623,245.11094194215474,71924800
2018-03-13,242.9336700439453,246.1731389352705,242.32791395587557,245.67272707268907,91968900
2018-03-14,241.68695068359375,244.0748505384305,241.1338936908821,243.8904982075266,105895100
2018-03-15,241.4236602783203,242.8370732112974,240.92324844341726,242.19622027785263,83433000
2018-03-16,241.6853485107422,242.73424034872923,241.63246546838997,241.9497637225033,100343700
2018-03-19,238.4153289794922,241.86168501139227,236.7670775944114,240.93620460870457,109208400
2018-03-20,238.8208465576172,239.45547026421977,238.14213569570916,238.8120237467934,59757300
2018-03-21,238.3624725341797,240.86570282453886,238.150940281105,238.77674112899192,78709600
2018-03-22,232.40408325195312,236.98745229628895,232.13081823448522,236.14129640944108,148785900
2018-03-23,227.45050048828125,233.17093659771976,227.25658694391362,232.84481538646813,183534800
2018-03-26,233.67332458496094,233.9553855388046,228.64924497633498,231.0467092863797,141956100
2018-03-27,229.69810485839844,235.13645231917573,228.1467967301256,234.60762172890932,129941400
2018-03-28,229.01939392089844,231.496209377788,227.91761869403678,229.8303123233447,146452300
2018-03-29,231.94569396972656,233.8055043683826,229.0281955901973,230.15641224241278,111601600
2018-04-02,226.9392547607422,231.92809620608446,224.4712755675117,231.41685743848606,186286300
2018-04-03,229.8479461669922,230.3239206279813,226.38397108152986,228.17325309173245,119956900
2018-04-04,232.3071746826172,233.01230029229487,226.17249580220437,226.30470349166671,123715300
2018-04-05,234.1405029296875,235.0219232354331,232.9770216703882,234.0611514312149,82652600
2018-04-06,228.9224395751953,233.67328013698705,227.40639586017514,232.1837048489923,179521200
2018-04-09,230.05064392089844,233.43529384498132,229.11634077565296,230.37676505100026,105442900
2018-04-10,233.70860290527344,234.49307993653733,231.79593578879246,232.93294868522386,103529000
2018-04-11,232.4834442138672,234.14051880483157,232.1573229824398,232.22782477620186,91140200
2018-04-12,234.39601135253906,235.33913719701897,233.62918026548093,233.80547502290267,68890500
2018-04-13,233.70860290527344,235.81521047558147,232.70379768298352,235.70062152505398,85079200
2018-04-16,235.63003540039062,236.39689352112617,234.51946430947865,235.33917858817293,63405300
2018-04-17,238.15098571777344,238.75034514837742,236.8817381595435,237.3929501682783,64682000
2018-04-18,238.32723999023438,239.1293087659003,237.8688842340687,238.59165531201305,57303900
2018-04-19,237.00506591796875,237.87766321788325,235.97379255540952,237.67492690933037,77655900
2018-04-20,234.99542236328125,237.1549125737747,234.11400217921198,236.9345575277574,99953100
2018-04-23,234.96017456054688,236.12365560791923,233.88484090745573,235.56835661263662,65558000
2018-04-24,231.79591369628906,236.20301507306138,230.29748846866164,235.98266000422277,112885500
2018-04-25,232.3688201904297,232.80953030666575,229.91847302010967,231.73419654709733,103840900
2018-04-26,234.7310028076172,235.5595399175105,232.9505437516809,233.3912538357174,67731900
2018-04-27,234.9513397216797,235.6388463237789,234.0170365675143,235.33916671761327,57053600
2018-04-30,233.14454650878906,236.12375212107975,233.07401780501297,235.56845289882426,82182300
2018-05-01,233.55873107910156,233.66449719784265,231.02903254476593,232.5803406831274,74203400
2018-05-02,231.9898223876953,234.17572740968185,231.60199532273418,233.36483583662604,86368900
2018-05-03,231.47862243652344,232.1308649285438,228.3319451352399,231.16132400218362,136311500
2018-05-04,234.47540283203125,235.15411363285418,230.18289056208346,230.50901174745036,91222100
2018-05-07,235.26861572265625,236.23815611083813,234.554640844077,235.2421742011386,55304900
2018-05-08,235.26861572265625,235.62997421713067,233.70848525671053,234.89840752260778,67499200
2018-05-09,237.54273986816406,237.86886103281918,235.41851399436158,235.9385486756778,59666100
2018-05-10,239.7639617919922,240.0901099271998,238.17741586945073,238.28318201111145,72063900
2018-05-11,240.49545288085938,240.75986812188881,239.37603226329256,239.88727092768787,59871500
2018-05-14,240.61009216308594,241.57963284906248,240.06358905252702,240.9273905187562,54790600
2018-05-15,238.95303344726562,239.40253948036187,238.00990733079024,239.38492075905984,87036100
2018-05-16,239.9578399658203,240.4161957105122,238.96183078069996,238.98829921102723,53942600
2018-05-17,239.75514221191406,240.8304760440051,238.97948805121726,239.69343633576486,56536400
2018-05-18,239.15579223632812,239.77279729375869,238.80322944586064,239.41141169141412,64368000
2018-05-21,240.9538116455078,241.49149190105553,240.24868631563004,240.63651331670496,58025900
2018-05-22,240.28395080566406,241.72949286311118,239.9578296314086,241.47387347025818,52966400
2018-05-23,240.9450225830078,240.9714910129223,238.85606092939213,239.0147370148245,64694200
2018-05-24,240.45138549804688,240.82159376470986,238.67092663161597,240.54835569359437,76043800
2018-05-25,239.8785400390625,240.50434094850192,239.37612398978206,239.8785400390625,56374800
2018-05-29,237.11965942382812,239.01473442804837,236.0090882306861,238.25669904659816,115908600
2018-05-30,240.28395080566406,240.72466091115743,238.35366529050847,238.42416707191094,69678400
2018-05-31,238.8120574951172,240.17824842519676,238.2126980482963,239.8785687017863,93519900
2018-06-01,241.1565399169922,241.45621951714224,240.0371191971426,240.10764786706392,71258400
2018-06-04,242.30242919921875,242.55804861167155,241.73833420831608,241.97630799995767,45385200
2018-06-05,242.4786834716797,242.85768767237997,241.66776511550432,242.4345963258353,51135000
2018-06-06,244.50601196289062,244.61177810638046,242.46993300426405,243.08693803970908,62732200
2018-06-07,244.47955322265625,245.2816489527639,243.57169135650165,244.99079207863485,72969400
2018-06-08,245.2022705078125,245.2551535642236,243.85369877171357,244.02117074995135,72139700
2018-06-11,245.5283966064453,246.2423447812001,245.3080415673529,245.4226304914903,58892500
2018-06-12,245.8456573486328,246.20701584698483,245.20221111973012,245.9426006289708,72329000
2018-06-13,245.061279296875,246.33934946200577,244.85854294896512,246.08373004921717,79070600
2018-06-14,245.67831420898438,246.20714492225446,245.08775071407877,245.9251108414489,77097600
2018-06-15,245.3648223876953,245.70127036855243,243.78885054546487,244.89557310376134,120041600
2018-06-18,244.860107421875,244.98407329604225,243.43466198648548,243.91274659361608,52917600
2018-06-19,243.92164611816406,244.14299062462337,242.17745032648094,242.5935790794082,97531500
2018-06-20,244.33775329589844,245.00178675664176,244.001305352654,244.60335587235951,53785500
2018-06-21,242.8060760498047,244.34665228256307,242.31026648649697,244.32892742841975,71061400
2018-06-22,243.24876403808594,244.17842722996417,243.02741951900938,244.06332375690923,54898500
2018-06-25,239.9374542236328,242.25714041734616,238.2552413138066,242.09777885127292,137854200
2018-06-26,240.4687042236328,241.31865965839233,239.7515501037426,240.50412691413,68547400
2018-06-27,238.47662353515625,242.47852327145034,238.32609735255744,241.05307733908927,105110700
2018-06-28,239.840087890625,240.60150009170255,237.7151588224368,238.42347751836468,76650500
2018-06-29,240.1853485107422,242.2925525243365,240.07024504485113,240.92906280620025,97592500
2018-07-02,240.69886779785156,240.85825638445402,238.379181590529,238.61825096063558,63554800
2018-07-03,239.84901428222656,241.69061657063358,239.42404992306015,241.59321089192076,42187100
2018-07-05,241.8056640625,241.86764703064435,239.90210604648493,240.97343328577176,56925900
2018-07-06,243.85089111328125,244.22273484975983,241.45149658583094,241.8322297707401,66493700
2018-07-09,246.04653930664062,246.09965982475168,244.80701551806254,244.8512736099577,50550400
2018-07-10,246.93199157714844,247.02939723604592,246.2059749184592,246.4981648755513,51966800
2018-07-11,245.12576293945312,246.17052961164364,244.82473763376936,245.382530148852,77054700
2018-07-12,247.3480682373047,247.40118876018292,245.78095877320726,246.38300937889045,60124700
2018-07-13,247.5428466796875,247.84387197545811,246.71945157482142,247.17100302827427,48216000
2018-07-16,247.32150268554688,247.72876902543337,246.87881365796778,247.58713231385073,48201000
2018-07-17,248.32199096679688,248.71155948323252,246.4981142851185,246.55123480830568,52315500
2018-07-18,248.8444366455078,248.9506777242672,247.95905829637567,248.40174747094176,44593500
2018-07-19,247.90586853027344,248.56103967940436,247.42775678976406,248.18033358029288,61412100
2018-07-20,247.62257385253906,248.33089263963382,247.46321225779238,247.70225464991242,82337700
2018-07-23,248.08294677734375,248.28656644152343,247.0736028050646,247.41891322282152,47047600
2018-07-24,249.33131408691406,250.17243409081593,248.4636608403578,249.49070268000807,68026900
2018-07-25,251.45628356933594,251.77500676757114,249.03919123765357,249.08344934198635,78882900
2018-07-26,250.8629913330078,251.54472264436467,250.64164684001761,250.73905246712084,57919500
2018-07-27,249.1631317138672,251.2880338772159,248.24233086923053,251.19062823019235,76768700
2018-07-30,247.86160278320312,249.40215198668153,247.33920594196468,249.24279041796194,63742500
2018-07-31,249.08340454101562,249.69431758068527,248.24231157277697,248.6230176642827,68570500
2018-08-01,248.66737365722656,249.7918215593868,248.02106469385495,249.2871493680049,53853300
2018-08-02,250.02191162109375,250.19010858658837,247.16213089419983,247.36577756551435,63426400
2018-08-03,251.09315490722656,251.146275414807,249.9687077844047,250.14579415606403,53935400
2018-08-06,252.01405334472656,252.3239140861713,250.7391066281403,251.12867518151927,39400900
2018-08-07,252.8462677001953,253.22700082078438,252.5452423864147,252.67807071803176,43196600
2018-08-08,252.73997497558594,253.1384058497832,252.27958818150978,252.67801905570704,42114600
2018-08-09,252.39479064941406,253.19162569081698,252.261989312447,252.80205708931322,35717000
2018-08-10,250.70367431640625,251.50050922879808,249.99535560126085,250.9604415393712,77076000
2018-08-13,249.76513671875,251.589013219035,249.47294685068562,250.9781002435462,65732900
2018-08-14,251.35877990722656,251.5978492322892,250.10155842269168,250.49112685948566,43842000
2018-08-15,249.48179626464844,250.15469214912642,248.0474883168638,250.01302843557366,102925400
2018-08-16,251.50050354003906,252.36818381411726,250.88072805575527,250.91615074561037,69967900
2018-08-17,252.38592529296875,252.82861442412454,250.88963386809417,251.2969003032694,65618500
2018-08-20,252.92601013183594,253.1916127922392,252.38591536288368,252.83746690516844,39807500
2018-08-21,253.51914978027344,254.37796757696117,252.96135728082962,253.43946899743776,67272000
2018-08-22,253.3686065673828,253.89097628816754,252.84620982700872,253.11183940984816,44993300
2018-08-23,253.0322265625,254.0504060210551,252.7134763814482,253.1915881432276,49204900
2018-08-24,254.55511474609375,254.69677851147446,253.55463297906772,253.60775351363543,57487400
2018-08-27,256.5649108886719,256.6711519566475,255.5909893995617,255.75035100152513,57072400
2018-08-28,256.6888122558594,257.13150127415275,256.22839838429445,257.02523321330386,46943500
2018-08-29,258.0699768066406,258.3001567022933,256.6622290964166,256.9012714179143,61485500
2018-08-30,257.0252685546875,257.96376724094705,256.4320803195823,257.5919235454238,61229500
2018-08-31,257.0340881347656,257.47677714013287,256.13101229086976,256.6179593889367,66140800
2018-09-04,256.5914611816406,256.94560706766003,255.59097946442648,256.61802144760213,57594400
2018-09-05,255.90078735351562,256.4408819522442,254.89147054249426,256.23723529705296,72452400
2018-09-06,255.13059997558594,256.30814116044616,254.10355796237556,256.00711579754653,65909900
2018-09-07,254.6348114013672,255.60873296174518,253.84681172355158,254.0858811635911,73524800
2018-09-10,255.07748413085938,255.90974186342126,254.88269983133213,255.64411217155657,50210900
2018-09-11,255.9185333251953,256.361222382682,254.0858211620934,254.43110457674317,50530500
2018-09-12,255.98057556152344,256.58262633443366,255.19260290689724,255.9274550238903,59810800
2018-09-13,257.4944763183594,257.68042515569164,256.75962445423187,257.04295190384914,51034200
2018-09-14,257.5387268066406,257.8840101360217,256.75958993473887,257.6980883432781,55079900
2018-09-17,256.1752624511719,257.52102725876375,255.9007974379103,257.48563159353705,68244000
2018-09-18,257.5653381347656,258.15852631195645,256.36120990681127,256.38777016818403,61930400
2018-09-19,257.8398742675781,258.2560031568843,257.4945637549275,257.61852968857704,49080600
2018-09-20,259.9293212890625,260.2480714927518,257.8575395336768,259.0970906351815,100360600
2018-09-21,259.6917419433594,260.785696210054,259.53165901903327,260.6700717174075,105479700
2018-09-24,258.8291015625,259.25601660965026,258.2510060962114,259.1137115939335,53409600
2018-09-25,258.5889892578125,259.38943125963567,258.3488647998379,259.28270927831363,44370000
2018-09-26,257.815185546875,259.91412321436593,257.3971730938539,258.7312519258059,79739700
2018-09-27,258.53564453125,259.62069664612955,258.0109099954677,258.2866175118633,59249500
2018-09-28,258.56231689453125,259.060370917637,257.877499398238,257.9130552985251,70091400
2018-10-01,259.4605712890625,260.5278181370274,258.79353183087005,259.79851514867977,62078900
2018-10-02,259.3093566894531,260.02085456876165,258.93582980248266,259.3093566894531,47258200
2018-10-03,259.4516906738281,260.77686715736866,259.09594169443756,260.35885464256023,64694600
2018-10-04,257.4238586425781,259.02474241561276,255.84075281656695,258.9713814326385,111545900
2018-10-05,255.98309326171875,258.16207274661025,254.56007018759942,257.6462407924696,105951700
2018-10-08,255.98309326171875,256.3388422447717,253.9197111613411,255.29824864888656,87742200
2018-10-09,255.60946655273438,256.9079621857527,255.0491491712409,255.60059115146774,74339000
2018-10-10,247.51617431640625,255.17380378895442,247.14264730325567,255.10263769184056,214731000
2018-10-11,242.064208984375,248.04975962653202,240.45439529116155,246.43107052946968,274840500
2018-10-12,245.4261016845703,246.4399877104538,242.2420842920822,246.15537764841622,183186500
2018-10-15,244.0475616455078,246.39555418191674,243.95861759938708,245.07035032111582,102263700
2018-10-16,249.38388061523438,249.75743475503074,245.53285038018345,246.00422397212148,118255800
2018-10-17,249.4283447265625,250.05089871671996,246.85800584754992,249.41944218007552,110626000
2018-10-18,245.82635498046875,249.0904144724787,244.55453915232613,248.49451374033328,134557500
2018-10-19,245.69290161132812,248.40551826556748,244.99918156304307,246.47556569491306,139901600
2018-10-22,244.59005737304688,246.6800928007739,244.05642033413275,246.3599268625698,82415800
2018-10-23,243.34490966796875,244.4655448019636,238.89797931644497,240.97916660583792,146352700
2018-10-24,235.9718780517578,243.47829736383906,235.42046312583076,243.09584079161823,177806700
2018-10-25,240.20538330078125,241.7440310079275,236.78126856701027,237.8040571423669,138061500
2018-10-26,235.98080444335938,241.0236356256426,233.2770902132027,236.5055661327389,201574600
2018-10-29,234.67335510253906,240.35654414200332,231.1069360307844,239.06692370520128,160749100
2018-10-30,238.15089416503906,238.46218471265607,234.01525443786565,234.50443305323765,157116000
2018-10-31,240.69456481933594,243.0069741099624,240.24096922248452,240.71234277026565,128296300
2018-11-01,243.2560577392578,243.45172381265644,240.47227425305178,241.55732663427773,99495000
2018-11-02,241.81517028808594,244.7857162430484,239.7695662222295,244.3588011959873,122634100
2018-11-05,243.1492462158203,243.70066118097728,241.33489121602472,242.3043186776565,65622500
2018-11-06,244.68795776367188,244.8480407857386,243.02480970328554,243.08707325917246,60085900
2018-11-07,249.9263916015625,250.00643309191767,246.43108367126504,246.85799876173513,102752100
2018-11-08,249.47280883789062,250.11316793555736,248.3343956800287,249.12593521994543,65584900
2018-11-09,247.03587341308594,248.35214737217913,245.63062828033082,248.1653839048309,98812600
2018-11-12,242.4199676513672,246.7690514205457,241.9041085312186,246.52892695269585,99673600
2018-11-13,241.9663848876953,244.87466772001525,241.2459843040756,242.88245150278644,98176600
2018-11-14,240.3120880126953,244.23425606067528,238.75566264251438,243.8340486792,125335900
2018-11-15,242.82022094726562,243.2827191618879,237.4750281129558,239.0492319832538,135101400
2018-11-16,243.45166015625,244.35882418194376,241.21038987573397,241.72624899886281,126668000
2018-11-19,239.33380126953125,243.1403726335023,238.4177346862504,242.84686002553218,103061700
2018-11-20,234.90469360351562,237.4661303636274,234.0419878494768,236.00752387559697,136021300
2018-11-21,235.7050323486328,237.59942858521316,235.6961569464699,236.45211321876684,75563700
2018-11-23,234.13084411621094,235.52718652870087,233.9707611642056,234.06858058757408,42807900
2018-11-26,237.9107666015625,238.13311311240508,235.98968949085364,236.38102152128923,79981400
2018-11-27,238.71121215820312,238.71121215820312,236.27430304857938,236.87907905299704,75502400
2018-11-28,244.20762634277344,244.20762634277344,238.64896315068884,239.7785008821429,127629600
2018-11-29,243.6740264892578,245.07034211312993,242.2954616753383,243.43387485858386,82346400
2018-11-30,245.1592254638672,245.71954294084406,243.20259270869448,243.5227586144501,98204200
2018-12-03,248.40550231933594,249.38383236101384,246.81352089987206,249.27711038226846,103176300
2018-12-04,240.35658264160156,248.00530818364757,240.04529209231492,247.57839310389085,177986000
2018-12-06,239.99200439453125,240.10762896031346,233.4105509709225,236.50562517511156,204185400
2018-12-07,234.4154815673828,241.2192792431404,233.57945653094646,239.65395115076464,161018900
2018-12-10,234.86013793945312,235.8295653002673,230.01297399347905,234.23755696114154,151445900
2018-12-11,234.9135284423828,238.23982339583532,233.44604697126593,238.05305993563306,121504400
2018-12-12,236.09640502929688,239.24483913662817,236.01636354460717,237.88407961308872,97976700
2018-12-13,236.0164031982422,237.90189753280507,234.90467048758845,237.03919186366127,96662700
2018-12-14,231.65843200683594,234.82464480872093,231.1070168879108,233.87299503023334,116961100
2018-12-17,227.11361694335938,231.81846306627645,225.4860388815235,230.70673052985472,165492300
2018-12-18,226.86456298828125,229.41710981689934,225.26366561183747,228.75007037429378,134515100
2018-12-19,223.46713256835938,230.70673442492728,221.76841553795205,226.94463525802686,214992800
2018-12-20,219.82955932617188,223.78732473209402,217.58830256839778,222.22201009148066,252053400
2018-12-21,215.32534790039062,223.38552036390047,214.68124937399995,220.72861735508985,255345600
2018-12-24,209.63575744628906,215.45052421549275,209.57314397918623,213.8402783801348,147311600
2018-12-26,220.22764587402344,220.22764587402344,209.11696653417636,211.09399387368785,218485400
2018-12-27,221.91842651367188,222.11522151944322,213.76880366004917,216.99823741467299,186267300
2018-12-28,221.6321563720703,224.89736734289866,220.46919984471873,223.26923912477056,153100200
2018-12-31,223.57334899902344,223.81488933145144,221.3816315423611,223.2512997725202,144299400
2019-01-02,223.80596923828125,224.7273989963419,220.02190048222155,220.04873678437622,126925200
2019-01-03,218.46530151367188,222.36566931905944,217.98222086036947,222.06150186504593,144140700
2019-01-04,225.78297424316406,226.42707273146465,221.11326702808634,221.48898887122783,142628800
2019-01-07,227.56321716308594,228.96770037116784,225.15679528246304,226.05137509532184,103139100
2019-01-08,229.7012481689453,230.18432891084558,227.2232719214142,229.74599353972656,102512600
2019-01-09,230.77471923828125,231.61562631457824,229.18236851303053,230.4079382964577,95006600
2019-01-10,231.58883666992188,231.8393179366992,228.56515239927478,229.24504182356054,96823900
2019-01-11,231.67831420898438,231.70515051418553,229.93387246967274,230.51534394930587,73858100
2019-01-14,230.26478576660156,231.06990195416668,229.37916069032022,229.78170513390126,70908200
2019-01-15,232.90380859375,233.21691691957597,230.63156872394273,230.64052325623595,85208300
2019-01-16,233.4674072265625,234.35303234522823,233.12746259100066,233.33319843854275,77636700
2019-01-17,235.23873901367188,236.0975554329432,232.5549991293801,232.59974450769994,96118400
2019-01-18,238.3697052001953,238.83490412813006,235.2744670046285,237.04574468322795,127900300
2019-01-22,235.14918518066406,237.1172712595665,233.53895278912816,236.9025808874693,115531200
2019-01-23,235.64126586914062,236.87579034797807,233.18117144550067,236.17801920347108,86030300
2019-01-24,235.76649475097656,236.34799345977734,234.451461356412,235.46234089582398,59204100
2019-01-25,237.76138305664062,238.5844083633359,235.86487852864417,237.60929250091039,96883400
2019-01-28,235.95436096191406,236.01696079540557,234.1920377820725,235.62337082617444,85613700
2019-01-29,235.64126586914062,236.6610726340007,234.80931321615319,236.09751029838282,66136300
2019-01-30,239.37161254882812,240.21251961023302,236.39267430393105,237.15307247227437,92473700
2019-01-31,241.47389221191406,241.9569728947139,239.09430693048517,239.3090246230662,104012100
2019-02-01,241.59017944335938,242.61001335424547,240.80294497890085,241.67068833626018,85782500
2019-02-04,243.28990173339844,243.35252886814231,240.96398891789138,241.63492373195646,60744800
2019-02-05,244.30972290039062,244.61387672404788,243.21833456825289,243.71929701903028,79552800
2019-02-06,243.98770141601562,244.52445479019647,243.25416668172613,244.03244678910357,58347800
2019-02-07,241.66175842285156,242.92309169804167,240.006780619395,242.37741121874424,95482000
2019-02-08,241.95700073242188,242.0553914066869,239.59529694515285,240.4183223771915,75788900
2019-02-11,242.0911102294922,242.86939005956518,241.56331157806798,242.60998164980816,68021400
2019-02-12,245.204345703125,245.58005395704043,243.62987640943152,243.70145808664165,72270200
2019-02-13,246.00042724609375,246.84133422602136,245.61576458304654,246.03621807301033,65277200
2019-02-14,245.45480346679688,246.58198272142158,244.10397926802654,244.91805014076567,83234400
2019-02-15,248.12960815429688,248.1653989923437,247.02033787853892,247.22607377138476,97088700
2019-02-19,248.55892944335938,249.211955032135,247.3244053160837,247.33335984756857,59120800
2019-02-20,249.0599365234375,249.51618090468128,248.0222207996787,248.52318324557527,76610800
2019-02-21,248.1743621826172,248.78266994857734,247.21715515945522,248.42484345686026,64214700
2019-02-22,249.7129669189453,249.90974822592406,248.15637982404962,248.79152370679947,78114600
2019-02-25,250.05296325683594,251.65426891834582,249.97245434206664,251.1354245896953,69030700
2019-02-26,249.87403869628906,250.75070943647637,249.49830316448794,249.70406634861823,56844100
2019-02-27,249.7666778564453,250.1155497637619,248.2279995898932,249.15834287634237,56921600
2019-02-28,249.30145263671875,249.99029644590678,248.9794170639072,249.5519338490404,69268300
2019-03-01,250.8579559326172,251.26945479376073,249.42662349774062,250.8758376916598,78880500
2019-03-04,249.9456024169922,252.1552157189455,247.6554802053009,251.91368898973167,106494600
2019-03-05,249.60565185546875,250.26765948736204,249.0599712687937,250.07085083470344,59114600
2019-03-06,248.09381103515625,249.730907404324,247.77177540211915,249.72195286993642,75039800
2019-03-07,246.01837158203125,247.78962191252373,245.17746448154068,247.64648588473747,94885100
2019-03-08,245.52635192871094,245.6963242662043,243.701428884689,244.1666005291717,85795800
2019-03-11,249.0867156982422,249.24773345455228,246.21512317578097,246.24195946849932,65098900
2019-03-12,250.02601623535156,250.54488763464727,249.4534995503768,249.6413536016529,79667500
2019-03-13,251.68101501464844,252.6113854192015,250.75064461009535,250.91168968232336,80639200
2019-03-14,251.52001953125,252.1283271456543,251.0816842356358,251.70787361502687,67518400
2019-03-15,252.7627716064453,253.57143448255547,251.88221174274025,252.07092076967695,81309000
2019-03-18,253.6791534423828,253.97568041420575,252.75367888847163,252.97830890078654,62199800
2019-03-19,253.74208068847656,255.50317247562955,252.85255452926685,254.73945229726,90268100
2019-03-20,252.9783172607422,254.73044238296177,251.87315511285124,253.52642876764455,84609200
2019-03-21,255.8356170654297,256.23993462503853,252.11573099309788,252.1606734468245,79550400
2019-03-22,250.91177368164062,255.0000297509821,250.84887068471875,254.4789000838068,122659300
2019-03-25,250.7230224609375,251.75631495200972,249.46509997525595,250.57026199951557,85575200
2019-03-26,252.59193420410156,253.54436319608845,251.19024521888866,252.47512221855817,68125900
2019-03-27,251.27117919921875,253.16707116109836,249.7257232922533,252.58301106957472,72224700
2019-03-28,252.2234649658203,252.67272482945825,250.74990687182384,251.90001102591108,56238500
2019-03-29,253.81399536132812,254.1374494706387,252.60998158668255,253.73313183400046,82186800
2019-04-01,256.8240661621094,257.1205932407867,255.53918860961605,255.8087611739287,77617900
2019-04-02,256.9497375488281,257.1833614980266,256.15903564752676,257.0126405229433,40070400
2019-04-03,257.35406494140625,258.55807823794834,256.7520445828105,258.1627273142301,68243200
2019-04-04,258.0370788574219,258.28866346963747,256.9858253573542,257.6776761857805,48997500
2019-04-05,259.28594970703125,259.3398587189356,258.41438412036786,258.70191713096256,58621700
2019-04-08,259.48358154296875,259.59139954862746,258.20767116115127,258.86360058977857,53566300
2019-04-09,258.1538391113281,258.84568980097356,257.60575494563386,258.52223568757904,66142300
2019-04-10,259.0343322753906,259.1241897573699,258.1537728250394,258.5670843373598,52601500
2019-04-11,258.9624328613281,259.52850482970075,258.39636089295544,259.5195108553922,55093100
2019-04-12,260.714599609375,260.9931386511058,259.0074168766403,260.57083310063365,69727800
2019-04-15,260.54388427734375,260.8853263154702,259.74418819639936,260.78647484201645,49596700
2019-04-16,260.714599609375,261.47834719052565,260.12157304356356,261.4244381773299,52153200
2019-04-17,260.07659912109375,261.85565099506766,259.6632602193015,261.8286964945726,58268300
2019-04-18,260.5887756347656,260.8583481027852,259.36680152584245,260.6606725944999,68708500
2019-04-22,260.8133850097656,260.96614547162113,259.73517748497306,259.8250349672025,40160100
2019-04-23,263.1585998535156,263.39222387949684,260.9482478452623,261.1818444505832,52246600
2019-04-24,262.5745849609375,263.41020222021825,262.4308184291265,263.07775411194496,50392900
2019-04-25,262.412841796875,263.06877148518953,261.22681584442034,262.4757447986305,57770900
2019-04-26,263.6348876953125,263.7067572659924,261.68508625985464,262.4578281031702,50916400
2019-04-29,264.048095703125,264.56925271334455,263.6347841375647,263.7246416311188,57197700
2019-04-30,264.1828918457031,264.47042488251304,262.29602141570473,263.7066772500253,81111700
2019-05-01,262.1971740722656,265.0185406267152,262.18818009576734,264.8118711118755,71671900
2019-05-02,261.6311340332031,262.9969024366537,260.13958704666095,262.08039418261956,65030200
2019-05-03,264.1918029785156,264.47034195162666,261.73883379978037,263.10460158602905,56543700
2019-05-06,263.1046447753906,263.54491082051743,259.58243415240935,259.89692165063803,107198100
2019-05-07,258.7108459472656,261.2985878238254,256.8059880160905,260.705561358726,144729900
2019-05-08,258.3514099121094,260.05859213332144,257.7583835239863,258.3514099121094,91568300
2019-05-09,257.5697937011719,258.1717868559465,254.5507516890629,256.2849164466201,103471100
2019-05-10,258.8636169433594,259.61837045130414,253.65218450185358,256.6352774765789,112429300
2019-05-13,252.35841369628906,254.7215266168045,251.52279634725463,253.7601306768394,127290500
2019-05-14,254.64059448242188,256.16808964243916,253.24789927585027,253.37367783289977,77003200
2019-05-15,256.1322021484375,256.7701439026409,252.8076659712132,253.01433551780383,73956400
2019-05-16,258.5042724609375,259.86101931664007,256.7611410796038,256.8330106305001,76749600
2019-05-17,256.8330993652344,259.3130247481953,256.18616350101286,256.20415146044695,100353000
2019-05-20,255.13487243652344,256.9408797512074,254.3890851668155,255.2336965162362,62877600
2019-05-21,257.4350280761719,257.8123911999107,256.57242895202023,256.8240135080661,46847100
2019-05-22,256.6443786621094,257.5968080643364,256.16816396099586,256.48265157584416,49482500
2019-05-23,253.5084686279297,254.46986427419012,252.09778552084444,254.42494923843603,98733800
2019-05-24,254.08351135253906,255.35942195245426,253.46353029337246,254.94608296590505,55268100
2019-05-28,251.72042846679688,255.3145092656679,251.70246793424027,254.3620800476199,70029400
2019-05-29,250.03115844726562,251.01054198780503,248.62946939652528,250.6062244273925,104972900
2019-05-30,250.71405029296875,251.62156432473273,249.61785472710497,250.78591983240716,62523800
2019-05-31,247.33558654785156,248.99785400522927,247.30863204511155,248.17123097409964,86862800
2019-06-03,246.70669555664062,248.48574798655588,245.37687580180707,247.37159172372733,96428000
2019-06-04,252.06178283691406,252.19655533585188,248.54856678779723,248.99782673135718,77231900
2019-06-05,254.2453155517578,254.27227006596064,251.87323603991442,253.6792433328334,71169700
2019-06-06,255.89854431152344,256.57243446763243,253.89486179658218,254.54179744327325,69430400
2019-06-07,258.45928955078125,259.53752459010883,256.74311294719047,256.91383395209493,74272200
2019-06-10,259.6453857421875,261.3076536120134,259.55552823720706,260.0047883414486,60799100
2019-06-11,259.5824279785156,261.8287280257867,258.9354924680753,261.46033152755564,58641300
2019-06-12,259.12420654296875,259.9059145875843,258.6120435410981,259.3488365521413,47096300
2019-06-13,260.1933898925781,260.5528198019677,259.33081843547797,260.03166288574414,48945200
2019-06-14,259.9059143066406,260.50790737500523,259.14216679214854,259.9059143066406,52324700
2019-06-17,260.0047302246094,260.7684777152376,259.83400922950466,260.13950274162505,39205700
2019-06-18,262.72723388671875,263.7785143172778,261.46031743785153,261.8197473625696,85434800
2019-06-19,263.3202819824219,263.85040551806713,261.8916384024987,262.8620279852303,78674400
2019-06-20,265.8362121582031,266.24055727570857,263.3832692020409,265.99796665760397,116570000
2019-06-21,265.44976806640625,266.8221515056671,265.23308319547755,265.5671482228351,83309500
2019-06-24,265.12469482421875,265.97338627298683,264.9711913645555,265.6573967423069,47582700
2019-06-25,262.5244140625,265.2059995764725,262.41607162622273,265.17891396740316,82028700
2019-06-26,262.262451171875,263.9237654132579,262.15410878391754,263.4181492334464,51584900
2019-06-27,263.19244384765625,263.6980600603321,262.6416941550696,263.020892537568,40355200
2019-06-28,264.54681396484375,265.04339252576335,263.65296153358025,264.1675879780534,59350900
2019-07-01,266.94854736328125,268.0861979498704,265.7476878432094,267.8694855427903,78705600
2019-07-02,267.6437683105469,267.69793952489164,266.0637102660974,266.9033916424673,61504500
2019-07-03,269.7834777832031,269.8015532148794,268.1763349426843,268.3208006260358,40898900
2019-07-05,269.47662353515625,269.63916472557844,267.2645588956779,268.5556853748782,51677300
2019-07-08,267.99591064453125,269.2960749060107,267.45417094324387,268.1674620091727,45841800
2019-07-09,268.3299865722656,268.6279282653834,266.7860517816925,266.840222998623,41101300
2019-07-10,269.6120910644531,270.5601425237143,268.8627041508156,269.3954061841779,58448500
2019-07-11,270.24407958984375,270.4878500388574,269.24188463431943,270.253117309667,50826100
2019-07-12,271.4539794921875,271.526226150782,270.42469881644513,270.7316782304043,40326000
2019-07-15,271.5442199707031,271.8873226456437,271.03860367732375,271.8873226456437,33900000
2019-07-16,270.6684875488281,271.66167251628906,270.3615081141636,271.45399780135625,36650100
2019-07-17,268.8265075683594,270.8038392241641,268.8265075683594,270.64132560824015,36036300
2019-07-18,269.81072998046875,270.18995607768375,267.8875965462523,268.33000403131257,51392600
2019-07-19,268.31195068359375,270.93032731709434,268.1403993042997,270.90324170741786,58678600
2019-07-22,268.9710693359375,269.5128091364652,268.19459674660476,268.7092233807768,43638100
2019-07-23,270.8941345214844,270.8941345214844,269.25990553066293,270.0905766044497,44564500
2019-07-24,272.16717529296875,272.16717529296875,270.0453781926008,270.1356727072155,47213200
2019-07-25,270.86700439453125,271.7698944091797,270.0634190555662,271.7157232126221,55394100
2019-07-26,272.6818542480469,272.88049117681857,271.42682375398465,271.5532415968484,45084100
2019-07-29,272.1852111816406,272.6818172131321,271.6344615085866,272.56443710470654,38126500
2019-07-30,271.5171203613281,271.92343194048675,270.40655558457587,270.7857815620586,45849000
2019-07-31,268.54656982421875,271.9504828061591,266.53314273076955,271.76085606462857,104245200
2019-08-01,266.2082214355469,271.652649838183,265.41367341757837,268.7002079366244,142646600
2019-08-02,264.20367431640625,265.5580093519048,262.65070237354064,265.3142389649611,116749700
2019-08-05,256.25836181640625,260.22203637331984,254.36228645172406,260.1136939331715,178745400
2019-08-06,259.8518981933594,260.068610669545,256.6737332676527,258.14544932334616,120711700
2019-08-07,260.00531005859375,260.7727722927134,254.6511774136103,256.7819852077057,140572300
2019-08-08,265.1065673828125,265.1065673828125,260.9442575518692,261.4950072466984,87713900
2019-08-09,263.3008728027344,264.76355072411707,261.52217775603447,264.167639801697,93730000
2019-08-12,260.09564208984375,263.29185424173795,259.1475906449031,261.80209060429195,65527600
2019-08-13,264.1404724121094,265.5851019991185,259.4544708605961,259.79757348733773,94299800
2019-08-14,256.3305358886719,260.70052138237736,256.204145582048,260.0956003464888,135622100
2019-08-15,257.0076904296875,257.9015704661981,254.96717731036955,257.215365095548,99556600
2019-08-16,260.7998352050781,261.2332048589005,257.0618566167302,258.6599898772652,83018300
2019-08-19,263.9419250488281,264.6190928142968,263.13836696189935,263.815534727368,53571800
2019-08-20,261.91943359375,263.9689845752752,261.7930432847781,263.43628262555785,51596400
2019-08-21,264.0502624511719,264.4204232030708,263.39114265467236,264.077348056287,49524700
2019-08-22,263.9688720703125,265.38641579476507,262.1992156207738,264.7544094112218,51666400
2019-08-23,257.1882629394531,264.3301272824833,255.94227013252467,262.6688127245855,149161500
2019-08-26,260.03240966796875,260.03240966796875,257.84740299073746,259.37328982123614,72423800
2019-08-27,259.0120544433594,261.79297112248156,258.2536301365124,261.4227829094938,66668900
2019-08-28,260.83599853515625,260.9985121802663,257.5494645347921,258.35305014787957,59696700
2019-08-29,264.1676025390625,264.69129428520955,262.3889077432596,263.3911301931494,57899400
2019-08-30,264.0502624511719,265.66641614641384,263.12028660352104,265.64836826101157,62901200
2019-09-03,262.50628662109375,263.26471107882736,261.1790369315544,262.35281071811187,69101400
2019-09-04,265.48583984375,265.50388772814705,263.9238298917129,264.6732441815311,46887300
2019-09-05,268.8988342285156,269.81073482523794,265.4497861761174,267.9688581886312,83258100
2019-09-06,269.10638427734375,269.74745608960535,268.537586657619,269.2147542351201,49584300
2019-09-09,269.24188232421875,270.18086834097136,268.3028687534425,270.0906013596085,51260300
2019-09-10,269.1786804199219,269.24188935174453,267.2284341315708,268.48343727792104,57947100
2019-09-11,271.0927429199219,271.1739997195606,268.8355177498976,269.4855997010253,68821100
2019-09-12,272.03179931640625,273.08816543274827,271.23725152228974,271.9956759928493,72908700
2019-09-13,271.85125732421875,272.8263943509441,271.48106896722373,272.4742538818412,62104800
2019-09-16,271.0115661621094,271.896408609539,270.3705217396185,270.7226346420475,58191200
2019-09-17,271.69775390625,271.7880208906066,270.64136015983695,270.8129115165538,41475500
2019-09-18,271.8603210449219,271.9686634906912,269.2780400199562,271.3095435402211,73375800
2019-09-19,271.8421630859375,273.2416593963996,271.5080981282079,272.2484746882701,76560500
2019-09-20,270.557861328125,272.72574806029104,269.7687235406922,272.44453398766126,89565000
2019-09-23,270.49420166015625,271.2107864050894,269.64156352852916,269.89553907744414,43476800
2019-09-24,268.3716735839844,271.97270068816425,267.4101927867103,271.58267177028574,94869400
2019-09-25,269.9591369628906,270.40358741300247,266.97490242905855,268.45341435241266,71854000
2019-09-26,269.3967590332031,270.17681716965757,267.99082742388725,269.9682111328825,56179700
2019-09-27,267.9454345703125,270.2584534548734,266.39437020670596,270.1495830366901,84746600
2019-09-30,269.1880798339844,269.89558524708093,268.4171012837451,268.4624431933133,51662400
2019-10-01,265.9861755371094,270.72102824217234,265.76849006877796,270.06794415591315,88242400
2019-10-02,261.2876892089844,264.4170571356595,259.9996795705218,264.4079776780748,122539500
2019-10-03,263.42828369140625,263.4554943744778,258.3487439616913,261.0608435391244,85278800
2019-10-04,266.9929504394531,267.2469259742035,264.026848368655,264.08129740155465,65091200
2019-10-07,265.8410339355469,267.818445039267,265.5598476544299,266.19480049123445,59610500
2019-10-08,261.7139587402344,264.7254038708757,261.67766859806807,263.9906876592985,95708100
2019-10-09,264.1993408203125,265.1336114585525,263.10180603510383,263.72767961308983,62359400
2019-10-10,265.9861755371094,266.86602454663546,263.954370682643,264.1176347838915,55296300
2019-10-11,268.74359130859375,270.9749499590257,268.61661737107397,268.73451185546395,98720400
2019-10-14,268.4442443847656,269.09732826946083,268.09955737877976,268.4260854804991,40394800
2019-10-15,271.10205078125,271.8458464973218,269.3695631563232,269.4874853651235,46754500
2019-10-16,270.66656494140625,271.3559390593394,270.23119407219434,270.6393542620805,48928200
2019-10-17,271.4648742675781,272.33564398394304,270.7754999147679,271.8276926759577,45736600
2019-10-18,270.2765808105469,271.57366954233504,269.42394247522446,270.92966490395844,64304000
2019-10-21,272.10882568359375,272.3083799212792,271.1564240881151,271.5918227015919,39048600
2019-10-22,271.21990966796875,272.9342379797446,271.12919816843396,272.6439722537385,48594700
2019-10-23,272.0090637207031,272.0634850874928,270.75731692201106,270.965950615548,34352200
2019-10-24,272.4535217285156,273.0884746005034,271.62809406743776,272.94334172458434,35453100
2019-10-25,273.56927490234375,274.11351638561285,271.8277076921369,271.8821290723367,45205400
2019-10-28,275.11126708984375,275.6101666626339,274.75752810961376,274.7847388004007,42147000
2019-10-29,275.0295715332031,275.9547901689378,274.7120950931229,274.8390967416614,44284900
2019-10-30,275.8731689453125,276.24503908773704,273.9229683145181,275.22913658461215,49643900
2019-10-31,275.138427734375,275.864092158819,273.68715424802167,275.864092158819,69053800
2019-11-01,277.687255859375,277.73259776958525,276.41735019832123,276.58064197385863,71141500
2019-11-04,278.8030700683594,279.3745223840586,278.4311720901856,279.23846889967274,60606900
2019-11-05,278.49456787109375,279.30186437599883,278.2043020930648,279.00251914201027,42933200
2019-11-06,278.55804443359375,278.83015127599856,277.61469457781413,278.494543609944,46487100
2019-11-07,279.5376281738281,280.8710069278483,279.0659671347833,279.89139471405895,54272300
2019-11-08,280.22705078125,280.2814721535745,278.4945632788722,279.19298934454866,49032100
2019-11-11,279.69183349609375,279.86417703477946,278.7121936255367,278.84827471069235,35797300
2019-11-12,280.2814636230469,281.1794439203386,279.5104572968919,280.0546986848405,46484600
2019-11-13,280.3721618652344,280.77127035209,279.0659936684823,279.2927585959564,53917700
2019-11-14,280.7802429199219,280.8619026302907,279.4559438678023,280.0908965581207,51219900
2019-11-15,282.8121643066406,282.8575062211695,281.4243640106054,282.1137105902836,62023600
2019-11-18,283.0207824707031,283.2566268714091,282.1228021468884,282.57633203669667,49228000
2019-11-19,282.9391784667969,283.6285528256652,282.2951737101685,283.61947336896316,67804700
2019-11-20,281.8869323730469,282.86657234836355,280.3358680402715,282.3495416770167,79406200
2019-11-21,281.43341064453125,282.1046536636578,280.635221339549,281.99581092576324,54664700
2019-11-22,282.0592956542969,282.31327128023827,281.05247260615073,282.1772178522817,44850200
2019-11-25,284.2453308105469,284.2453308105469,282.98453205746335,282.98453205746335,48647200
2019-11-26,284.8892822265625,285.07070522877143,283.96409135032974,284.28156776356354,37569000
2019-11-27,286.1591796875,286.1591796875,285.1523291122122,285.3700145636202,44444600
2019-11-29,285.0978698730469,285.84166530822546,284.8711049975358,285.5967415266676,36592700
2019-12-02,282.6761474609375,285.41545826710006,282.24982822038623,285.3519574335292,75767800
2019-12-03,280.7802429199219,280.8619026302907,278.58517454269366,279.9638949475539,73941700
2019-12-04,282.51287841796875,283.1115412943075,281.4788444906727,281.8235316935288,49080000
2019-12-05,283.0207824707031,283.2294161852713,281.71461417355385,283.2112849549353,40709000
2019-12-06,285.6059265136719,286.0050350565463,284.9165521793852,284.9256316357635,48927000
2019-12-09,284.7079162597656,285.88708285190785,284.63533597889335,285.21586750080536,34838500
2019-12-10,284.3904113769531,285.3156022560636,283.73732732073876,284.6534664265952,52649800
2019-12-11,285.1977233886719,285.4516989977195,284.3087949163725,284.8439568182491,53429100
2019-12-12,287.6557922363281,288.43585014256996,284.9709037870693,285.20672044084057,96389600
2019-12-13,287.8282775878906,289.05281408902283,286.64908301294815,287.4200895270887,81503900
2019-12-16,289.8056335449219,290.3952169345024,287.7647488016478,289.5516578841208,82749700
2019-12-17,289.8690490722656,290.4858429696505,289.78741702831144,290.1865254751517,61097700
2019-12-18,289.8871765136719,290.4858391761142,289.8327551517464,290.25907427433737,48133000
2019-12-19,291.07550048828125,291.14808077783215,289.823753465592,290.07772911648044,85310500
2019-12-20,292.35162353515625,293.4818986755226,291.13019089245233,292.10549549710834,147142100
2019-12-23,292.7982482910156,293.1901949374519,292.65240185614937,293.13550600154747,52990000
2019-12-24,292.8073425292969,293.07166308676193,292.5065255951328,293.0260982506087,20270000
2019-12-26,294.3660888671875,294.3752129631039,293.18112472741444,293.1902210059652,30911200
2019-12-27,294.29315185546875,295.1499823509916,293.7644828220485,295.0952934102021,42528800
2019-12-30,292.6706237792969,294.511910689044,292.18751963133974,294.37518834855865,49729100
2019-12-31,293.3816223144531,293.62775035689424,291.82293192090606,292.16931374555315,57077300
2020-01-02,296.12530517578125,296.1435533670269,293.9923531023892,294.9129966046256,59151200
2020-01-03,293.8829040527344,295.0040826655969,292.6888161446402,292.74350507040344,77709700
2020-01-06,295.00408935546875,295.0861227459739,292.0142796533682,292.13278160099514,55653900
2020-01-07,294.1746520996094,294.9129805533922,293.7279886988713,294.43897268463854,40496400
2020-01-08,295.742431640625,296.9547400028766,294.1199284891358,294.3660286722624,68296000
2020-01-09,297.74774169921875,297.82067881308217,296.71772055042567,297.3011061918994,48473300
2020-01-10,296.8909912109375,298.48615024274386,296.4261352089056,298.33120751452185,53029300
2020-01-13,298.93280029296875,298.9418965712198,297.0824170116794,297.5108322451486,47086800
2020-01-14,298.47705078125,299.54351294484616,297.92100945963375,298.4952711557389,62832800
2020-01-15,299.15155029296875,299.90809914567166,298.30384393795646,298.38587734482564,72056600
2020-01-16,301.6399841308594,301.6399841308594,300.30004962435345,300.52792945323296,54050300
2020-01-17,302.578857421875,302.7884890679203,301.5761805798231,302.35097758583424,95846000
2020-01-21,301.98638916015625,302.78853074420584,301.5488776178504,301.62178693577914,77742400
2020-01-22,302.022705078125,303.49026514751273,301.8677624243257,302.84306662268426,48914900
2020-01-23,302.3692321777344,302.77942705597485,300.2636244798141,301.37567931823935,51963000
2020-01-24,299.6802062988281,303.1075279519649,298.39496067890184,303.0254945486543,87578400
2020-01-27,294.8765563964844,296.3532135264237,294.1108833593813,294.4481411214826,84062500
2020-01-28,297.96649169921875,298.8415422456188,294.96758607389665,296.29839616991114,63834000
2020-01-29,297.7203369140625,299.5524990399842,297.5198016176066,299.32461928570945,53888900
2020-01-30,298.6866149902344,298.89627442765044,294.9129398382602,295.66036446661803,75491800
2020-01-31,293.2631530761719,298.2218209474655,292.35163365596884,298.06685040639036,113845600
2020-02-03,295.441650390625,297.30115767312014,294.6212885304359,294.73979049796515,69083000
2020-02-04,299.9445495605469,300.81050405404096,298.7231169921296,299.04215432222543,62573200
2020-02-05,303.4082336425781,303.61789304939,301.4120324096972,302.8704407127794,65951100
2020-02-06,304.4292907714844,304.62070207645655,303.35367662683126,304.3654777307045,50359700
2020-02-07,302.8067626953125,304.4383624299263,302.2598454793981,303.37190028539015,64139400
2020-02-10,305.0672912597656,305.1311042908256,301.886097610239,301.92256617332515,42070000
2020-02-11,305.5959777832031,307.2002328793031,305.0672809970112,306.41633961218275,54864500
2020-02-12,307.5648498535156,307.77448148627434,306.6624268441835,307.02702899526753,43992700
2020-02-13,307.2367248535156,308.20293318619815,305.8694457619048,306.1428904532812,54501900
2020-02-14,307.7289733886719,307.84747536853007,306.4528517159032,307.64693997585454,64582200
2020-02-18,306.9358825683594,307.79271287619065,305.550355525555,306.735347223604,57226200
2020-02-19,308.40338134765625,309.07789660720476,307.61948824248975,307.902056949455,48814700
2020-02-20,307.1364440917969,308.67691395841035,304.15575813081296,307.8565243216202,74163400
2020-02-21,303.9735107421875,306.0973387829116,303.1531209980254,305.7874255135602,113788200
2020-02-24,293.89202880859375,304.04633809698913,292.81641502565685,294.54832373659,161088400
2020-02-25,284.98651123046875,295.8882745622072,284.1114604678439,295.27757219253857,218913200
2020-02-26,283.9382629394531,289.9633921811157,283.2090586238566,286.38112799579915,194773800
2020-02-27,271.1861267089844,283.9929622601153,271.1861267089844,278.43268874388383,284353500
2020-02-28,270.04669189453125,271.5324726677233,260.2752047841163,263.15560884540804,384975800
2020-03-02,281.74151611328125,281.80532914475464,268.40598340350584,271.8241810091955,238703600
2020-03-03,273.67449951171875,286.07116546161603,271.2407589694564,282.11517570579525,300139100
2020-03-04,285.17791748046875,285.3967010302959,276.4911395839047,279.0342862432625,176613400
2020-03-05,275.69805908203125,281.1762977722977,273.4648539783769,277.9951050161796,186366800
2020-03-06,271.14044189453125,272.34365368594536,264.55017713456687,267.211797114825,228667200
2020-03-09,249.9659423828125,259.04466663052983,249.2549584564978,250.94124687205388,309417300
2020-03-10,262.90045166015625,262.9915813511426,249.30056924454237,259.4549092564181,276444100
2020-03-11,250.08444213867188,256.9937745724308,246.91237251975267,255.86349945004477,255316300
2020-03-12,226.1570587158203,243.06574485920348,225.7650981762707,233.34894558391483,392220700
2020-03-13,245.4904327392578,247.45931815181189,226.53082479595767,239.8116563713259,329566100
2020-03-16,218.62789916992188,234.1692913616769,216.35821121478764,219.84020754106757,297240000
2020-03-17,230.43209838867188,233.50392810842425,216.09390266325667,223.35869921057358,262070500
2020-03-18,218.76463317871094,226.39404531004064,207.84463580030425,215.34643578529358,327597100
2020-03-19,219.2294921875,225.49163896080339,211.67300364288351,218.0809829271714,289322000
2020-03-20,209.78199768066406,224.14949538908877,209.50693107809147,222.37074721498362,347158800
2020-03-23,204.41824340820312,210.58883736917826,200.11807712080454,209.22269612416616,326025200
2020-03-24,222.939208984375,223.81025556170377,214.3663954320049,214.9348561536564,235494500
2020-03-25,226.27664184570312,235.04201992086357,219.82181757105965,224.5162352253458,299430300
2020-03-26,239.48895263671875,240.95593755024464,228.3488575711158,228.77979208422354,257632800
2020-03-27,232.35557556152344,239.13131375893414,230.18257586335054,232.21804924789328,224341200
2020-03-30,239.9014434814453,240.61660815727984,232.45638865585167,234.44601489405457,171369500
2020-03-31,236.32568359375,241.44185872909284,234.922859122693,238.90211266816877,194881100
2020-04-01,225.68984985351562,236.24314028710725,223.62687128450554,227.36774076850008,189554600
2020-04-02,230.89767456054688,231.6770134320797,224.25946457753358,224.80959765546936,177660400
2020-04-03,227.56028747558594,232.26388300481995,224.83715469449982,229.91666012342145,135561200
2020-04-06,242.84463500976562,244.80677011871967,227.54193143111638,236.40815247528656,188061200
2020-04-07,243.09226989746094,252.16937148515606,242.87222776811677,251.41752356864058,201427200
2020-04-08,251.25247192382812,253.05872554058368,243.202271556666,245.68700700539043,153774500
2020-04-09,255.07582092285156,257.8264586985217,252.57273047385536,254.5073322785615,189999200
2020-04-13,252.74697875976562,254.44321124594032,248.85024130979565,254.10397034489313,114839100
2020-04-14,260.2012023925781,261.21892505517496,252.60944238232008,257.6247736197147,134143400
2020-04-15,254.67242431640625,260.3387321420968,252.5635849639978,254.49821499657006,121775000
2020-04-16,255.9010009765625,256.75369195266023,252.83862767870144,255.94683374609875,131798300
2020-04-17,262.8143005371094,263.4194162623719,258.9267132107058,261.65902364519036,146684800
2020-04-20,258.18402099609375,262.95180422099605,257.9639789331066,259.1192277447229,100109300
2020-04-21,250.3447723388672,254.92916957927525,249.4095373940222,253.72805974076354,126385700
2020-04-22,255.9010009765625,257.64306593294725,253.89303320643955,255.21334154791583,92951600
2020-04-23,255.88275146484375,260.3388009581545,255.5801935025374,257.17555508386147,104709700
2020-04-24,259.44927978515625,260.1186116006174,255.3508290930433,257.39547955712044,85063200
2020-04-27,263.1901550292969,264.30874873794517,260.96214535761493,261.4205849434391,77896600
2020-04-28,261.9799499511719,267.1786402598977,261.67736409264813,266.8302216256885,105270000
2020-04-29,268.838134765625,270.369335297768,266.27088427087654,267.29778446877594,118745600
2020-04-30,266.3350830078125,268.9390166066362,264.6021678699744,267.4628265283742,122901700
2020-05-01,259.2843322753906,266.5001686462375,258.11987753446385,261.59485828058166,125180000
2020-05-04,259.99951171875,260.3020696248995,255.92856473218876,257.40472721224256,80873200
2020-05-05,262.4017639160156,265.2074131354292,260.1278925305998,262.81437091102384,79569900
2020-05-06,260.6230163574219,264.48307149149906,260.1920818426239,264.0979977435184,73632600
2020-05-07,263.767822265625,265.6932743331002,263.2635498583758,263.8320105300923,75250400
2020-05-08,268.1322326660156,268.5998501465137,265.76666797978606,266.89443979354115,76452400
2020-05-11,268.1871643066406,269.5624830979567,265.7849452947577,266.20670188943353,79514200
2020-05-12,262.8417663574219,269.78252047171196,262.70421209592996,269.36994163003214,95870800
2020-05-13,258.1931457519531,263.3184962773055,255.77257163214736,262.28241847515807,144721100
2020-05-14,261.2831115722656,261.41146013220174,250.29888679853764,255.7635079143885,121977900
2020-05-15,262.4842224121094,262.5300551877956,257.95483612918537,258.8992207520091,111146300
2020-05-18,270.4794006347656,272.08393945209053,268.3705893815132,268.6914747602291,119703800
2020-05-19,267.7012023925781,271.58876097438247,267.68287488299757,269.8833792126806,95189300
2020-05-20,272.24896240234375,273.1108311782877,271.00201999174817,271.2312398155431,85861700
2020-05-21,270.3693542480469,272.9274551573874,269.2782657160711,272.1205969507901,78293900
2020-05-22,270.8828125,271.05702179895974,268.8473394108852,270.08513201578137,63958200
2020-05-26,274.2203674316406,277.0718778390343,270.901267405882,276.8334801639419,88951400
2020-05-27,278.3003845214844,278.3370675296901,272.19396476879547,277.007581296367,104817400
2020-05-28,277.7869873046875,281.3353065447308,277.11765518674065,279.3273381718324,90405200
2020-05-29,279.0247802734375,279.61156861200794,274.57790903661964,277.31936982817837,119090800
2020-06-01,280.1524963378906,280.7576401144218,277.8694755298853,278.38292576798335,55758300
2020-06-02,282.4721374511719,282.5179982006775,279.73985528660774,281.069313365472,74267200
2020-06-03,286.2314147949219,287.1849772402928,284.17761381806736,284.4526664557033,92567600
2020-06-04,285.4795227050781,286.98321817364206,283.3890390401753,285.2503028822557,75794400
2020-06-05,292.7962646484375,294.565835177491,290.7974742690629,290.8616625425781,150524700
2020-06-08,296.33544921875,296.52798606844794,293.062182869184,293.60313838658124,73641200
2020-06-09,294.12567138671875,296.4086915242657,292.81451293214826,293.6763815746221,77479200
2020-06-10,292.48443603515625,295.59266964831977,291.7692714487275,294.70329579254934,95000800
2020-06-11,275.6230773925781,286.20387252008595,275.0729721884442,285.5712235543959,209243600
2020-06-12,278.9237976074219,283.38899457849544,273.7801190211421,282.61881945235933,194678900
2020-06-15,281.52783203125,282.65560386034076,272.07480686820895,273.24841147874247,135782700
2020-06-16,286.9465026855469,289.40376017355715,282.09623192993956,289.2570561458452,137627500
2020-06-17,285.7545471191406,288.2576371655434,285.02102704171295,287.9642291345723,83398900
2020-06-18,285.8646240234375,286.34139118127837,283.78331810749904,284.2417577526698,80828700
2020-06-19,284.23089599609375,289.5169330939847,282.2877529407937,289.3235490329569,135549600
2020-06-22,286.0543518066406,286.4503381503588,282.49041850503755,283.6323430698322,74649400
2020-06-23,287.3712158203125,289.6274664668477,286.96601139314646,288.69733429029844,68471200
2020-06-24,280.04083251953125,285.953114826548,278.20822201391996,285.336089865643,132813500
2020-06-25,283.0429992675781,283.31007226818923,277.4530430466422,279.469847494696,89468000
2020-06-26,276.3202819824219,282.1589024781775,275.7401296700566,281.94708210428337,127961000
2020-06-29,280.38153076171875,280.5196622715444,275.28887633629,277.5727536803356,79773300
2020-06-30,283.97308349609375,285.6675903215087,279.792153347328,279.9486930198918,113394800
2020-07-01,285.96221923828125,287.2238950877985,284.62691073499315,285.08736775765794,72396500
2020-07-02,287.5369873046875,290.7325599973722,286.87392810290646,289.3880053272748,69344200
2020-07-06,291.97589111328125,292.5560716657089,290.6037376889581,291.34967608377184,61713800
2020-07-07,288.9644470214844,292.408657022588,288.5868688394488,290.43791531370204,82910000
2020-07-08,291.174560546875,291.2850657221682,287.96979804712055,289.7287189273089,54638600
2020-07-09,289.5168762207031,292.0217628054209,286.1094840217067,291.78231623133394,83354200
2020-07-10,292.4730529785156,292.74012588856067,288.02505104229334,289.4524563986217,57550400
2020-07-13,289.94061279296875,297.18820278628755,289.2867716039281,294.8122566026346,102997500
2020-07-14,293.6978759765625,294.4714402869831,287.3251393658656,288.5223162049318,93657000
2020-07-15,296.3962707519531,297.4921610086868,294.0202961383002,296.91198050758385,87196500
2020-07-16,295.42010498046875,295.871343992354,293.85453943512255,294.49919068416483,54622500
2020-07-17,296.2765197753906,297.0593024720893,294.45309952821765,296.4238694209868,62774900
2020-07-20,298.6707763671875,299.4167143118635,295.26338399704196,296.00932194171793,56308800
2020-07-21,299.3062438964844,301.07438289503006,298.32085925130195,300.632362197425,57292200
2020-07-22,301.0099182128906,301.3230536853919,298.83657479523924,298.947079971857,57792900
2020-07-23,297.41839599609375,301.35071700630476,296.05546117826077,300.65081332964456,75738000
2020-07-24,295.5029296875,296.5251308789289,294.00183516323403,295.5674004213925,73766600
2020-07-27,297.65789794921875,297.8328739008944,295.40164684860423,296.193647698937,48293000
2020-07-28,295.7699279785156,298.04458642298647,295.4752287871851,296.9302603752794,57495000
2020-07-29,299.40765380859375,299.96942614775605,296.60806645726814,296.6449108985429,48454200
2020-07-30,298.3393249511719,298.7537475391664,294.36099738513786,296.4422441472383,61861700
2020-07-31,300.6968688964844,300.7981840639859,295.9173223565921,300.12590663768805,84986800
2020-08-03,302.78741455078125,303.55176103880365,301.81124766050027,302.35458371421714,53077900
2020-08-04,303.9568786621094,303.9568786621094,301.930856580021,301.930856580021,41917900
2020-08-05,305.8447570800781,306.1026399985558,304.988313743364,305.2553866917395,42697700
2020-08-06,307.88922119140625,308.00894452980793,304.942312718452,305.264638297825,43679400
2020-08-07,308.1102294921875,308.39571060773704,306.0197365507583,306.9222424636981,57308300
2020-08-10,309.03118896484375,309.21535494485994,306.6275882566364,308.5615137232704,44282100
2020-08-11,306.4801940917969,310.8453459347755,305.7526922046899,310.2099129722672,69601100
2020-08-12,310.7532958984375,311.52686046889016,308.88384116049235,308.91146746286313,53774400
2020-08-13,310.19146728515625,311.49917760274417,309.2705532345938,309.98886506986986,41816100
2020-08-14,310.2007141113281,310.734860048338,309.0771977415584,309.80472777793506,47260400
2020-08-17,311.1860656738281,311.5820519648369,310.2098990427494,311.2136919707807,35481000
2020-08-18,311.8583068847656,312.2819194236177,309.9888246261284,311.58201584320426,38733900
2020-08-19,310.55987548828125,312.7516274630557,309.9981032669653,312.23591780968894,68054200
2020-08-20,311.52685546875,312.0057207368476,308.7088602558769,308.8377736301808,42207800
2020-08-21,312.6319580078125,312.85296841916903,310.85457226958493,311.1953341258538,55106600
2020-08-24,315.7999267578125,315.8735875319697,312.60435318835533,315.0631784958775,48588700
2020-08-25,316.9049377441406,316.9878166359839,315.20124113429597,316.3616018282348,38463400
2020-08-26,320.08221435546875,320.34925928785856,316.9511111179945,317.4944472238556,50790200
2020-08-27,320.7819519042969,322.2277935871301,319.1243179942383,320.947737778554,58034100
2020-08-28,322.85400390625,322.98294535067055,320.6161897272106,321.8041766053933,48588900
2020-08-31,321.6844787597656,323.517088692937,321.4542502514148,322.64223722364346,66099200
2020-09-01,324.7143859863281,324.8156730688066,321.62009934150035,322.51338733167165,54908700
2020-09-02,329.4109802246094,330.3779287745175,325.47865908576307,326.6206116646277,69540000
2020-09-03,318.074462890625,328.1952975781308,315.4958871286197,327.7256224995525,148011100
2020-09-04,315.4775085449219,320.32149696391184,308.38645966468334,318.75596006198134,139156300
2020-09-08,306.85784912109375,315.5420924165605,306.553959764829,310.08104920352173,114465300
2020-09-09,312.9173889160156,315.3762136597868,309.9888609153848,310.8545223596372,91462300
2020-09-10,307.4840087890625,315.4406916483202,306.52625029812896,314.78685053527204,90569500
2020-09-11,307.64056396484375,310.32042738546795,304.8225690491499,309.26138178450964,84680200
2020-09-14,311.69256591796875,313.46073328485505,307.78789928384793,310.7992781526269,65605700
2020-09-15,313.26739501953125,314.97106380213984,311.70182964170226,314.14224664496544,52920900
2020-09-16,312.0240783691406,315.92874461250403,311.7477873154288,314.5013391992171,82096000
2020-09-17,309.27978515625,310.99269998077335,306.6551743743273,307.1801021515254,91523300
2020-09-18,305.7191467285156,310.19420971929947,303.24122418442806,310.08326217502207,105877900
2020-09-21,302.3166198730469,302.4645593357365,297.4717223903731,301.14238742219266,99450800
2020-09-22,305.3955383300781,305.95030428150574,301.29030979270976,303.79599750028683,63612100
2020-09-23,298.3131408691406,306.22771947563723,297.8138486616711,305.9503223752341,93112200
2020-09-24,299.1082763671875,302.1594468796686,295.6872430633771,297.0001882528296,76681300
2020-09-25,303.9438781738281,304.72976588504673,297.3884651870098,298.2575635423611,71069400
2020-09-28,308.99224853515625,309.70418077413325,307.10605558287943,308.09538490645014,64584600
2020-09-29,307.3094482421875,309.5284836874694,306.6159979020015,308.788814611231,51304000
2020-09-30,309.639404296875,312.78303963585523,307.7809486868671,307.97510684690087,104081100
2020-10-01,311.6273193359375,313.19912304877136,309.7503816970542,312.2283039383906,88698700
2020-10-02,308.6686706542969,311.5996670640401,306.2184846303253,306.6900399805022,89431100
2020-10-05,314.14227294921875,314.32717611812427,310.67502109585257,310.72123983393703,45713100
2020-10-06,309.6763916015625,316.37051739087525,309.1678726905185,314.2809115493329,90128900
2020-10-07,315.06689453125,315.87129250041943,312.5981986311307,312.62593551915137,56999600
2020-10-08,317.8591613769531,317.9238901844621,316.083915987055,316.99928967685366,45242500
2020-10-09,320.69769287109375,321.15999312657567,318.8854837702439,319.5049503113114,59528600
2020-10-12,325.8569641113281,327.32707559553944,322.7410647815939,323.2311019429976,80388500
2020-10-13,323.73040771484375,325.89396970025575,322.76881520469266,325.71829333157706,73255500
2020-10-14,321.6962585449219,325.39466069842285,320.96584443553525,324.30363883511666,57727900
2020-10-15,321.2987060546875,321.7794882050628,317.25820597808996,317.7944619067174,60357700
2020-10-16,321.10455322265625,324.30366342738694,320.9288768497177,322.6486204375523,89501900
2020-10-19,316.2226867675781,322.99074228284945,315.325822981665,322.3620205940744,68425600
2020-10-20,317.4893798828125,320.72548220032826,316.8051844221268,317.5633355204922,60051900
2020-10-21,316.88836669921875,319.6066946596672,316.58323270677243,317.4431044735385,63575000
2020-10-22,318.6265563964844,319.2090592108434,314.9651464132425,317.10097125484754,55399300
2020-10-23,319.7084045410156,319.9025627725712,317.25821851614603,319.8470889921267,49143900
2020-10-26,313.80023193359375,317.11954492115404,310.31446938243005,316.3336287158571,91473000
2020-10-27,312.7184143066406,314.475149793473,312.5057460118679,314.14230712329396,65994100
2020-10-28,302.030029296875,312.7461466489848,301.5399921174108,307.05985871686283,127094300
2020-10-29,305.09967041015625,308.2617881868608,300.57836060996675,302.26114022168764,90597700
2020-10-30,301.9189758300781,304.8314609963996,298.2760485600688,303.5277712480049,120287300
2020-11-02,305.3031921386719,307.3003050144453,302.56635348439,305.3031921386719,86068300
2020-11-03,310.69354248046875,312.7461569674992,305.3863439975958,308.5299804346644,93294200
2020-11-04,317.6373291015625,321.7055664962755,313.9851450876126,315.1593778065313,126959700
2020-11-05,323.8320617675781,325.63504398286517,322.55610859572175,322.9074612913422,82039700
2020-11-06,323.7580871582031,325.00630337123437,321.43733106964845,323.5454189031764,74973000
2020-11-09,327.82635498046875,336.9059387720614,327.36405472488747,336.52684917649657,172304200
2020-11-10,327.3455810546875,328.39961099114294,324.0817422973662,326.83703383089585,85552000
2020-11-11,329.77728271484375,330.60016251209254,328.2886611922482,329.5276225136965,58649000
2020-11-12,326.5781555175781,329.8235125087104,324.7752013576145,328.76945432758134,67546200
2020-11-13,331.0994873046875,331.8391565132532,327.965077662347,328.48285175165734,62892200
2020-11-16,335.2324523925781,335.4266106214588,332.4771323966517,333.76234079790987,74541100
2020-11-17,333.4294128417969,334.6314103678308,331.32132492500256,332.82842818706325,66111000
2020-11-18,329.41668701171875,334.2431030727179,329.3796950886092,333.69759212727365,70591300
2020-11-19,330.80352783203125,331.1733623463131,327.4472238872078,328.787905745115,59940900
2020-11-20,328.538330078125,330.7481391320541,328.4643744428736,330.5447258643978,70417300
2020-11-23,330.5077209472656,331.7651924296882,328.1130087910506,330.34129961206247,63230600
2020-11-24,335.8333740234375,336.37888489880055,332.1997010545498,333.0503176608031,62415900
2020-11-25,335.3156433105469,335.77794359169803,334.2246214190069,335.75020670349176,45330900
2020-11-27,336.24951171875,336.7210388362217,335.24167223686067,336.4066780190502,28514100
2020-11-30,334.7608947753906,335.74096916518056,332.08881368370197,335.47282708749947,83872700
2020-12-01,338.4222106933594,339.9570506637227,337.41439969563044,338.0061574648824,74231400
2020-12-02,339.13421630859375,339.2913825881508,336.7395044630417,337.3127522431998,45927000
2020-12-03,339.0417785644531,340.4286793920205,337.94150165059074,339.03252352963375,62882000
2020-12-04,341.9635314941406,341.9635314941406,339.53182744457604,339.6242931462519,50749900
2020-12-07,341.2608642578125,341.75090149337296,339.99416583098116,341.1961354377298,48944300
2020-12-08,342.2593688964844,342.82336164005824,339.9478677180988,339.9940864550397,42458900
2020-12-09,339.1897277832031,343.0730332820125,338.3575929060704,342.9158669849853,74098300
2020-12-10,339.0787353515625,340.1235101648178,336.9521373730438,337.8212640589187,57735400
2020-12-11,338.6811828613281,339.08800937588853,335.8704174000004,337.38674768616795,57698600
2020-12-14,337.1648254394531,341.91725738932104,336.9891490851876,340.8447456280566,69216200
2020-12-15,341.72308349609375,341.72308349609375,338.32981558066564,339.6982062143582,63865300
2020-12-16,342.2593688964844,343.1747143338236,341.0573713537836,341.935753088197,58420500
2020-12-17,344.17333984375,344.37675311713696,343.07306280359876,343.8959709330282,64119500
2020-12-18,342.7990417480469,344.6282701572163,340.79338813671035,344.46113944048307,136542300
2020-12-21,341.5733642578125,351.4159127548199,336.15997816972384,338.8898932592316,96386700
2020-12-22,340.9976501464844,342.0097572148125,339.87412260631737,341.8983367429737,47949000
2020-12-23,341.30413818359375,343.20763766131074,340.9791428653168,341.96339496968784,46201400
2020-12-24,342.6319274902344,342.659782611028,341.19269902115246,341.7776565578183,26457900
2020-12-28,345.57537841796875,345.9653500649846,344.5539768762825,345.1760839492796,39000400
2020-12-29,344.9161071777344,347.2746111341923,344.33112134700883,347.0981859364546,53680500
2020-12-30,345.4082336425781,346.4389297116673,345.0182619794542,345.7332289197448,49455300
2020-12-31,347.1632385253906,347.8875000497571,344.7026082398412,345.2132949330659,78520700
2021-01-04,342.43701171875,348.6211048320288,338.75069884953416,348.4910953504895,110210800
2021-01-05,344.79541015625,345.88181651795514,341.74979422078724,341.7962383123607,66426200
2021-01-06,346.8567810058594,350.04170094295614,342.743347597711,343.29118386394964,107997700
2021-01-07,352.01019287109375,352.7530149569909,349.04814233936133,349.22456754371,68766800
2021-01-08,354.0157775878906,354.22932401916887,350.1530411521562,353.39364225101247,71677200
2021-01-11,351.6295166015625,353.3844459686813,350.72882987062206,350.84954484541544,51034700
2021-01-12,351.70379638671875,352.7159036317569,349.4660070637659,351.8152452148604,52547700
2021-01-13,352.65087890625,353.6443970420134,350.84950564563337,351.6294773146356,45303600
2021-01-14,351.4158935546875,353.8951124303812,351.0816321351394,353.3936919642144,49989100
2021-01-15,348.85308837890625,350.59872277357266,346.9960051899567,349.80019060400787,107160000
2021-01-19,351.59234619140625,352.13091630295105,349.8281224423444,351.3045005009363,51233300
2021-01-20,356.4578857421875,357.2935676023044,353.48654097639,353.87651262058415,61836100
2021-01-21,356.78289794921875,357.44218304043847,355.86365062010475,357.0150334029827,47840100
2021-01-22,355.5200500488281,356.6807271719311,354.5543587480902,354.9350642448892,52860500
2021-01-25,356.9221496582031,357.2749716933398,351.4158759647186,356.2535985157263,70402000
2021-01-26,356.3650817871094,358.2778757163541,356.1329463264064,357.869315038569,42665300
2021-01-27,347.6553955078125,353.14308184233016,345.4269004912862,353.05022197979747,123351100
2021-01-28,350.64520263671875,354.6379205656578,349.02954916525357,349.46593655582046,94198100
2021-01-29,343.62548828125,349.75387014169314,341.95409595375736,348.7881786860428,126765100
2021-02-01,349.34521484375,350.3758824135657,343.91324084010205,347.01456637013837,75817600
2021-02-02,354.2851257324219,355.83580306474755,349.42887007201125,352.52090191367535,64450700
2021-02-03,354.56365966796875,356.281467508707,353.2915620518551,355.11149587959494,52427100
2021-02-04,358.59356689453125,358.63998265068375,354.6751192898168,355.59436662167684,47142600
2021-02-05,360.0048522949219,360.71055297183676,358.54706353312105,360.45985694354147,48669800
2021-02-08,362.6048278808594,362.6512436310637,360.5991744109489,361.45341690524697,38365200
2021-02-09,362.3633728027344,362.9576530503986,361.3605603058533,361.76909255507013,35551100
2021-02-10,362.2055358886719,364.24833897480704,359.80991075751706,364.09976890155684,59154400
2021-02-11,362.79052734375,363.700508430255,360.3670470571915,363.28265332168206,42913300
2021-02-12,364.5826110839844,364.8240126465975,361.9176727161063,361.9919719175586,50593300
2021-02-16,364.2669372558594,366.0033342269587,363.55197027023985,365.8083200461877,50972400
2021-02-17,364.3505554199219,364.6012515218009,361.5091912477151,362.5213268153556,52290600
2021-02-18,362.7998352050781,363.54265727343494,360.0327705772848,361.7505784893111,59712800
2021-02-19,362.1591491699219,364.34122801938736,361.71343891444184,364.05338233465426,83241000
2021-02-22,359.37353515625,361.7784550408201,359.1042500973584,359.4013902770424,67414200
2021-02-23,359.8099060058594,361.15630279532843,353.0315629822929,357.1728509983925,107284100
2021-02-24,363.7748107910156,364.20196042155277,357.7392890909114,358.72354113198065,72433900
2021-02-25,355.0093078613281,363.87689740324714,353.57007967389603,362.51194007778116,146670500
2021-02-26,353.1800537109375,358.0270417814493,351.202283993597,356.88495379967856,152701600
2021-03-01,361.7412414550781,362.9855121953321,353.37510050582176,358.0363693607086,105348800
2021-03-02,358.91851806640625,362.19626914684636,358.41709761211445,361.9641337209318,79595300
2021-03-03,354.16448974609375,359.18787685432164,354.0623353944959,358.22221361056233,119940200
2021-03-04,349.78167724609375,356.5600204671109,345.30609935501286,353.97867561907805,183433000
2021-03-05,356.2164306640625,357.2656872416636,346.01176720058334,353.2729412236846,152039600
2021-03-08,354.4429626464844,359.9770636155982,354.1644114525265,357.1728776946545,123149200
2021-03-09,359.50347900390625,362.04767402813786,357.7763768194202,358.2777972390248,113633600
2021-03-10,361.7412414550781,363.43119404918576,360.43202267254077,361.8433957711477,109899400
2021-03-11,365.40899658203125,367.37750035793965,363.7468990842494,364.2019037645304,86245000
2021-03-12,365.90118408203125,366.0404596864284,363.2455681020347,364.05339494438545,64653600
2021-03-15,368.08319091796875,368.34318144087337,364.0161740450138,366.15180845909873,73427200
2021-03-16,367.61895751953125,369.401741761804,366.84825201962127,368.6960693202915,73722500
2021-03-17,368.87249755859375,369.67102984650717,365.19545189698175,366.3375684287189,97959300
2021-03-18,363.5055847167969,368.371135091279,362.82773894437463,366.2912103516865,115349100
2021-03-19,362.8329162597656,364.7799210991891,360.662312193328,363.20554373191754,113624500
2021-03-22,365.7301330566406,367.1088860050199,363.2893903689639,363.34528306947146,73778600
2021-03-23,362.8515319824219,366.5405922291803,362.0690057743006,365.09665013615654,90686600
2021-03-24,361.0070495605469,365.87923909623805,360.9604817803928,364.248968775631,97588600
2021-03-25,363.03790283203125,363.82972563036685,357.63470442840975,359.5724129695901,116128600
2021-03-26,368.88824462890625,369.28881849367565,363.5875351124933,364.18373344592686,114409100
2021-03-29,368.70184326171875,369.60547972425456,365.935041179905,367.4162544356728,108107600
2021-03-30,367.7237243652344,368.3944651831491,366.1306971541533,367.4349359437374,76262200
2021-03-31,369.2142333984375,370.76998933005086,368.26402908759354,368.2919754370403,112734200
2021-04-01,373.2014465332031,373.25736766767085,370.93770669938243,371.14265609357545,99682900
2021-04-05,378.55810546875,379.0984396024881,375.7820059480064,375.8565200890422,91684800
2021-04-06,378.3344421386719,379.3778104361055,377.66370131465686,377.9990859414913,62021000
2021-04-07,378.7723388671875,379.1170200378233,377.7103490017058,378.16681558663885,55836300
2021-04-08,380.5702209472656,380.6261136446718,379.08900760669604,380.02059046966957,57863100
2021-04-09,383.3370666503906,383.5047731912766,380.328071856803,380.4491821914655,61104600
2021-04-12,383.476806640625,383.7469452179368,382.13532496213276,382.74084817389485,56704900
2021-04-13,384.6133117675781,385.2374848347506,382.99236657978923,383.374318989603,56551000
2021-04-14,383.2998962402344,385.6381506011491,382.759562095724,384.585457098943,61659900
2021-04-15,387.41741943359375,387.6875864651336,385.3865753074208,385.43314308577106,60229800
2021-04-16,388.7123107910156,389.31783402254797,387.28699001478793,388.70298586402646,82037300
2021-04-19,386.80255126953125,388.2278720552796,385.4797193923822,387.78073043129933,78498500
2021-04-20,383.9704895019531,386.6906953170872,382.49857277913424,385.59143445247344,81851800
2021-04-21,387.603759765625,387.808709170284,383.2159832062883,383.35574340510965,66793000
2021-04-22,384.06365966796875,388.2651075101176,383.0016699793457,387.43601353904774,97582800
2021-04-23,388.22784423828125,389.63454349879055,384.548108882875,384.6226230049808,73209200
2021-04-26,389.03839111328125,389.60667156779255,388.2931360312582,388.8800379124394,52182400
2021-04-27,388.9544372558594,389.53204246806536,387.8179051119229,389.336389612309,51303100
2021-04-28,388.8426818847656,390.3425450797539,388.3768904526014,389.22463427069863,51238900
2021-04-29,391.32073974609375,391.9355879172904,387.9484139465216,391.56296041556226,78544300
2021-04-30,388.74957275390625,389.90475500080083,387.8552610382918,389.057011063111,85527000
2021-05-03,389.5880432128906,391.1158246327663,389.0943053331574,390.73387217038277,68128300
2021-05-04,387.18450927734375,388.09747082223015,383.5047736052085,387.6037329855272,101591200
2021-05-05,387.3055725097656,389.0569528283678,386.74661711005075,388.82405711429095,60162200
2021-05-06,390.3985290527344,390.5289359008101,385.3772825937991,387.3801805344539,74321400
2021-05-07,393.2398681640625,393.8919877300399,390.4823900464042,391.1624559692286,67733800
2021-05-10,389.3457946777344,393.81738162988034,389.2246843410474,393.59381081117,81852400
2021-05-11,385.8709716796875,386.8584473474661,382.0049080638009,384.8369282355566,116888000
2021-05-12,377.673095703125,384.3618553205323,376.3595601632733,383.0949159919616,134811000
2021-05-13,382.2098388671875,384.1382223326197,379.17286945378146,379.2194656575238,106394000
2021-05-14,388.078857421875,388.9266014154042,384.9114807136324,384.9394270681594,82201600
2021-05-17,387.09136962890625,387.90187074432333,385.0791468765085,386.97028771615726,65129200
2021-05-18,383.7561950683594,387.59431139719777,383.5978134939767,387.352090788018,59810200
2021-05-19,382.7501525878906,382.92715562063444,377.5985000735296,379.07974196431326,106467100
2021-05-20,386.8677673339844,388.12541000565056,383.50476652206805,383.6258484249689,78022200
2021-05-21,386.5510559082031,389.5880256140857,386.0945893314259,388.3490042918943,76578700
2021-05-24,390.4916687011719,391.5629834929008,388.54463516280316,388.7868558465473,51376700
2021-05-25,389.6252136230469,391.9262244678643,389.0476367876896,391.572218425638,57451400
2021-05-26,390.3985290527344,390.9015634477315,389.17815748951244,390.2122010644439,43088600
2021-05-27,390.60345458984375,391.9356114927395,390.3239626244938,391.4232522007512,56707700
2021-05-28,391.3021240234375,392.42933147222897,391.0692282777566,392.1684893742527,58520200
2021-06-01,390.9574890136719,393.79880607447905,390.5196438229263,393.6590742965092,54216600
2021-06-02,391.572265625,392.4107130596126,390.6034397848831,391.60953690489885,49097100
2021-06-03,390.1189880371094,391.2555203916502,387.79935555163786,389.2619476298755,58138800
2021-06-04,393.68695068359375,393.98506404338684,390.18418978016194,391.963516582505,55938800
2021-06-07,393.3050537109375,393.85468430384935,392.3734706525122,393.67768124837585,51555000
2021-06-08,393.38885498046875,394.25522031845156,391.56296032167944,394.1620563356279,47134300
2021-06-09,392.802001953125,394.30186550282065,392.5784311103021,394.22732293544,48436300
2021-06-10,394.6278076171875,395.57804034366546,392.7087491710795,394.0222844350054,51020100
2021-06-11,395.27996826171875,395.3917536695252,393.89191873202867,395.1775077811149,45570800
2021-06-14,396.1650390625,396.2674995574854,394.1528161505777,395.3918091672138,42358500
2021-06-15,395.4383544921875,396.3512876197017,394.56266421460623,396.3140447697688,51508500
2021-06-16,393.23046875,395.8016468115362,391.19032822728997,395.57807599910893,80386100
2021-06-17,393.10003662109375,394.07818729216916,390.63134762723126,392.8205731235447,90949700
2021-06-18,387.7969665527344,390.51671667728624,387.5913466663332,389.82509911514796,118676300
2021-06-21,393.34869384765625,393.53563141151994,388.74097097735967,389.5540951870982,72822000
2021-06-22,395.4516296386719,396.28346475320944,392.61969941589416,393.33938339648705,57700300
2021-06-23,394.9749450683594,396.3301424887815,394.8908317268986,395.5263737663793,49445400
2021-06-24,397.3115539550781,397.7321206963649,396.86292090837077,397.115289475811,45110300
2021-06-25,398.7227783203125,399.17141131218983,397.73207208724824,398.0591985278256,58129500
2021-06-28,399.526611328125,399.69483801915226,398.04990728021846,399.2462335097463,53159600
2021-06-29,399.74151611328125,400.5452847325405,399.2087698297282,399.9097427746152,35970500
2021-06-30,400.0779724121094,400.7509075851133,399.2554929203643,399.28353069746186,64827900
2021-07-01,402.2930908203125,402.4519905914438,400.76963819499144,400.83506919032,53441000
2021-07-02,405.36798095703125,405.7231451451387,402.3771516575957,403.4519996550773,57697700
2021-07-06,404.629638671875,405.6390557421083,401.90053315862076,405.4240804253988,68710400
2021-07-07,406.0596923828125,406.34009873848606,403.3025486160357,405.31199914635374,63549500
2021-07-08,402.7510986328125,403.50814726468866,399.57333123869796,400.7509751205796,97595200
2021-07-09,407.05035400390625,407.3494426746745,402.55478259875076,404.2558173257462,76238600
2021-07-12,408.50836181640625,408.76073035250516,406.536304788165,406.9662269112006,52889600
2021-07-13,407.1158142089844,409.2187334442086,406.854118733952,407.72331850573784,52911300
2021-07-14,407.7233581542969,409.29355967985066,406.48031165768174,408.8075333770508,64130400
2021-07-15,406.33056640625,407.05957697735494,404.433267835127,406.38664194843835,55126400
2021-07-16,403.14361572265625,407.555073909898,402.75108678868395,407.5083537824567,75874700
2021-07-19,397.1900634765625,403.209088281005,394.38617099707693,398.33031422579336,147987000
2021-07-20,402.88189697265625,404.15300952398457,397.05913759218004,397.85357937142714,99608200
2021-07-21,406.1438293457031,406.2840467930264,402.8352566332123,404.0783031286955,64724400
2021-07-22,406.99432373046875,407.23733686784163,405.34003746820474,406.3213884076943,47878500
2021-07-23,411.18145751953125,411.5179109011736,408.2373763394922,408.91963853760046,63766600
2021-07-26,412.1908264160156,412.20018185039044,410.5458957579973,410.59261588453984,43719200
2021-07-27,410.312255859375,411.1814556139232,407.48965273178777,411.15341783224966,67397100
2021-07-28,410.1439208984375,411.5178289786352,408.7232926987571,410.93836258827423,52472400
2021-07-29,411.8450622558594,412.9198819868287,411.05997579525564,411.0693312306445,47435300
2021-07-30,409.8450012207031,411.29366769297104,409.1533549658099,409.284216981458,68951200
2021-08-02,408.98504638671875,412.1067095157106,408.62988215553224,411.55528082300833,58783300
2021-08-03,412.3123779296875,412.4338844991458,407.5925037276187,409.7795364098606,58053900
2021-08-04,410.2842102050781,412.2843051456388,410.0505525213927,411.0319033838049,46732200
2021-08-05,412.8824768066406,412.96659014888616,411.12536648595767,411.4431375086628,38969700
2021-08-06,413.56475830078125,413.9853535543252,412.9198607907698,413.2002671340216,46930000
2021-08-09,413.2282409667969,413.8544275100853,412.4618370122482,413.5366565217107,41222600
2021-08-10,413.7422790527344,414.45260745639985,412.99458596031207,413.6768480634151,43339300
2021-08-11,414.7704772949219,414.86394608441594,413.6863020866646,414.8078705152535,44034300
2021-08-12,416.01348876953125,416.15370620330873,413.72366049428854,414.62089804805976,38909400
2021-08-13,416.7705078125,416.78919015715337,415.9760660634455,416.4620637284058,39470300
2021-08-16,417.7518310546875,417.8826645039691,413.91983997608867,415.4713301600155,73740000
2021-08-17,415.0133972167969,415.8732414325838,412.0319231944984,415.2003062311289,92673900
2021-08-18,410.4710998535156,415.56484852636714,410.2281152693712,414.00400272308775,89351900
2021-08-19,411.1065979003906,412.30295243814317,407.61108861871384,407.7512775027748,92812200
2021-08-20,414.3778991699219,414.7050256555393,410.96650244315384,411.45252871527185,72008700
2021-08-23,418.0229797363281,418.92957275106846,414.4526832434195,416.0602493564847,54973000
2021-08-24,418.68646240234375,419.2192086788137,418.17242699199244,418.68646240234375,38744700
2021-08-25,419.56512451171875,420.0791600532625,418.49963168684314,418.87350683269574,40529700
2021-08-26,417.0882263183594,419.5182428600146,416.994757561528,419.2845852292662,57829600
2021-08-27,420.8174743652344,421.1913209422029,417.8360001384459,417.89207569885787,77235100
2021-08-30,422.6680603027344,423.4531466839395,421.2474033554113,421.4904164695936,48357400
2021-08-31,422.04180908203125,422.91100873089704,421.4436603048322,422.57455539172196,59300200
2021-09-01,422.2662048339844,423.4905689604895,422.03254712247315,422.9765334042328,48721400
2021-09-02,423.5653076171875,424.36907636322894,422.3689814101181,423.686814177093,42501000
2021-09-03,423.46246337890625,423.9765273755303,422.0324795543075,422.43439243098885,47170500
2021-09-07,421.9483642578125,423.21012139664674,421.27542901861193,423.1166526229062,51671500
2021-09-08,421.43438720703125,422.14471575872943,419.51837690907405,421.4157048587594,56181900
2021-09-09,419.6304626464844,422.98578312246457,419.387449559995,421.2380284408069,57970400
2021-09-10,416.3218688964844,421.9763727824504,416.2003623513121,421.55580611377326,89948200
2021-09-13,417.38739013671875,419.57445120398825,415.07885103030503,419.31275573342043,83738600
2021-09-14,415.13494873046875,419.03234294728094,414.2470381175579,418.82672304337876,78197100
2021-09-15,418.6024169921875,419.0977701394543,414.4526542585058,415.5555116773011,78792200
2021-09-16,417.93890380859375,419.05108831666365,414.99479371388514,418.0790927362773,77786700
2021-09-17,413.8676452636719,417.5900174422534,413.5113432060983,417.16810338516024,118425000
2021-09-20,406.9667663574219,409.3295710757895,402.10984707082173,407.75436793021106,166445500
2021-09-21,406.582275390625,410.59530867420943,406.0572077545702,409.3013817803459,92526100
2021-09-22,410.54840087890625,412.58305938264414,406.69477650086463,408.851302198654,102350100
2021-09-23,415.5365905761719,417.1399497351395,412.179906070705,412.41431229246786,76396000
2021-09-24,416.22113037109375,416.9337345501658,413.6895313452658,413.9051954031547,62094800
2021-09-27,415.0303039550781,416.3523298980062,414.33644206403306,415.1896841659372,61371100
2021-09-28,406.6666564941406,412.59245249230736,405.9353102459773,412.2642780676356,130436300
2021-09-29,407.3511657714844,409.77961092728947,406.78858508585967,408.0449990691309,82329200
2021-09-30,402.3724060058594,409.5264607159928,402.03484612674845,408.82324196639286,140506000
2021-10-01,407.1542663574219,408.8326231008619,400.58153463739126,404.0976283486504,129240100
2021-10-04,401.903564453125,406.8917073430287,399.7657521393978,405.9915954205408,128570000
2021-10-05,406.08538818359375,408.3262970264828,402.6068074886927,403.4037658375677,90682500
2021-10-06,407.7730712890625,407.97934991567206,400.8721656243834,402.4942384202276,113032200
2021-10-07,411.2985534667969,414.1301704422201,410.86725401277494,411.0454050378357,72437500
2021-10-08,410.54840087890625,412.4518067836504,409.92020825664594,412.06737716353257,74557400
2021-10-11,407.5762023925781,412.7987803671197,407.5105617770027,409.8921372238028,65233300
2021-10-12,406.5729064941406,408.89822655825884,405.78530500807835,408.4950547167105,71181200
2021-10-13,408.03558349609375,408.8513125536215,404.6226438533049,407.5948986632403,72974000
2021-10-14,414.8990783691406,415.04910180856405,411.2235756383798,411.6923881563111,70236800
2021-10-15,418.058837890625,418.42452536112467,416.3898666001841,417.00870250976914,66260200
2021-10-18,419.2965087890625,419.6340400404351,415.621006350095,416.27735526871015,62213200
2021-10-19,422.5313415527344,422.59695355572194,420.3091462784129,420.91862541650084,46996800
2021-10-20,424.1908264160156,424.49087321034096,422.87815745838884,422.9906678527515,49571600
2021-10-21,425.2973327636719,425.5223536137635,423.1595488456662,423.5908483463569,41305400
2021-10-22,424.85662841796875,426.30996431243693,422.91573783259383,424.86601382430814,58845100
2021-10-25,427.1349792480469,427.4631536608838,424.1721099698522,425.94420601670936,45214500
2021-10-26,427.5195007324219,429.89169091412384,427.1444564431734,428.68217522735085,56075100
2021-10-27,425.6255187988281,428.6446726137015,425.5504927707311,427.9789668380812,72438000
2021-10-28,429.7322692871094,429.8072666921166,427.04129028806375,427.05064707991323,51437900
2021-10-29,430.6043395996094,430.89500109987233,427.1445005916558,427.4351620919187,70162400
2021-11-01,431.3450012207031,431.96383713747196,429.61977470154915,431.5887642564896,48433600
2021-11-02,433.08892822265625,433.3983604582575,431.3824440663046,431.5137252848119,48908400
2021-11-03,435.7330322265625,436.1362040546767,432.085657735004,432.5263425699782,52509800
2021-11-04,437.7864685058594,437.87085131761023,435.9862160130472,436.33313266603705,52847100
2021-11-05,439.305419921875,441.29318025230174,437.79585747597196,440.00863863956613,66390600
2021-11-08,439.68048095703125,440.89941061596096,438.9960330253521,440.4024705143944,50405200
2021-11-09,438.22723388671875,440.28063519202976,436.8207962043988,440.0462289116431,51149100
2021-11-10,434.7016296386719,438.2271082413826,433.2201949615556,436.53936633806717,69429700
2021-11-11,434.8423156738281,436.2675239203641,434.8235734757579,436.1924978999976,34848500
2021-11-12,438.1240539550781,438.67724930991125,435.16115531508916,436.1081657875227,53466700
2021-11-15,438.2740478515625,439.56797493267015,437.14891501750157,439.40859470618256,46980500
2021-11-16,440.0086669921875,441.1431852512349,437.9365237158013,438.01152112700873,48857500
2021-11-17,438.93975830078125,439.9242530537252,438.32092239942926,439.74610202390977,47858300
2021-11-18,440.43060302734375,440.69313688366196,437.25204053194824,439.97114731825366,50625600
2021-11-19,439.6429443359375,441.56506389702315,439.277256897484,440.3180067810075,57315600
2021-11-22,438.4053039550781,444.00292604113224,438.1990253218852,441.518225650883,72762000
2021-11-23,438.98663330078125,439.83987544998917,435.4799250989726,438.07713594296996,73206500
2021-11-24,440.1586608886719,440.28055671099236,436.17375483241744,436.9894839645097,61858800
2021-11-26,430.34173583984375,434.96422009835896,429.21657442443677,433.50152742675596,112669600
2021-11-29,435.6205749511719,437.4583119148909,432.92959581507233,435.1236348523177,86268800
2021-11-30,427.1444091796875,435.0860934508205,426.9006175423312,433.18271599479897,148559600
2021-12-01,422.4000549316406,435.6862135337651,422.2031616971008,432.84521097923056,131939200
2021-12-02,428.8696594238281,430.43550572803196,422.22190176024696,422.6157168413784,127637800
2021-12-03,425.13787841796875,431.58871344638754,420.9185665300391,430.5292213858788,137331600
2021-12-06,430.17291259765625,432.0481622961489,425.2691243350437,427.6788270649763,98977500
2021-12-07,439.071044921875,439.63362565886325,430.0417113660508,435.442440658666,95484700
2021-12-08,440.23370361328125,440.68377393878586,437.71148993714627,439.4648728181905,72238800
2021-12-09,437.26141357421875,440.3368223530035,437.06452034105865,438.94912708653544,61272600
2021-12-10,441.3775329589844,441.52755637554407,437.4113979747184,439.9617388281514,77159800
2021-12-13,437.4676513671875,441.2087655181387,437.18634673203786,440.86184888742423,87724700
2021-12-14,434.4579162597656,436.6894683893485,431.5419161774256,434.20476780499797,97264100
2021-12-15,441.2463073730469,441.49007040259744,432.00131048296834,434.51416709666717,116899300
2021-12-16,437.3551940917969,443.3747305871484,435.80808994562267,443.0934545318682,116568600
2021-12-17,432.7004699707031,437.2827414785998,430.9974086651927,434.28120719660683,135511600
2021-12-20,428.099365234375,428.4945351603184,424.4862394814665,427.62890570329984,107134800
2021-12-21,435.7020263671875,435.84315849906136,429.35082200169626,431.51492459595994,69806300
2021-12-22,440.0583801269531,440.1712858051097,435.250269425295,435.4478830766361,58890200
2021-12-23,442.7965393066406,444.2925972471357,440.9523458894644,441.0558332086626,56439700
2021-12-27,449.06304931640625,449.11008378457836,444.12322414632985,444.17025861450196,56808600
2021-12-28,448.69610595703125,450.5214913868531,447.93396375035627,449.4958929694086,47274600
2021-12-29,449.27008056640625,450.28626060152465,447.8022490075834,448.7996209971791,54503000
2021-12-30,448.0280456542969,450.70025247373695,447.56700448030426,449.6934621372565,55329000
2021-12-31,446.89892578125,448.68666632067624,446.6260799179109,447.5387725895835,65237400
2022-01-03,449.4864807128906,449.6182231773568,445.8545465639054,448.15978126090016,72668200
2022-01-04,449.3358154296875,451.62227021141086,447.4822040224438,450.9071626488499,71178700
2022-01-05,440.70770263671875,449.7405319442751,440.61360498167255,448.9689713732978,104538900
2022-01-06,440.29364013671875,443.0034914570786,437.93192425280233,440.2466056724417,86858900
2022-01-07,438.5529479980469,441.479221117935,437.1980222953608,440.3030723284207,85111600
2022-01-10,438.0072326660156,438.22362566846715,429.62364055153137,435.36325245373706,119362000
2022-01-11,441.9966735839844,442.09077122122125,434.75158623525874,437.74373029781276,74303100
2022-01-12,443.1916809082031,445.2429062617321,441.2345819172256,443.7280116585806,67605400
2022-01-13,437.0850830078125,444.94176206075105,436.0594847879406,444.29252568167936,91173100
2022-01-14,437.263916015625,437.6120514809011,432.7286791584299,433.94247281173614,95890900
2022-01-18,429.5201416015625,432.7851319574491,428.4098639787604,432.578128611285,109709100
2022-01-19,425.0601501464844,432.4557595624984,424.78727560160723,431.06321784637055,109357600
2022-01-20,420.3556213378906,431.6372325182061,418.2385532953383,426.9420552480534,122379700
2022-01-21,412.1037292480469,421.58818048554997,412.0755028255823,419.2358828982697,202271200
2022-01-24,413.8537902832031,414.3618945596718,395.9010692318445,406.5052155318438,251783900
2022-01-25,408.8011169433594,413.7409421509055,401.9135823339121,407.47441758472695,167997300
2022-01-26,407.7754821777344,417.80568219701877,403.5225099061903,414.68182421507754,186391100
2022-01-27,405.761962890625,415.50048178403745,404.07773829561154,412.36723366568094,149878300
2022-01-28,415.83917236328125,415.88620682845203,402.54398201671927,407.1168346707988,164457400
2022-01-31,423.3289794921875,423.67711501729514,413.82568940780607,415.1711970319807,152251400
2022-02-01,426.1892395019531,426.8290574808643,420.5343075616041,424.0533351601826,123155400
2022-02-02,430.3293762207031,431.05387362428513,426.28340667304684,428.58867006151223,117361000
2022-02-03,420.2145080566406,426.208158589354,419.37707621036856,424.30751219871513,118024400
2022-02-04,422.1904296875,426.0293671450485,417.6081293545503,419.97926396514714,118454400
2022-02-07,420.83551025390625,424.3451203230606,419.5088108002381,422.95257835164983,84472900
2022-02-08,424.298095703125,425.2202068332441,418.9160368655322,420.3368340105605,81012000
2022-02-09,430.50811767578125,430.82802671260504,428.1275935863995,428.32517855026134,92589900
2022-02-10,422.7737121582031,430.668007266661,420.77896856601785,424.67435811188443,140103700
2022-02-11,414.4372863769531,424.92853031107984,413.0070994488103,422.85852518202387,153214600
2022-02-14,413.0822448730469,415.5098319487012,409.6196698794952,413.92909493615394,123006300
2022-02-15,419.7439880371094,419.91334657222757,416.99649181538837,417.51401451434305,88482700
2022-02-16,420.2145080566406,421.5882420080019,415.8298212683436,417.7022412323989,84863600
2022-02-17,411.238037109375,420.1861855804149,410.6358639083822,417.0341013310905,102259100
2022-02-18,408.5753479003906,412.7436129970205,406.3077292195654,411.4921744012356,132642900
2022-02-22,404.19061279296875,409.7702560003978,400.6997823601273,406.37355193227506,124391800
2022-02-23,397.0209045410156,407.66269937728737,396.4563472260344,407.0981420623061,132578000
2022-02-24,402.9956359863281,403.42847944353576,386.3790300752348,386.7365552102814,213942900
2022-02-25,411.8873291015625,411.97200837339045,402.58162557598797,404.22823397331,121804500
2022-02-28,410.83343505859375,412.31068466320824,405.25379272155976,406.505202258136,145615000
2022-03-01,404.57635498046875,411.3415647709706,401.8758933767992,409.3374027412006,137785900
2022-03-02,412.0190124511719,413.74088149381066,406.07239780068846,406.82512147422693,117726500
2022-03-03,409.9677734375,415.04872984826443,408.17061485961784,414.4465566727365,105501700
2022-03-04,406.63702392578125,407.7661096277124,402.60047290853925,406.2418252656333,113978200
2022-03-07,394.649658203125,406.7592814126414,394.5837869801388,406.05359214668294,137896600
2022-03-08,391.6576232910156,401.97008984857894,390.5943799836052,394.82851645161617,164772700
2022-03-09,402.1581726074219,404.13410814898197,397.83935806469975,400.0222969242245,116990800
2022-03-10,400.3422546386719,401.2361105228519,395.6000145047704,397.55711352812676,93972700
2022-03-11,395.25189208984375,403.4378710075181,394.7437877372273,402.82627933719436,95636300
2022-03-14,392.36328125,399.46720926881693,391.22477713105775,396.0234704863825,95729200
2022-03-15,400.9915466308594,401.6219464123901,393.6994228575472,394.96964080123826,106219100
2022-03-16,409.8831481933594,409.939601038674,399.7023972745846,404.49170046381727,144954800
2022-03-17,415.0111999511719,415.0111999511719,407.5967527483876,407.9731146505722,102676900
2022-03-18,419.55670166015625,419.8776045343294,412.6666654946888,413.40286121868064,106345500
2022-03-21,419.43402099609375,421.3877523283893,415.93234592986585,419.3868116069883,88349800
2022-03-22,424.3419494628906,425.276343887646,420.82140820007544,420.82140820007544,74650400
2022-03-23,418.8771667480469,423.3037890750717,418.79222440449075,421.8125310374547,79426100
2022-03-24,425.19146728515625,425.2009149244502,419.78326986493045,420.89699675804104,64736900
2022-03-25,427.2679138183594,427.5416361124458,423.2471369609336,425.8238364518409,77101300
2022-03-28,430.30706787109375,430.30706787109375,424.7855856636152,426.67326991890525,68529800
2022-03-29,435.63031005859375,436.12112638537604,431.50572468711965,434.18623279666707,86581500
2022-03-30,432.9404602050781,435.3000658769964,430.8356815763662,434.48834654789084,79666900
2022-03-31,426.27685546875,432.9970065427643,425.8238008960685,432.1758685328461,121699900
2022-04-01,427.4850158691406,427.99466991123313,423.91729355560483,427.8530993439852,89048800
2022-04-04,431.1470642089844,431.25090181901925,426.86204176947047,427.68317979634264,59601000
2022-04-05,425.7011413574219,432.11925672118474,424.5591003737765,429.65584243367965,74214500
2022-04-06,421.44439697265625,423.71906006741074,418.5656898647818,421.7936427720497,106898000
2022-04-07,423.56805419921875,425.38024389891154,418.6223302828864,420.56664291276263,78097200
2022-04-08,422.4354553222656,425.32361011547357,420.89698794603316,422.8129864370016,79272700
2022-04-11,415.2150573730469,420.0097628914947,414.7148221783834,419.16972953989875,89770500
2022-04-12,413.6766052246094,420.71765996000386,412.12869019333453,418.19758861647455,84363600
2022-04-13,418.4146423339844,419.16970449840653,413.25182485427155,413.4311571589825,74070400
2022-04-14,413.2046203613281,419.7548865120772,413.1007827575576,418.64113099890267,97869500
2022-04-18,413.3745422363281,415.0545800894282,411.14705981320014,412.27968190004844,66002500
2022-04-19,420.0474548339844,420.76475517269427,413.1007626849386,413.2706473332826,77821000
2022-04-20,419.7360534667969,422.4354571159878,418.5751460041488,421.8219654514646,65224400
2022-04-21,413.45947265625,424.7383973991878,412.55339229515056,423.3509483444846,85417300
2022-04-22,402.1145324707031,413.4783716367902,401.5482213990768,412.37409241070765,132471800
2022-04-25,404.4458312988281,404.61571598232445,395.31886452951045,399.87763849644267,119647700
2022-04-26,392.73272705078125,402.1145203899857,392.70441293823944,401.9162927984164,103996300
2022-04-27,393.8369445800781,399.16967497196913,391.703881227094,393.80863047196954,122030000
2022-04-28,403.78515625,405.5124037214935,394.1485348093446,398.57515732733924,105449100
2022-04-29,388.8629150390625,401.9539993420894,388.117271772839,399.8020406731504,145491100
2022-05-02,391.20367431640625,392.5628092111438,382.2749075321882,388.92901145512707,158312500
2022-05-03,392.9970397949219,395.4038260055901,390.14661777180356,391.7039805238848,100028200
2022-05-04,404.9649353027344,405.53124638806986,390.4769516548114,393.65769528593023,144247900
2022-05-05,390.5713195800781,401.1329155913623,386.4467339742489,400.7081751004019,172929100
2022-05-06,388.24005126953125,391.50573725161655,382.9451102963641,388.01353835630266,151770800
2022-05-09,375.80963134765625,383.5868812355381,374.23340232623997,382.35045035687074,155586100
2022-05-10,376.677978515625,383.2754262479383,372.6477827083813,381.7747206128694,132497200
2022-05-11,370.69403076171875,381.35001745771194,369.94838734516037,375.7152782695393,142361000
2022-05-12,370.3069763183594,373.57266165703663,363.5207498600562,367.5037643543331,125090800
2022-05-13,379.1602478027344,380.5382491972758,373.39335762056186,374.4315896864937,104174400
2022-05-16,377.621826171875,381.2839385536254,375.27166828724563,377.5180173546355,78622400
2022-05-17,385.3896484375,385.62560898408395,379.9719747013643,383.70016285890136,83029700
2022-05-18,369.8538818359375,381.12335669217407,368.61745122206196,380.84021563700014,117674500
2022-05-19,367.5887756347656,372.005979027499,365.3707407010665,366.79595164216687,98510700
2022-05-20,367.74920654296875,374.7336324078952,359.1696852051724,371.16591037827914,131432200
2022-05-23,374.6298522949219,375.3943621595535,368.45711634736125,370.7695124155736,76414900
2022-05-24,371.7699890136719,372.9592105064328,365.2291411864955,370.5146628553773,91448800
2022-05-25,375.0545349121094,377.0177426324369,369.88229858000193,370.2786961363731,91472900
2022-05-26,382.5486755371094,384.18153289436907,376.073931942696,376.2815783765453,82168300
2022-05-27,391.93988037109375,392.0531368146943,384.80443638650837,385.0026351628093,84768700
2022-05-31,389.7406921386719,393.07245343451956,387.0035559449801,390.3258696030877,95937000
2022-06-01,386.5883483886719,392.86489366619827,384.07772451690533,391.8550043373775,86585800
2022-06-02,393.95025634765625,393.9974369297573,384.1814851394755,386.4278338799512,79609600
2022-06-03,387.4849548339844,390.7884022780611,386.51279859544996,389.240487364167,71874300
2022-06-06,388.6647644042969,393.21406164588547,387.4943805595861,391.48684319664267,57508900
2022-06-07,392.3929748535156,392.8460295110228,384.71953261443264,385.18203491181913,59272400
2022-06-08,388.1268005371094,392.4684805286195,387.33397652533813,390.6846048993001,64350000
2022-06-09,378.89599609375,388.6175587452947,378.89599609375,386.3523433395128,86289800
2022-06-10,367.9096984863281,373.55388552538324,367.86251789521714,372.7044332589276,132893900
2022-06-13,353.9407958984375,360.3683584476511,352.3362527688543,358.5184359528124,170004900
2022-06-14,352.8742370605469,356.71568127410126,349.7784361620524,355.68689685396777,104011800
2022-06-15,357.9049987792969,362.3410401471121,351.2225794060758,356.1683036625761,125666800
2022-06-16,346.05975341796875,350.1088447146559,343.63407193506487,349.70299946215493,134473300
2022-06-17,346.8057861328125,350.1424810150499,343.3079900767023,346.47403747740344,111113900
2022-06-21,355.53607177734375,356.9200257502837,352.44584583713896,352.52169557516805,76811900
2022-06-22,354.8914794921875,358.99595685720385,350.90071887328156,351.3178056312109,90059400
2022-06-23,358.37030029296875,359.10018760142196,353.4695746409906,357.0242713419827,79292100
2022-06-24,369.7642822265625,369.77377067490386,361.5079146879787,361.5363511048066,98050300
2022-06-27,368.35186767578125,370.97759308364846,367.26176653170177,370.6837404864147,66009600
2022-06-28,360.8255310058594,372.6840125215524,360.7117853009558,369.9066154900696,86548900
2022-06-29,360.5315856933594,362.3610628098229,358.71159702593604,361.37524766838453,65676000
2022-06-30,357.6025085449219,360.8349164010324,353.1567653026987,356.64510092174794,112508300
2022-07-01,361.38470458984375,361.8207682477801,354.33218346585994,356.9484497006856,74839700
2022-07-05,362.0672302246094,362.0862071237408,353.4790840960441,356.30389388763615,81438000
2022-07-06,363.2900695800781,365.7736135029027,359.8301699411462,362.2094276989218,70426200
2022-07-07,368.73114013671875,369.52738892243804,363.3090402764563,365.0626968664323,64525900
2022-07-08,368.4278564453125,370.2952588737565,365.57460971282467,367.100746104859,72397800
2022-07-11,364.2190246582031,366.7215164411496,363.5270331899998,365.7546492181339,58366900
2022-07-12,360.9961242675781,366.0485507559225,359.25195608212715,363.66926385832295,62219200
2022-07-13,359.1002502441406,362.02934629353234,355.14744302288534,355.56452982281553,84224600
2022-07-14,358.2281799316406,359.3087928722651,351.715979081912,354.1521096552973,89704800
2022-07-15,365.07220458984375,365.1859502897795,360.72125799807424,362.6265563284071,79060400
2022-07-18,362.0577697753906,368.825898190188,360.8349458407432,368.1528836213448,63203600
2022-07-19,371.84027099609375,372.4090283274704,365.31861090466685,365.97264856832055,78506000
2022-07-20,374.2100524902344,375.62247177061846,370.66484393622255,372.02984989964705,71843800
2022-07-21,378.0207214355469,378.068105826219,371.2336162126565,373.6318507302927,64903900
2022-07-22,374.5134582519531,379.3383643459128,372.29533041038957,378.1440056178114,72197300
2022-07-25,374.96844482421875,375.8215664094441,372.73134023128426,375.13906335562353,53631500
2022-07-26,370.53216552734375,373.53705331768873,369.6411191276845,373.3285099278068,52946400
2022-07-27,380.1535339355469,381.8977018374365,373.52755888438156,373.8214115297532,82342100
2022-07-28,384.92156982421875,385.61353235014826,377.4140367716771,380.95927437369363,73966600
2022-07-29,390.53326416015625,391.51910833460266,385.585124244229,386.352936564959,87003700
2022-08-01,389.3768310546875,391.8793520889404,387.1302667656035,387.84120629648845,69997500
2022-08-02,386.8079833984375,391.4907074923848,385.632572613597,387.81277563609865,63435400
2022-08-03,392.86517333984375,394.0310955881913,388.6469207989162,388.931285023342,67820600
2022-08-04,392.5997314453125,393.4718009620609,390.9598207163616,392.78929793981433,45656600
2022-08-05,391.9361877441406,392.5807659148732,388.26774474140564,388.3246175842232,56814900
2022-08-08,391.48114013671875,395.8700106498597,390.3815503961838,393.6234467801919,53886100
2022-08-09,389.9266052246094,391.25368644325886,388.8554517997777,390.7512903773344,44931800
2022-08-10,398.1166076660156,398.258818700046,395.01692204612334,396.96963344138766,68665700
2022-08-11,398.1166076660156,402.8183081055924,397.3772317875,400.96036549541424,59489700
2022-08-12,404.8563232421875,404.9605804756404,399.10244636975136,400.0503656332881,61694500
2022-08-15,406.5246276855469,407.04600061972724,402.5907686609456,402.64764150057266,54048300
2022-08-16,407.3209533691406,409.24522847882577,404.64781387838514,405.45355110579476,59289000
2022-08-17,404.4297790527344,407.1313549468698,402.42968313864895,403.7283280008868,63563400
2022-08-18,405.60516357421875,406.2876376325339,403.3396227828059,404.62877901944364,49023200
2022-08-19,400.1546630859375,403.11216664311075,399.28256461046794,402.84675039895933,68016900
2022-08-22,391.8224792480469,395.5004110497399,390.921944270961,395.3297635768896,77695600
2022-08-23,390.87457275390625,393.78469227238185,390.3247632987665,391.3959168557966,49105200
2022-08-24,392.1258544921875,393.49083189627123,389.9645992874297,390.6470735253685,49177800
2022-08-25,397.6616516113281,397.7090360070508,392.52391605971974,393.614017515164,50942300
2022-08-26,384.20111083984375,398.0881206908962,384.14423800473423,397.5478287573556,103087000
2022-08-29,381.6607666015625,384.70357956798847,380.30524889484775,381.2531682301508,65370800
2022-08-30,377.4709167480469,383.0541750206006,375.3760233037477,382.81719520790887,85652400
2022-08-31,374.5987243652344,380.3431127380741,374.46603071215685,379.10134082789193,76029700
2022-09-01,375.7741394042969,376.1153764284115,369.7264103214383,372.42798580847113,78740100
2022-09-02,371.81182861328125,380.6464427581479,370.00129941700374,379.43310730382876,99632100
2022-09-06,370.4089660644531,373.5939611226999,368.1908383071308,372.6555302445026,76637400
2022-09-07,377.0633239746094,377.8311362647998,369.8781086762223,370.0961115930664,70964200
2022-09-08,379.52789306640625,379.98287576733065,373.59390963079943,374.79778552612436,80821700
2022-09-09,385.4239501953125,386.2865601335256,381.49955084530114,381.7649670625823,76706900
2022-09-12,389.5664367675781,390.2868647682197,387.18714981782034,387.49049096842776,69256300
2022-09-13,372.62701416015625,382.1062054187296,371.5084765344116,380.9023296148453,122947100
2022-09-14,374.0489196777344,375.56559617352946,370.7501504689949,373.92568555402255,85023700
2022-09-15,369.8022766113281,375.33812191068284,368.53206820723454,372.49436398050875,87633800
2022-09-16,366.9810485839844,367.6378019325583,363.69728184111455,365.6294902775206,103084800
2022-09-19,369.82696533203125,369.82696533203125,363.76392058262684,363.84008189633505,73278500
2022-09-20,365.5819396972656,367.5141193905518,362.83121456949,366.5051996914192,77274900
2022-09-21,359.20477294921875,370.55036925173334,359.1952455228189,367.504555601014,106746600
2022-09-22,356.1874694824219,360.07085382306934,355.4450564887527,358.4337342668979,89472600
2022-09-23,350.21966552734375,352.7609904104437,345.78421269474035,352.7229097506912,122346900
2022-09-26,346.75506591796875,352.3707580104209,345.53674617910787,348.7538794551558,92581200
2022-09-27,345.86981201171875,352.55152880366506,343.48075209064723,350.286209219912,108294100
2022-09-28,352.67535400390625,354.3600529595543,345.127482081543,346.8217084645166,110802200
2022-09-29,345.3083190917969,349.42013004160674,342.3672197883283,349.13459770031216,112952300
2022-09-30,339.9686584472656,348.27799879138144,339.83541969328155,344.3660311283521,153711200
2022-10-03,348.9442443847656,350.7907644280534,341.90083208876825,343.6807182327434,89756500
2022-10-04,359.7568359375,359.78538917158465,348.9061712798272,354.45522944852485,103602800
2022-10-05,358.91925048828125,361.1750432151708,353.0751323104993,355.3975589353477,88065700
2022-10-06,355.2166748046875,360.4706728707626,354.7217133827097,357.52004633285617,82333500
2022-10-07,345.3083190917969,355.30235769557754,343.547458861724,351.19051769873397,107789500
2022-10-10,342.6717834472656,346.65988314467035,340.43504562807703,346.42192984075376,76042800
2022-10-11,340.5016174316406,345.5367169870272,338.5694379532379,340.9775239932869,92482800
2022-10-12,339.37847900390625,342.48139902682294,339.1309983011124,340.91091321016154,76991800
2022-10-13,348.33502197265625,349.80082219820514,331.3356258487721,332.3826260098785,147254500
2022-10-14,340.3968811035156,352.4182837032228,339.7591536254395,350.7906625915619,123737000
2022-10-17,349.14410400390625,350.24821073516875,340.0637984886666,346.4695113964719,93168200
2022-10-18,353.2464294433594,357.35826934412756,349.81036876588746,357.0536821558411,97162900
2022-10-19,350.7431640625,353.93174409065676,347.93530350478727,351.2095432352664,79746900
2022-10-20,347.8020935058594,354.71226720130164,347.04062545500517,350.2958396474553,88283100
2022-10-21,356.2541809082031,356.7395859020458,346.02218871676973,347.5260408349085,131038400
2022-10-24,360.6134338378906,361.7460937798273,355.1309809456278,357.77704931693273,85436900
2022-10-25,366.3719482421875,366.6860338162217,360.4231157662592,360.5373287022716,78846300
2022-10-26,363.61163330078125,368.90371186098525,362.9739347843384,363.2309138667366,104087300
2022-10-27,361.66998291015625,366.44807462100994,361.05128110498777,364.6110821532887,81971800
2022-10-28,370.27435302734375,370.75025961760167,361.3844214069697,361.5652682350303,100302000
2022-10-31,367.5997619628906,369.68423516133385,366.69555686556424,367.81868945232327,96631300
2022-11-01,365.9912109375,371.57837896955164,364.8204992604764,371.3404256632253,85407600
2022-11-02,356.80621337890625,369.90317244332704,356.7015278683844,365.4010855031739,126990400
2022-11-03,353.1322326660156,356.1685191668986,351.01920615203176,353.5700586148132,87100100
2022-11-04,358.2148742675781,360.61343287804317,352.170855133582,358.8335469874606,103505200
2022-11-07,361.6413879394531,362.2315073959389,357.4343613850076,359.5093069084671,68286900
2022-11-08,363.5926208496094,366.5622732100706,359.5188617569453,362.745493209243,84641100
2022-11-09,356.1018371582031,362.77405623568103,355.60687575970667,361.62234147920316,78495500
2022-11-10,375.67108154296875,376.00422190791596,367.0571853684895,369.3510291752628,141455800
2022-11-11,379.3070983886719,380.1066180137116,374.64319033872147,376.5277909851231,93839900
2022-11-14,376.0804443359375,380.89661702699635,375.80441036199727,377.5462448649226,71903500
2022-11-15,379.2880554199219,382.9239890323085,375.48080239259394,381.8198821687392,93194500
2022-11-16,376.39459228515625,378.6123045593404,375.76639200285024,377.6604912310654,68508500
2022-11-17,375.2427978515625,375.91860608551974,371.34038726892305,371.6449453937852,74496300
2022-11-18,376.9465637207031,378.64078997970154,374.10065167393867,378.57415608736795,92922500
2022-11-21,375.5759582519531,376.7466989172969,373.73896579052973,375.6235663390515,51243200
2022-11-22,380.6301574707031,380.79197852286205,376.109044003385,377.51773823539907,60429000
2022-11-23,383.0286560058594,383.51406095455076,380.06850204043604,380.29692789864373,68261600
2022-11-25,382.9429626464844,383.4950305265415,382.191051189936,382.4670560829331,30545400
2022-11-28,376.8323059082031,381.49618401653254,376.07083804443715,379.8590644182219,67881600
2022-11-29,376.18511962890625,378.1553507626501,374.34809818392904,376.96558433179973,52310000
2022-11-30,388.0351867675781,388.0351867675781,374.51945716113363,376.4325818837763,144566700
2022-12-01,387.7496643066406,390.24341023181614,385.2463909544575,389.0726695441886,76398200
2022-12-02,387.30230712890625,388.20651222768515,382.76216868711776,382.86685419503635,85342700
2022-12-05,380.3350524902344,385.4177317516839,378.9834939436765,384.48497335823737,77289800
2022-12-06,374.85260009765625,380.7157732131678,372.76815579992063,380.1732617355015,77972200
2022-12-07,374.21490478515625,376.57541212687585,373.0822446819997,374.005504706076,65927900
2022-12-08,377.1464538574219,378.2124799961138,374.3195674856605,376.09948257287107,60737900
2022-12-09,374.3290710449219,378.45993659247966,374.205330689029,375.9090843451082,81447700
2022-12-12,379.7258605957031,379.7258605957031,374.4528077117335,375.119059475854,75405800
2022-12-13,382.6003112792969,390.70974839855415,379.84005911089247,390.45276931962,123782500
2022-12-14,380.1541442871094,385.96020997530553,377.2130453095627,382.25764309363365,108111300
2022-12-15,370.8549499511719,376.2041350287874,369.19880442028864,375.2999009475401,117705900
2022-12-16,366.4765625,369.6415286124747,364.3442912550409,368.3028770994123,119858000
2022-12-19,363.3690185546875,367.0025351167428,361.70526779936387,366.6678648941245,79878100
2022-12-20,363.8662414550781,365.482194633709,361.2941043449694,362.61364283927566,74427200
2022-12-21,369.30694580078125,370.4352358837999,365.92204637130624,366.4575070608886,78167400
2022-12-22,364.0383605957031,369.28780122976565,358.3490543275083,366.2662563964438,100120900
2022-12-23,366.1324157714844,366.2758375341586,361.46623322301946,363.0152466207401,59857300
2022-12-27,364.68853759765625,366.3618594408892,363.0152157544233,366.01764723973866,51638200
2022-12-28,360.1562805175781,366.59140954936333,359.92680568793685,364.62164360006597,70911500
2022-12-29,366.63909912109375,367.5092298344996,362.47012280084226,362.99604137114017,66970900
2022-12-30,365.6734313964844,365.8168531569802,361.84869548769285,363.961883087202,84022200
2023-01-03,364.13397216796875,369.49815002254616,361.274962367188,367.52841345608357,74850700
2023-01-04,366.9451904296875,368.9722958919306,363.3499291613042,366.3905873546689,85934100
2023-01-05,362.7570495605469,365.1092537639918,362.16422021646383,364.9945163658359,76970500
2023-01-06,371.07586669921875,372.1946147969525,362.7857679206914,365.845539153224,104189600
2023-01-09,370.865478515625,376.44961824670435,370.6838304181261,373.26550947515705,73978100
2023-01-10,373.4662780761719,373.53321794947027,369.3451279864,370.28219867133123,65358100
2023-01-11,378.1898193359375,378.26633038365287,374.2312334389066,375.0439955334967,68881100
2023-01-12,379.5667724609375,381.02973273660194,375.22571833967487,379.289500125456,90157700
2023-01-13,381.0392761230469,381.61299228704434,376.10536380133436,376.3730941204777,63903900
2023-01-17,380.3412780761719,382.6935115955875,379.6623956443495,381.0201896884126,62677300
2023-01-18,374.33642578125,382.58829750949707,374.1356353327088,381.526947386791,99632300
2023-01-19,371.6112976074219,373.9443593060729,370.2917592534764,372.2997219516563,86958900
2023-01-20,378.5340881347656,378.68708106087394,371.36270886328373,373.00734634342695,91806400
2023-01-23,383.0759582519531,385.0074392135379,378.3810918291715,379.3372757234957,84178800
2023-01-24,382.6647644042969,383.5731214964874,380.2169362364954,381.40259479828296,59524900
2023-01-25,382.8081970214844,383.1428671935605,376.31570073269967,378.6009940622238,84800300
2023-01-26,387.015380859375,387.17794493963646,382.5021922983197,385.46636782103366,72287400
2023-01-27,387.9046936035156,390.2760402786123,385.7628509166012,385.97321255052447,68346200
2023-01-30,383.0377197265625,387.37880296998725,382.7413050405992,385.1508780562935,74202000
2023-01-31,388.6696472167969,388.7174447402499,383.20981606709955,383.5540574493801,86811800
2023-02-01,392.80035400390625,395.54462644508357,384.7206171548962,387.45528923844535,101459200
2023-02-02,398.5183410644531,399.9813013244029,394.78922953717114,396.68245506156615,101654500
2023-02-03,394.2824401855469,398.7000051703591,393.0776391240828,393.55573107794413,94736800
2023-02-06,391.8728332519531,393.26888274999055,390.21865378736663,391.8346069060138,60295300
2023-02-07,396.99798583984375,398.241013206568,389.7118693730586,390.9548967397829,90990700
2023-02-08,392.65692138671875,396.3669196696717,391.9684677962696,395.02826801613645,76227500
2023-02-09,389.25286865234375,396.4051341468822,388.02895452722424,396.25214123369045,78694900
2023-02-10,390.16131591796875,390.5437836705012,387.2640796514173,388.0768126828916,70769700
2023-02-13,394.74139404296875,394.875273798094,390.3525133608386,390.81149214644563,64913500
2023-02-14,394.55975341796875,396.86413102531327,390.61070909281807,393.2210725630297,88389300
2023-02-15,395.8410949707031,395.91757685752935,391.5286954427643,392.3701420999643,61555700
2023-02-16,390.3907165527344,394.81785216860595,390.25686599597043,390.8783796232902,76431500
2023-02-17,389.41546630859375,389.6545122847336,386.34609496505783,388.26803395095567,89257800
2023-02-21,381.60345458984375,386.4513142893378,381.34529542458307,385.39950609313314,82655900
2023-02-22,381.0775451660156,383.55405800104023,379.624126941612,382.01458672604707,83742300
2023-02-23,383.1046142578125,384.57714551664407,378.8878400941684,383.96517386295295,96242400
2023-02-24,379.01214599609375,379.8440212478962,376.3922116756281,378.0942177024235,108194400
2023-02-27,380.30303955078125,383.7070519585176,379.365968807818,382.3492579579314,80444700
2023-02-28,378.8974914550781,381.785156708453,378.79229603840645,379.82499112745273,96438600
2023-03-01,377.44403076171875,379.30860107550785,376.1436346387775,378.0846868266854,99706800
2023-03-02,380.3795166015625,381.2209631061389,375.13961830151106,375.4742885040699,85127800
2023-03-03,386.48004150390625,386.7286586997874,381.5461282021258,382.1963263662835,90120000
2023-03-06,386.7477111816406,389.59714976739536,386.3078747490803,387.3022850157021,72795900
2023-03-07,380.81939697265625,386.9389980101572,380.2074543771584,386.69995200651795,108310600
2023-03-08,381.4408874511719,382.19625170885286,379.212962662717,380.9341111603913,74746600
2023-03-09,374.40338134765625,383.88873887527785,373.41851305631604,382.2249589763906,111945300
2023-03-10,369.00091552734375,375.9332484862883,367.48058669730784,373.8583166785041,189253000
2023-03-13,368.4750061035156,373.2846390345943,363.9713881978472,365.0805650006383,157790000
2023-03-14,374.56591796875,376.21055539266825,370.0909552792131,373.38980130348455,149752400
2023-03-15,372.2232971191406,372.42408758364206,366.8973453679593,368.9818486133687,172996900
2023-03-16,378.75396728515625,379.0982086417623,369.3642641428275,369.8710404113854,143254200
2023-03-17,374.3253479003906,378.55821591341066,372.94318572096427,377.4256197444262,140553400
2023-03-20,377.9247741699219,378.33752477252494,374.4022021758944,375.10286177523193,93055800
2023-03-21,382.88702392578125,383.3669404738883,379.6907633119906,381.28408976671983,91524200
2023-03-22,376.3602294921875,386.3233040523079,376.3218572494295,382.7143506832372,111746600
2023-03-23,377.3775939941406,383.25176789780386,374.6708576136584,379.2204571484992,119351300
2023-03-24,379.8539733886719,379.9403548581303,373.75902695920195,376.1010222149094,107682400
2023-03-27,380.56427001953125,382.8966870426311,379.6716321408978,382.1288028794633,74010400
2023-03-28,379.71002197265625,380.5642582938647,377.8767370350477,379.8731772141997,62871700
2023-03-29,385.22906494140625,385.4690232440617,382.6662973806607,383.8660888939379,77497900
2023-03-30,387.4846496582031,388.1085353397573,385.6225710265115,387.8589693504225,69840000
2023-03-31,392.9461669921875,393.2437129705157,388.3005480641613,388.40614495841936,112062600
2023-04-03,394.4434509277344,394.84656445369103,392.03426030988214,392.42779542260035,67391100
2023-04-04,392.2550354003906,395.3744932102715,390.8824517022873,395.0865256835199,66601500
2023-04-05,391.22796630859375,392.28378854696774,389.57705225180376,391.52551221780175,65200200
2023-04-06,392.754150390625,393.0325102209904,389.3851264771968,390.4313411526847,63743300
2023-04-10,393.1571960449219,393.2339990912432,389.6634190235722,390.2776969352446,63681000
2023-04-11,393.2627868652344,394.66413487537017,392.4949321645028,393.78110489870676,59297900
2023-04-12,391.659912109375,395.61444936283374,391.0744279375137,395.3264818376402,86420400
2023-04-13,396.86224365234375,397.21737725795947,391.60234704835096,392.7445509263928,85814800
2023-04-14,395.8927917480469,398.4171577397506,393.58919793642514,396.22873922494233,78161500
2023-04-17,397.3133850097656,397.3325711300684,394.5778543396015,395.80643975007484,66436400
2023-04-18,397.5724792480469,399.02183667204184,396.1999248791392,398.8874459715307,63560000
2023-04-19,397.50531005859375,398.4075262603893,395.60482989922565,395.66241754419593,55227300
2023-04-20,395.33612060546875,397.08302413683805,393.79077385332334,394.69301944461137,75840400
2023-04-21,395.6432800292969,396.10398124565415,393.6948196903557,395.63367232336066,73457400
2023-04-24,396.05596923828125,396.4782981802782,394.1075090570705,395.44166194381876,64332100
2023-04-25,389.7690734863281,394.6450428024144,389.7114858346393,394.0883231137075,97766700
2023-04-26,388.1181335449219,391.4583635816679,387.56144318468967,390.3833550986097,80447000
2023-04-27,395.8448181152344,396.11357024267807,390.40255091976803,390.65211692803183,92968400
2023-04-28,399.22344970703125,399.23305741321724,394.90419994068407,394.9617875942257,89433100
2023-05-01,398.8203125,400.8455465437123,398.58993260769745,398.7819109693187,62122300
2023-05-02,394.3378601074219,398.1580067083917,391.43917444922255,398.1099974743272,103998500
2023-05-03,391.63116455078125,397.24619509986604,391.3912062306647,394.837004192524,91531800
2023-05-04,388.8572692871094,390.91129731617235,387.5230869408355,390.58495750937874,94901900
2023-05-05,396.05596923828125,397.1021838881152,392.22624422840113,392.48538864162396,87891800
2023-05-08,396.1615905761719,396.64150723066325,394.76024214675766,396.3823627822816,50046800
2023-05-09,394.4242248535156,395.53763480997924,394.1938742734827,394.6162031980649,49220100
2023-05-10,396.2671203613281,397.8892407221348,392.44697389350114,397.2557473304781,96142900
2023-05-11,395.5760803222656,395.8640185793233,393.5028369960926,395.4033173680311,70157100
2023-05-12,395.0577697753906,397.0254455424627,392.63900049417026,396.8142810526254,70481500
2023-05-15,396.42071533203125,396.8238288685914,393.75238023444746,395.6624389099318,54289400
2023-05-16,393.77154541015625,396.23832360826236,393.7619377053924,395.3168627044219,57705500
2023-05-17,398.55157470703125,399.1562450551422,394.14594356293253,395.7872502342352,87287000
2023-05-18,402.390869140625,402.8131980774416,398.01403224251106,398.23477512417634,97177200
2023-05-19,401.8053894042969,403.8210450825171,400.5864117249465,403.29314851307697,103793300
2023-05-22,401.9686279296875,403.50436719038265,400.58646552424085,401.8246587815764,60745400
2023-05-23,397.45733642578125,401.9013689419868,397.0638012887145,400.32722839371974,86383500
2023-05-24,394.5778503417969,396.238372422446,393.4164603018304,395.85444497777297,89213700
2023-05-25,397.9948425292969,399.4442000783956,395.84482546980115,398.0812240048889,90961600
2023-05-26,403.1492004394531,403.8690754650195,398.57080582189553,398.64757960290177,93830000
2023-05-30,403.302734375,405.60632835331285,401.920572129655,405.07843177412394,72216000
2023-05-31,401.06634521484375,402.3813121326053,399.5018122688516,401.47906649861943,110811800
2023-06-01,404.8768310546875,405.93265339027886,400.04887142591303,401.29664281865877,88865000
2023-06-02,410.7318420410156,411.5188830151562,406.92130300774403,407.44919955900986,91426200
2023-06-05,409.94482421875,412.36359368369943,409.24413533747776,411.0774205267335,65460200
2023-06-06,410.8374328613281,411.3653294424387,408.87936479133043,409.5320736758542,64022200
2023-06-07,409.4168701171875,412.36356528982583,408.99454113451293,411.2309690598289,85373300
2023-06-08,411.89324951171875,412.34437231335727,408.71620378018724,409.48405866767195,61952800
2023-06-09,412.6322326660156,414.6382802757191,411.6436057714387,412.6898203071148,85742800
2023-06-12,416.37567138671875,416.45247445367045,412.89150113320926,413.6113761039967,76104300
2023-06-13,419.1207275390625,419.76379931662035,417.1722675057486,417.8345546921649,95899700
2023-06-14,419.619873046875,421.4243641568749,416.1740753599218,419.45671780561304,100612100
2023-06-15,424.8221740722656,426.0699454976172,418.7080413628314,418.8040012480244,110303100
2023-06-16,423.3751525878906,427.3732510116979,422.9030966686289,426.80484934957235,114165800
2023-06-20,421.1785583496094,422.3250049416328,419.107257409602,421.4386947666536,76160400
2023-06-21,419.02056884765625,420.9955241203809,418.43288044222425,420.19591625792975,76982300
2023-06-22,420.5331115722656,420.6390713007603,417.72961825633774,418.06681362984074,70637200
2023-06-23,417.3538818359375,419.13617505158805,416.6409763099136,417.0841314152319,92074500
2023-06-26,415.648681640625,418.70263864501453,415.4078319979814,416.7854848977608,72823600
2023-06-27,420.2055969238281,420.8221567639146,416.0726085341393,416.52540707007813,72813700
2023-06-28,420.4175720214844,421.4291288943605,418.51003201482644,419.1265918933675,75636000
2023-06-29,422.0745544433594,422.2383451446893,419.5986423394109,420.00325329466176,67882300
2023-06-30,427.0552978515625,428.0379537648419,424.9647101118157,425.28264809004037,104964000
2023-07-03,427.5466613769531,427.82602579498047,426.4291155030701,426.70850932168867,32793400
2023-07-05,426.9108581542969,427.6430505530816,425.725867203726,425.7355105986345,58418400
2023-07-06,423.56781005859375,423.9917077726785,421.06296794825374,423.3366038147622,80658300
2023-07-07,422.4984436035156,426.438769743823,422.2575939538954,422.5755319557256,86134200
2023-07-10,423.56781005859375,423.7412147414674,421.5735680037754,422.1419696202549,62443500
2023-07-11,426.265380859375,426.75672360489915,423.35592736761294,424.3289694634643,64463800
2023-07-12,429.6950378417969,431.1016209821125,428.62567949600117,430.0515200243212,91924500
2023-07-13,433.1054992675781,433.89549322497544,431.0727422071223,431.506253963796,72425200
2023-07-14,432.83575439453125,434.83961069702235,432.07466121110787,433.9918445617416,69815800
2023-07-17,434.3385925292969,435.3886934056767,432.6430016974079,432.6911892645716,52680200
2023-07-18,437.56597900390625,438.2114395521847,433.57749499281715,434.01103608987984,80668200
2023-07-19,438.5390319824219,439.7239933832524,437.48890168977437,438.3559839057652,65891700
2023-07-20,435.6295471191406,438.44268380742795,434.9166416038705,437.54673021651973,70591600
2023-07-21,435.6295471191406,437.54673021651973,435.6199331260899,437.34439535359957,71275600
2023-07-24,437.5756530761719,438.38490436691495,435.74517222742827,436.7760157789645,54023400
2023-07-25,438.77020263671875,440.02260889064576,437.2576599788585,437.305847542833,55191200
2023-07-26,438.8376770019531,440.26348802035136,436.7856334140258,437.8357342912967,71052900
2023-07-27,435.9282531738281,442.62388566589414,435.0226560753175,442.2192452897237,92194400
2023-07-28,440.19610595703125,441.0246146496096,435.92822776892785,439.1941631701477,80011800
2023-07-31,441.0342712402344,441.39072403261815,439.35793761574195,440.6681750532694,62040400
2023-08-01,439.772216796875,440.51402315707037,438.81843216166044,439.5698819163366,55291500
2023-08-02,433.6546325683594,436.9205386548979,432.9031828085776,436.66043160748643,93933400
2023-08-03,432.4118347167969,434.2904737931767,430.9956375639887,431.64112757810364,64276100
2023-08-04,430.45611572265625,436.32320952695244,429.9358722590493,434.2230076857938,100128900
2023-08-07,434.2134094238281,434.36755674020003,431.5929638466943,432.28661207007076,58357500
2023-08-08,432.32513427734375,434.2037733620173,428.9724964679823,431.67964426037906,71361300
2023-08-09,429.4349365234375,432.7586735355105,428.6738433785323,432.59488283321724,78789600
2023-08-10,429.5890808105469,435.16716703483127,428.42337671620794,431.7856284811605,93005500
2023-08-11,429.338623046875,430.3502093181606,427.1228178060312,427.720120293532,68690900
2023-08-14,431.7085266113281,431.7085266113281,428.1150686990038,428.4233633029166,47867400
2023-08-15,426.67962646484375,430.2923712690211,426.1111954097984,429.9358890851779,75707500
2023-08-16,423.5486145019531,427.9224233894094,423.4426253576642,426.26537646534126,80107200
2023-08-17,420.3211975097656,425.27305119137833,419.8009540161682,425.01294414487614,95711300
2023-08-18,420.52349853515625,421.5543421169173,417.1612467523088,417.5080561439708,98852000
2023-08-21,423.259521484375,424.0013277942752,419.38666984217986,421.53502982303786,68719000
2023-08-22,422.1131286621094,425.032225506542,421.5543703601319,425.032225506542,64994200
2023-08-23,426.814453125,427.431042301619,423.0283039267051,423.17280782729074,68441000
2023-08-24,420.89923095703125,428.9243284062607,420.8703007742917,428.41372832126285,88517300
2023-08-25,423.8664855957031,425.1477928046301,419.0783933508206,422.62369316256587,102325100
2023-08-28,426.55438232421875,427.1709421526019,423.8664919427265,426.05339622552776,61595400
2023-08-29,432.7201232910156,432.999517120143,426.26534084235647,426.4483889303442,83081900
2023-08-30,434.50244140625,435.1382880533624,432.3540517986095,433.05734340842935,69053900
2023-08-31,433.86663818359375,436.2558482960728,433.6835900668348,435.11904481348375,66084600
2023-09-01,434.6758117675781,437.06505085275637,433.2210704898494,436.5833515582069,58944100
2023-09-05,432.79718017578125,434.55057269413254,432.72976461783867,434.23266409054196,55166200
2023-09-06,429.8876953125,432.09388618903915,427.5659013158959,431.98789706191957,70758500
2023-09-07,428.5678405761719,429.24220190465525,426.5446977895423,426.8915071469469,70355400
2023-09-08,429.2133483886719,430.74514868706615,428.25959315019446,428.61604594030854,61659700
2023-09-11,432.0361022949219,432.34436749416994,430.12856253408137,431.83376742594476,60180100
2023-09-12,429.6661071777344,432.1131477113599,429.08809157187744,430.5909909482861,67565400
2023-09-13,430.1671142578125,431.3231749266096,428.78943192828973,429.8877204342684,60199300
2023-09-14,433.876220703125,434.569868937207,431.3328634452209,432.633457559199,83430800
2023-09-15,428.64874267578125,432.62229333118586,428.21370176743056,432.2935859212208,111848900
2023-09-18,428.9001159667969,430.1956202798295,427.8656361967372,428.3393572391215,55752200
2023-09-19,428.0106201171875,428.57137880593234,425.3326034960519,427.981617392204,66514600
2023-09-20,424.07574462890625,429.6831540306982,423.87269606637597,429.26743850526196,82562600
2023-09-21,417.0665283203125,421.4944451347644,416.9118372759941,421.2334205936458,104095800
2023-09-22,416.1286926269531,419.6864977783781,415.71294757869936,418.091288955446,100829700
2023-09-25,417.8785705566406,417.9172211836111,414.485104517223,414.92017485715184,70874500
2023-09-26,411.73944091796875,415.54862280920696,410.90798029741677,414.84285049792544,96168400
2023-09-27,411.90374755859375,413.4699830924983,408.2686118060124,412.9092244496163,104705800
2023-09-28,414.2917785644531,415.964347748709,410.76297593705533,411.3527373620953,92258300
2023-09-29,413.28631591796875,417.5112133076614,411.7684378270295,417.3371969608053,115111300
2023-10-02,413.1219482421875,414.3691244055631,410.36657139466814,412.454856073705,83798600
2023-10-03,407.5918884277344,413.1799731499237,406.2287013020404,410.94667474306095,103760600
2023-10-04,410.5599365234375,411.30435944495287,406.59606370497346,408.0559363281981,87453000
2023-10-05,410.4052734375,411.24638199806213,407.18585282564163,410.2699077129364,70142700
2023-10-06,415.2779235839844,416.81512702154566,406.6347574601129,407.9592644123595,113273300
2023-10-09,417.9366455078125,418.5070521455923,412.8319589906931,413.3830108074734,80374400
2023-10-10,420.1119384765625,422.70294712015226,418.1686672417201,418.5650575162268,78607300
2023-10-11,421.8327941894531,422.08414129890025,418.79703802262225,421.17537943505704,62451700
2023-10-12,419.2611389160156,422.8189443567332,416.91182957643576,422.4419089154139,81154200
2023-10-13,417.1728210449219,421.9584770278049,415.60661494268294,420.7596289275812,95143100
2023-10-16,421.56207275390625,422.6255551040407,419.1740835467255,419.4157827397426,75433200
2023-10-17,421.5427551269531,423.5923892481788,418.09131276942526,418.4393454760135,75324700
2023-10-18,415.92559814453125,420.7305789017386,414.842790566168,419.7734596144878,93559800
2023-10-19,412.2712097167969,418.449056290601,411.5944695651963,416.64115074369084,121323000
2023-10-20,407.2051696777344,412.3775387523352,407.09880668145956,411.8361348739324,123919900
2023-10-23,406.4994201660156,410.3569598965053,403.92773684712256,405.6776368923659,92035100
2023-10-24,409.5640869140625,410.714577336654,406.7700303151136,408.6166155353714,78564200
2023-10-25,403.68603515625,407.9109624071266,403.17363397769196,407.8819596802007,94223200
2023-10-26,398.8520812988281,403.4733696714875,397.9336418727087,402.6226131148312,115156800
2023-10-27,397.0440979003906,400.83395429205797,395.6229054415524,400.43756406837696,107367700
2023-10-30,401.79107666015625,402.8448816266276,398.5329761803426,399.8284803456642,86562700
2023-10-31,404.3144226074219,404.6334525608876,400.4568834170143,402.3614742415841,79665200
2023-11-01,408.62640380859375,409.4385097088223,404.74953858461424,405.28129461149234,98068100
2023-11-02,416.4574279785156,416.61211901779166,412.39686933434086,412.41619465013827,94938900
2023-11-03,420.2569274902344,421.80380835994043,418.63271585397734,418.75840416588386,100167800
2023-11-06,421.2237243652344,421.66844265759465,419.28045324415575,421.01102787683624,67831700
2023-11-07,422.4225158691406,423.0606052933152,420.0828841514639,421.22369728667144,64256100
2023-11-08,422.7319030761719,423.544008852029,420.4309219590949,423.0219303160148,61746000
2023-11-09,419.4351806640625,423.91145521433583,419.00978765036695,423.8727750755541,83174400
2023-11-10,425.9803466796875,426.28972875327344,419.42546520511473,421.5041020397778,89462200
2023-11-13,425.5742492675781,426.67638218285714,423.863029699829,424.6461326803493,52236100
2023-11-14,433.83074951171875,435.1165763059157,431.2783917339626,431.50076562505876,97176900
2023-11-15,434.7491455078125,436.3927117469104,433.8983596665992,435.16486101976614,77327600
2023-11-16,435.2809753417969,435.60000533429076,433.2410185572766,434.3045010394223,66665800
2023-11-17,435.8223571777344,436.43144390959674,434.37216191303287,435.2906012114316,83133200
2023-11-20,439.1771545410156,440.0182630951851,435.5613141930735,435.57099160312566,69936200
2023-11-21,438.219970703125,439.05143128536895,436.95346926763995,438.13296253247677,49244600
2023-11-22,439.9118347167969,441.2266936036218,438.81937920232434,439.87318409093035,59394900
2023-11-24,440.1825866699219,440.3759578384197,439.6315348978691,439.9602422808771,29737400
2023-11-27,439.3898010253906,440.3662456876674,439.00305871890555,439.55413995178077,50506000
2023-11-28,439.8248596191406,441.1203637861366,438.44234728096177,439.0030764411284,62115000
2023-11-29,439.51544189453125,443.10227896211006,439.1190812038522,441.9711138199376,63146000
2023-11-30,441.2460632324219,441.59412543023933,438.28766732031204,440.35662667945024,79752700
2023-12-01,443.8564453125,444.3881717849613,440.0472633152973,440.6369952391435,89183400
2023-12-04,441.5264587402344,443.8757680204174,439.25448022667734,440.47265370720123,72430900
2023-12-05,441.4394836425781,442.3966031608258,439.76691433401015,440.14397929835064,69793500
2023-12-06,439.6605529785156,443.60507121667763,439.225482586349,443.57606849081975,69124700
2023-12-07,443.0152893066406,443.6630266124851,441.13970123464765,441.73911050428126,66995400
2023-12-08,444.9198913574219,445.4516177863762,442.02914891320626,442.2708481089666,83194400
2023-12-11,446.65045166015625,446.8244975103325,444.2141343049595,444.4268307846884,65002200
2023-12-12,448.6904602050781,448.7871457987425,445.30667095693167,446.30247061264276,68327600
2023-12-13,454.8779296875,455.12930631637573,448.70976090431213,449.06747102737427,93278000
2023-12-14,456.3377990722656,458.00069086527446,453.66943027540754,456.8115200961749,119026000
2023-12-15,455.5863952636719,456.9163018501235,453.7420397034311,455.7417134699126,141553700
2023-12-18,458.149169921875,459.1296032853033,456.13009218585904,457.1881698520897,70375300
2023-12-19,460.9350280761719,461.0127019870432,458.6150310014618,458.6926752884159,55761800
2023-12-20,454.54779052734375,461.96405036999886,454.1206728290634,460.0808576886502,102921000
2023-12-21,458.8577880859375,459.1295875723286,455.1108062836296,457.52788134560456,86667500
2023-12-22,459.7798767089844,461.4592269639175,457.88699725724837,459.98371888478914,67160400
2023-12-26,461.7213134765625,462.62407274345054,460.1099204752376,460.18759438735214,55387000
2023-12-27,462.5561828613281,462.7017844285322,460.98362668768385,461.5175089754055,68000300
2023-12-28,462.7309265136719,463.5657286208665,462.3135254600746,462.91536504878167,77158100
2023-12-29,461.391357421875,463.0609913493408,459.4402073535901,462.5367960308314,122283100
2024-01-02,458.8092041015625,459.7993540123723,456.7124526493962,458.3335624378489,123623700
2024-01-03,455.062255859375,457.3919698393569,454.4604162904711,456.6542157231931,103585900
2024-01-04,453.596435546875,457.1686653982138,453.3731600721968,454.5865557790852,84232200
2024-01-05,454.21771240234375,456.6639075045455,452.77132456262234,453.80028176128866,86118900
2024-01-08,460.7021179199219,460.84771948944723,454.5865853845721,454.71278328613425,74879100
2024-01-09,460.003173828125,461.02241437904433,457.54726208619434,458.05202403896755,65931400
2024-01-10,462.6047058105469,463.4686578138975,459.9934757568045,460.27499186871785,67310600
2024-01-11,462.4008483886719,464.1190060691037,458.43062113494074,463.6045274671268,77940700
2024-01-12,462.72119140625,464.58498035155515,461.3136700813151,463.8472262405501,58026400
2024-01-16,461.0224609375,462.6532578332319,459.2072255045687,461.3428140279713,85014900
2024-01-17,458.45977783203125,458.94513616011074,456.110630489601,458.00353981867966,68843900
2024-01-18,462.5367736816406,463.0900892897804,458.58597937392244,460.1294153145847,91856200
2024-01-19,468.30279541015625,468.5843115147551,462.5852901238366,463.66277131466796,110834500
2024-01-22,469.29296875,471.0111265282756,468.6425755704272,469.83656769535,75844900
2024-01-23,470.66162109375,470.90430023582877,468.7493378931313,469.83653570981716,49945300
2024-01-24,471.1761169433594,474.45711397403113,470.68104202686277,473.5252343876121,81765000
2024-01-25,473.7388610839844,474.01066056996024,471.17618444820096,473.3020267275593,72525000
2024-01-26,473.1369934082031,474.79691054106985,472.29247468488353,473.3117152908374,76641600
2024-01-29,476.8839416503906,477.0295728420406,472.9040272208165,473.4476261562877,61322800
2024-01-30,476.5151062011719,477.2237103899132,475.7579187820987,476.19475312019154,58618400
2024-01-31,468.7396240234375,474.7580490082776,468.7201907326481,474.31152767890586,126011100
2024-02-01,474.8745422363281,474.90366254751126,469.63264923202524,470.43836054795435,91891600
2024-02-02,479.8737487792969,481.523949196212,474.97161226030033,475.31136898916844,99228200
2024-02-05,478.1264953613281,479.9029234991888,475.8744551474019,479.24284325758833,75757100
2024-02-06,479.5146789550781,479.8447191007998,477.6411730816488,479.06812791328576,55918600
2024-02-07,483.513916015625,483.93131701939416,480.8541325434168,481.75692144262655,70556500
2024-02-08,483.7275085449219,484.1060726186496,482.69855130751233,483.513949705615,52343600
2024-02-09,486.5231628417969,486.95996752942966,483.89249957484776,484.2322563033971,63979400
2024-02-12,486.3096008300781,488.7557959365899,485.59125041968997,486.4940393494017,56502300
2024-02-13,479.61163330078125,482.5334996770295,476.35003982173856,480.04846760997253,113099200
2024-02-14,483.9701843261719,484.4555426281319,479.9222830533005,482.2423099561509,68387800
2024-02-15,487.3094177246094,487.4938562363656,484.19339631478,484.66906756169146,61683000
2024-02-16,484.88262939453125,488.14422275630824,484.14487534292635,487.0085009915144,75532900
2024-02-20,482.21319580078125,483.8148722929186,479.970842787005,483.14507545774694,71736700
2024-02-21,482.6500244140625,482.8053426352379,479.1069145137689,480.9124629140013,59293400
2024-02-22,492.638671875,493.5996718242251,488.2898508655614,489.25088043870596,76402500
2024-02-23,492.97845458984375,495.1916873577398,492.25041710535265,494.35685563775104,61321800
2024-02-26,491.1728820800781,493.8520693709636,491.0466841824756,493.4152350521733,50386700
2024-02-27,492.0853576660156,492.30863314805396,489.9692025931845,491.86211180789684,48854500
2024-02-28,491.43499755859375,492.0174038220213,490.17304819868775,490.53220860244136,56506600
2024-02-29,493.20172119140625,494.8131144463538,490.5516835957709,493.19203416880555,83924800
2024-03-01,497.8320007324219,498.25911842016706,493.6676477127876,494.0753617325155,76844800
2024-03-04,497.298095703125,499.1424809176813,497.00689257657365,497.03604251314806,49799300
2024-03-05,492.3280334472656,495.7449748064334,490.1245174506037,495.29842384541166,72855600
2024-03-06,494.82281494140625,497.07488469099843,493.53177482463775,495.59937641592427,68382400
2024-03-07,499.7345886230469,500.78297909459656,494.88100583529064,498.1135085613306,58652100
2024-03-08,496.735107421875,503.04473579557066,496.1623881738849,500.36560770630734,86532500
2024-03-11,496.3079833984375,496.89041928478855,493.6093924281333,495.5314219659159,62557200
2024-03-12,501.6470031738281,502.2294094929587,495.9003176684613,498.41449998303995,73114400
2024-03-13,500.8605651855469,502.1419180781509,499.4239237216424,501.9671962175004,55104100
2024-03-14,499.8704833984375,501.98663830049765,496.8321359535948,501.8312904786425,110171800
2024-03-15,496.4381408691406,498.2590460217431,494.77306623402836,496.80816405826874,107646300
2024-03-18,499.38848876953125,501.93966343615864,498.97953771699747,500.4985582011873,88893300
2024-03-19,502.1636962890625,502.44605736767124,497.6942371868493,498.6972103635703,60755300
2024-03-20,506.80828857421875,506.9446253921805,501.5501685674469,502.2220463909248,69594600
2024-03-21,508.483154296875,510.342957334889,508.200733818281,509.6418984195912,60256100
2024-03-22,507.5192565917969,508.8824467519345,507.28551081424,508.3955803879005,79070800
2024-03-25,506.1170654296875,507.2660628859731,505.961234915521,506.14624650613894,48512100
2024-03-26,505.1822814941406,507.87954020766836,504.7830772199743,507.5386980888141,65463700
2024-03-27,509.4277648925781,509.466752240446,505.84443537276076,508.00615306178463,82999800
2024-03-28,509.33038330078125,510.829910300913,509.04802220619024,509.46672014586477,96294900
2024-04-01,508.4441833496094,510.605900605306,507.2854391895369,510.07035956686866,62477500
2024-04-02,505.2114562988281,505.3477336967163,502.9134021583385,504.627181070464,74230300
2024-04-03,505.7665100097656,507.266096506351,504.07222450545925,504.1208992573895,59155800
2024-04-04,499.593017578125,510.1093183056524,499.2911628340767,509.76853565111946,96858100
2024-04-05,504.81219482421875,506.7694068986325,500.5083132867227,500.9465048519071,74546500
2024-04-08,505.09454345703125,506.516214442084,504.2863881936749,505.5133007732254,48401800
2024-04-09,505.67889404296875,507.0713247303679,500.83941141698267,506.8278915451877,68049200
2024-04-10,500.6154479980469,502.6018412987628,498.6388015333815,499.9922448100833,82652800
2024-04-11,504.3935241699219,505.8346295064768,498.6290433917763,502.1344572387197,70099000
2024-04-12,497.4313659667969,502.27081877394835,495.70784003413945,500.85889444352966,92561100
2024-04-15,491.199462890625,501.7644387082916,490.3522904966187,501.5989207934361,92101400
2024-04-16,490.3035888671875,493.19557596027215,489.018254666714,491.676555438244,73484000
2024-04-17,487.4018859863281,492.9229634124424,486.00945537176443,492.7574157801548,75910300
2024-04-18,486.39892578125,490.88784877913054,485.46415075166374,488.7943295112607,74548100
2024-04-19,482.15350341796875,487.31427501412566,480.8876330360681,486.3210783246666,102212600
2024-04-22,486.5936584472656,489.18379074188493,482.41633725230787,484.7532895605779,67961000
2024-04-23,492.367919921875,492.7963646750655,486.4086807205422,488.5995792337359,64633600
2024-04-24,492.1341857910156,494.04269332334195,489.9140767019127,493.2539723124738,55928100
2024-04-25,490.2646789550781,491.0241892900092,484.4222826199273,486.0678932982719,69122400
2024-04-26,494.9093933105469,496.48683553540934,492.41663996726425,493.04956028124485,64306100
2024-04-29,496.6621398925781,497.33401788873596,493.925953155284,496.69135068736904,46415400
2024-04-30,488.79437255859375,496.1752536684076,488.79437255859375,495.2015209263445,77483600
2024-05-01,487.2071838378906,494.84124497607075,486.7397814235659,488.2101273744075,80242800
2024-05-02,491.76422119140625,492.6016467604268,486.4281553313073,490.9073316662554,62550200
2024-05-03,497.8597717285156,499.08665465274976,495.20147091341136,497.73318173027803,72756700
2024-05-06,503.0010070800781,503.03993498477615,499.81688277152546,500.25507428501953,47264700
2024-05-07,503.5561218261719,504.9485523975052,502.8842439138016,503.96507290224616,52561300
2024-05-08,503.6047668457031,504.14030789046143,501.60862689782874,501.7254700555243,42047200
2024-05-09,506.5065002441406,506.54548758690595,503.13742328274043,503.78980752288453,43643700
2024-05-10,507.1589050292969,508.91161179352076,505.941739299708,508.103397108136,52233200
2024-05-13,507.22705078125,508.94082976185797,506.0878002167031,508.8337334335511,36716400
2024-05-14,509.5542297363281,510.07033651333364,506.8862120678195,507.42175308205213,57535900
2024-05-15,515.8641357421875,516.1562436643347,511.38492968552964,512.0178797101214,59504900
2024-05-16,514.8027954101562,517.5584758697495,514.6567117176663,515.9615398171848,50244800
2024-05-17,515.5426635742188,515.6108319783463,513.4686086768853,514.9194605352642,59187600
2024-05-20,516.13671875,517.5973177042522,515.2700824401487,515.6595992673854,37764200
2024-05-21,517.4026489257812,517.5584794564415,515.1728221981522,515.3773274826686,33437000
2024-05-22,515.9127807617188,517.4220544657823,513.741316563043,516.7112486575287,48390000
2024-05-23,512.1443481445312,519.0675716996905,510.9368699664029,518.960475392313,57211200
2024-05-24,515.5330810546875,516.3412958961842,513.0403275362747,513.9848197975488,41291100
2024-05-28,515.893310546875,516.5749353115505,513.2642204156563,516.3412489766735,36269600
2024-05-29,512.2807006835938,513.458938533357,511.5698948988185,511.87174962966077,45190300
2024-05-30,508.8824462890625,511.4044402025134,507.63609930287237,510.74230907986095,46377600
2024-05-31,513.5173950195312,513.6439850215788,504.7440541264526,509.8367164200918,90785800
2024-06-03,513.9361572265625,515.4065032558699,508.87273480704334,515.1241421408643,46835700
2024-06-04,514.5106201171875,515.2506664560023,511.17072418863216,512.631323194632,34632700
2024-06-05,520.6256103515625,520.645104022442,514.8416361330836,516.8280887412405,47610400
2024-06-06,520.6160278320312,521.3560743759424,518.6880556280096,520.9276295048329,30808500
2024-06-07,519.9830932617188,522.7874486486729,518.5516750551577,519.6422511020912,43224500
2024-06-10,521.589599609375,521.9109480214009,518.5807990347079,519.1747616812378,35686100
2024-06-11,522.8457641601562,522.9041857425336,518.0744503489441,520.0414093421914,36383400
2024-06-12,527.1399536132812,529.8274655446977,526.1077992631506,527.4028804771598,63251300
2024-06-13,528.2013549804688,529.0582445758802,525.4164935113477,528.8829798084458,44760900
2024-06-14,528.522705078125,528.551886156822,525.6696157422205,526.6725890295746,40089900
2024-06-17,532.7291870117188,534.1216772051151,527.3834034899254,527.8410888070123,55839500
2024-06-18,534.0826416015625,534.2092316077063,532.3688625324717,532.7875604635906,41376400
2024-06-20,532.6318359375,535.6698774866474,530.8596351285086,535.0077463215187,70328200
2024-06-21,531.9176635742188,533.0313142277637,530.4621308750893,531.810221745453,64338600
2024-06-24,530.1885375976562,534.3011982327657,530.0713174980777,531.7417933525489,45528700
2024-06-25,532.2302856445312,532.5917242597523,529.8955424418219,531.4096852385123,37936200
2024-06-26,532.8946533203125,533.6077524053179,530.4720243887124,531.1167351250136,38550600
2024-06-27,533.7346801757812,534.3110621107577,532.0153722749866,532.7578061070262,35041500
2024-06-28,531.6343994140625,537.5543137581463,530.3938098387125,534.5064116818106,76144500
2024-07-01,532.7285766601562,533.2560672380866,529.973784394742,533.0118486999152,40297800
2024-07-02,536.313720703125,536.313720703125,531.0776892361615,531.1265210220305,40434800
2024-07-03,538.70703125,539.068469909586,535.9620173191718,536.0010708200014,32789900
2024-07-05,541.8134155273438,542.2139076372644,538.3747999305978,539.0097918869257,41488400
2024-07-08,542.4385986328125,543.3861377502993,541.3737797869028,542.5948722312855,36110500
2024-07-09,542.9661865234375,544.2947210316149,542.6731362089374,543.396013525926,27289700
2024-07-10,548.3389892578125,548.6808713510104,543.8942239279161,544.1872742397521,38701200
2024-07-11,543.61083984375,549.3255886798729,542.9759074999535,548.4561564855596,53054200
2024-07-12,547.039794921875,550.6346849623752,544.2655054755963,544.7343860301963,53084400
2024-07-15,548.5440673828125,551.7775178290722,546.6879829958002,549.0325043663784,40584300
2024-07-16,551.7969970703125,552.090047326324,549.1008154677004,549.8530274778409,36475300
2024-07-17,544.060302734375,547.5477506768178,543.7379175635831,545.8772743812609,57119000
2024-07-18,539.879150390625,546.580551242634,537.7007404833427,545.593898977862,56270400
2024-07-19,536.294189453125,541.2665056616279,535.2391485596726,539.6448610038084,65509100
2024-07-22,541.8232421875,542.4288993582354,538.277184442637,540.2113760766848,43346700
2024-07-23,540.9732666015625,543.8647752379528,540.4848296428585,541.7156406949248,34439600
2024-07-24,528.7134399414062,536.4698210648305,527.7951760937185,536.1669925418511,74515300
2024-07-25,525.9586791992188,534.7994361794972,525.0209183627663,528.8306910081631,61158300
2024-07-26,531.849365234375,534.535769150024,528.9675745637637,529.7393433023149,53763800
2024-07-29,532.1619262695312,534.3989464184045,530.1690650137424,533.3927971337158,39515800
2024-07-30,529.4657592773438,534.6822931769603,526.0662565076813,533.6272524601584,46853600
2024-07-31,538.0720825195312,540.6998765356994,534.9167978932154,536.2843860163032,65663400
2024-08-01,530.4522705078125,542.0379798774079,526.9550454850472,539.79118198238,76428700
2024-08-02,520.5762329101562,524.5716145988897,516.3756265717791,523.3603002519518,82789100
2024-08-05,505.4151611328125,511.47179289103417,498.46957030548145,499.80791295578933,146267400
2024-08-06,510.0748291015625,517.4990483238507,505.89377938390135,507.21253555376086,84826300
2024-08-07,506.6654357910156,519.2964689099484,506.06955696870784,516.2485672171777,70698300
2024-08-08,518.378173828125,519.0033278281719,509.7719169059722,511.79399346845105,63276600
2024-08-09,520.6640625,522.1489300560904,516.3365178449808,517.5576103421191,45619600
2024-08-12,520.9376831054688,523.3407552909962,518.6713279832952,521.8559471668351,42542100
2024-08-13,529.5048217773438,529.7393216479126,523.878076980635,524.1222955084382,52333100
2024-08-14,531.17529296875,532.3573320967027,527.6292352085552,530.2960824274743,42446900
2024-08-15,540.27978515625,540.5630571909627,536.1866801444643,536.7923373384469,60846800
2024-08-16,541.4910888671875,542.1846909540823,538.5116347380534,538.6679083622046,44430700
2024-08-19,546.66845703125,546.66845703125,541.0514314058853,541.9013070349608,39121800
2024-08-20,545.7796020507812,547.8701270511177,544.4412892289927,546.2192073450451,33732300
2024-08-21,547.6552124023438,549.1107454289771,541.9014090213768,546.8248931770081,41514600
2024-08-22,543.35693359375,550.1559994238155,542.1456191373768,549.5503421956289,56121500
2024-08-23,549.1301879882812,550.0680084955276,544.4020915801096,546.5903394303513,50639400
2024-08-26,547.8211059570312,550.8689478276912,546.1213548703539,550.1558489432847,35788600
2024-08-27,548.5734252929688,549.0618623501647,545.4083627021253,546.5512887213379,32693900
2024-08-28,545.3887329101562,548.661296528156,542.2041141850556,548.2314695905903,41066000
2024-08-29,545.4375610351562,550.6443160255352,544.294635177053,547.3522554939839,38715200
2024-08-30,550.644287109375,551.1522806301471,544.255553101835,547.8016102208953,62700100
2024-09-03,539.3126220703125,547.8407131286382,536.8020487007664,547.508549729637,60600100
2024-09-04,538.2088012695312,541.6083040829072,536.7532683896355,537.4761456891545,47224900
2024-09-05,536.8998413085938,540.9929467939947,534.447877405527,538.1502689658041,44264300
2024-09-06,527.8637084960938,538.8437645502386,526.9650009606123,537.2221796738046,68493800
2024-09-09,533.773681640625,535.043665505135,530.1299607989381,532.0544335310877,40445800
2024-09-10,536.0987548828125,536.450474898389,530.8138918516801,535.678706144088,36394600
2024-09-11,541.5984497070312,542.5167136236998,527.4728902611638,536.0107592184578,75248600
2024-09-12,546.1605834960938,546.4634120914028,539.9573969973035,542.1749203516514,51819600
2024-09-13,549.0130004882812,550.0094311099382,546.5122052774053,546.7662020730168,39310500
2024-09-16,549.8237915039062,550.0875069413107,546.9517795427174,548.7491943236346,36656100
2024-09-17,550.0484619140625,553.477299266029,547.8211605278194,552.0314851715059,49321000
2024-09-18,548.4171752929688,555.5385664291312,547.8603498689396,550.7030274298603,59044900
2024-09-19,557.7755126953125,559.6315971955383,554.9426137920285,557.8048475354702,75315500
2024-09-20,556.8114013671875,557.8500616857909,553.793383536953,556.4096807844697,77503100
2024-09-23,558.2027587890625,558.8495067502496,556.6643550711399,557.8794446150124,44116900
2024-09-24,559.7998657226562,559.8586555458002,556.174333811357,558.9963649353333,46805700
2024-09-25,558.5653076171875,560.378103761662,557.4580492681129,559.6432009533316,38428600
2024-09-26,560.7798461914062,563.1413674659622,558.428192996937,562.8179934718497,48336000
2024-09-27,559.9664916992188,562.6611352170194,558.9376397719122,561.8478858705382,42100900
2024-09-30,562.2103881835938,562.8179029799776,556.6447321030395,558.937595094156,63557400
2024-10-01,557.1738891601562,562.5043864049716,554.6066335561335,561.8576982708267,72668800
2024-10-02,557.4091186523438,558.4282222492225,553.8914170466389,556.2823034605133,38097800
2024-10-03,556.3900146484375,558.3301388916863,554.106899883147,555.9392527365582,40846500
2024-10-04,561.4461669921875,561.8185225581165,556.6643942780399,560.828843806913,42939100
2024-10-07,556.370361328125,560.446655391967,555.2239297880301,559.7999074826037,49964700
2024-10-08,561.63232421875,562.2300906410503,558.0656412646009,558.9376805045769,37398700
2024-10-09,565.5225219726562,566.0810553811073,561.024889687,561.6225963883663,37912200
2024-10-10,564.5327758789062,565.953600014702,562.9257739624676,564.1800368650188,44138100
2024-10-11,567.9132080078125,568.6481106846586,564.3170411817416,564.4542373683208,42268000
2024-10-14,572.5578002929688,573.4886890058166,569.0400397275337,569.5201665882303,36217200
2024-10-15,568.1092529296875,573.1261842726946,566.8941634738084,572.8224268603595,54203600
2024-10-16,570.5784912109375,571.0978512020905,567.305757742965,568.1092586044506,30725400
2024-10-17,570.6275024414062,574.3216329805343,570.4413246734956,574.1158386665669,34393700
2024-10-18,572.8223876953125,573.6062719503354,570.8528388827377,572.3128360166068,37416800
2024-10-21,571.8817749023438,573.0771881011084,568.912738838732,572.0973176864316,36439000
2024-10-22,571.5780639648438,572.7343039714391,568.6972423190728,569.3537388044809,34183800
2024-10-23,566.3552856445312,570.0004346494243,562.8571411229607,569.5594810059998,49314600
2024-10-24,567.5801391601562,568.3836400907534,564.9639018539431,568.3052337104026,34979900
2024-10-25,567.3840942382812,572.6950344865168,566.443456997856,569.8044050522926,47268200
2024-10-28,569.13818359375,570.9803448675634,568.8344261393737,570.8529569215461,30174700
2024-10-29,570.0592651367188,571.1762720247682,566.7864714367279,568.1778707648036,42899700
2024-10-30,568.3345947265625,571.5779630983764,567.6290569957021,569.588797638648,41435800
2024-10-31,557.1934814453125,564.0427655154251,556.9974954170759,563.9741674152153,60182500
2024-11-01,559.5452880859375,563.9645140783009,559.1337591781606,559.8196805621591,45667500
2024-11-04,558.3399047851562,560.9757583388703,556.4585705161212,559.6823223393656,38217000
2024-11-05,565.09130859375,565.1304818819561,559.0357163025479,559.2512590975022,39478300
2024-11-06,579.142578125,580.0146771322202,573.6063462638446,577.3396500855225,68182000
2024-11-07,583.62060546875,584.639708979933,581.063158030651,581.1415644099445,47233200
2024-11-08,586.148681640625,587.5695056932594,584.1693242787533,584.1693242787533,46444900
2024-11-11,586.7071533203125,588.0887441353201,584.9825720146739,587.7360051791314,37586800
2024-11-12,584.8847045898438,587.2265495486535,582.4056036057904,586.6288429184635,43006100
2024-11-13,585.1688842773438,587.1677986284395,582.9837921332622,585.34525379598,47388600
2024-11-14,581.4060668945312,585.7763103260314,580.7202054727688,585.296183408181,38904100
2024-11-15,573.9590454101562,578.3194803370213,572.1070761341368,577.8491019104924,75988800
2024-11-18,576.3107299804688,577.6237226660043,573.5572968817456,574.4195277074432,37001700
2024-11-19,578.4174194335938,579.142513878155,572.2736733921519,572.9399780116551,49412000
2024-11-20,578.6133422851562,578.8974831074943,572.861509103186,578.4957626478764,50032600
2024-11-21,581.7196044921875,583.1404284379229,575.6248397212988,581.4550801704302,46750300
2024-11-22,583.5225830078125,584.1497143652956,581.2101034094488,581.7097870344509,38226400
2024-11-25,585.501953125,588.7648782973704,583.2188384863542,587.4518855330788,42441400
2024-11-26,588.5592041015625,589.2255088244219,586.0311216188419,586.746407902425,45621300
2024-11-27,586.7758178710938,588.755115442667,585.2570306878304,588.3730114334577,34000200
2024-11-29,590.4208984375,591.2047827973582,587.3147260107087,587.5890586237147,30177400
2024-12-02,591.4791870117188,592.1552999944694,590.3425038316959,590.8324390421951,31746000
2024-12-03,591.7535400390625,591.9985076527607,590.2151960547985,591.2440480710218,26906600
2024-12-04,595.427978515625,595.6729460981672,592.7725681970518,593.438872844782,42787600
2024-12-05,594.4481201171875,596.2314913306755,594.0953811448159,595.4279904670244,28762200
2024-12-06,595.5750122070312,596.8096584526629,594.800936138575,595.212464951605,31241500
2024-12-09,592.5079956054688,595.6239761392873,591.9200973185369,595.4574149257465,34742700
2024-12-10,590.665771484375,593.605382218179,590.0092751663215,593.1840451897845,37234500
2024-12-11,595.2321166992188,596.1825623151827,593.3115491139272,593.5859415432025,28677700
2024-12-12,592.1650390625,594.9380289691392,592.1650390625,594.369747252086,31543800
2024-12-13,592.0475463867188,594.9087513561514,590.6757038334936,594.1934650654297,35904700
2024-12-16,594.5755004882812,595.54562235978,593.0273484159295,593.8014244521054,43695200
2024-12-17,592.1257934570312,592.9880840930309,590.7540109408761,592.0278303510687,55773500
2024-12-18,574.4783935546875,594.2031278558312,574.0962297805506,591.8220501813851,108248700
2024-12-19,574.302001953125,581.0631314525076,574.057034359764,579.456129686489,85919500
2024-12-20,581.199951171875,585.7225012446567,571.132257605004,571.9778279294948,125716700
2024-12-23,584.6802978515625,585.2800160502417,577.7685966184363,580.9442707021165,57635800
2024-12-24,591.1790771484375,591.2184422848073,585.4471892507113,586.0272849416975,33160100
2024-12-26,591.2184448242188,592.3392110668057,588.0133066034633,589.4093887705021,41219100
2024-12-27,584.9950561523438,587.7184519013749,580.8165903318666,587.482441071987,64969300
2024-12-30,578.3192749023438,581.7800467977985,574.5734057798932,577.9948725430215,56578800
