Date,Close,High,Low,Open,Volume
2018-01-02,57.8111457824707,57.926726037307105,56.879698192466925,56.98847808314884,11469300
2018-01-03,58.94658660888672,59.13016020509906,57.66839255094197,57.89955834114267,13957700
2018-01-04,59.02816390991211,59.30012147403086,58.76300671136507,59.007768000356045,10863000
2018-01-05,58.9805793762207,59.06896339148191,58.273491692651795,58.9805793762207,11047600
2018-01-08,59.245723724365234,59.252524089340156,58.878581823099196,58.946569911372464,10927100
2018-01-09,58.994171142578125,59.252533179675744,58.912587498997354,59.10975661624995,8131600
2018-01-10,58.52505111694336,59.27973096218968,58.45706301651279,59.15054994035991,10822300
2018-01-11,59.10295486450195,59.402108716375984,58.42306351908592,58.71541700510119,14366000
2018-01-12,59.50408172607422,59.823631453231215,59.272921183884996,59.28651672694841,9834500
2018-01-16,59.13015365600586,59.667268464190975,58.87859198012386,59.653667731894906,10882800
2018-01-17,59.830413818359375,59.97319031978524,59.102930585099706,59.28649889060233,10546000
2018-01-18,59.44288635253906,59.959605104156864,59.38169344873105,59.67404686498293,9223700
2018-01-19,59.25252914428711,59.667263261442066,58.88538721169948,59.53808225169112,13090000
2018-01-22,60.00040054321289,60.027596814643324,59.18453314893341,59.266116776066326,10270400
2018-01-23,60.034427642822266,60.143207596584304,59.65368483675259,60.00043098949356,10281800
2018-01-24,60.19076919555664,60.45592635778882,59.83722804163319,60.16357292415354,10316100
2018-01-25,60.08198928833008,60.42193490008154,59.96640383809421,60.204369916046936,11271900
2018-01-26,60.51033020019531,60.51033020019531,60.14998861434189,60.26556889901953,10514400
2018-01-29,59.837223052978516,60.71428328076347,59.79642605569595,60.231555987551715,9315700
2018-01-30,59.000980377197266,60.08880568145027,59.000980377197266,59.51769934190252,12408000
2018-01-31,59.35449981689453,59.47008006815242,58.69500456759337,58.85137662819926,14404700
2018-02-01,60.557918548583984,60.68029919141437,59.388504669795594,59.490489403347425,17971000
2018-02-02,57.47121047973633,58.4774518811958,56.43097762573745,57.87914422032192,29822100
2018-02-05,54.20093536376953,57.104068937659285,53.119905497495786,56.621346736247126,30452700
2018-02-06,53.26948165893555,54.62926424212297,52.28364136098822,53.378266755426814,36262800
2018-02-07,52.310829162597656,53.99016121078685,52.297228434159635,53.330665934810554,21994500
2018-02-08,51.719329833984375,52.74596712657054,51.692133560129776,52.65078276165885,25650800
2018-02-09,52.049015045166016,52.52980878203597,50.75775076825558,52.37183242444403,29491600
2018-02-12,52.48858642578125,53.31280188631254,52.09021588186783,52.92130124562543,19340400
2018-02-13,52.40617752075195,52.71525509624536,52.01467681303286,52.26880563370913,11926600
2018-02-14,52.51607894897461,52.65345085997505,51.63004977378147,52.05589483757896,17188400
2018-02-15,52.344356536865234,52.68090847482059,51.82235386968856,52.625964962645234,14432400
2018-02-16,52.571014404296875,52.96938498504126,52.097090601680236,52.303145795913885,13722400
2018-02-20,52.028419494628906,53.209791706404694,51.82923415750834,52.52294788469342,13387300
2018-02-21,51.437713623046875,52.50232323368852,51.42397905757945,52.07647834139176,11715000
2018-02-22,52.103965759277344,52.77706967993518,51.64378171798245,51.71933494747287,14020200
2018-02-23,53.25098419189453,53.3128028416375,52.16577003152588,52.26192771761415,13378800
2018-02-26,54.15073776245117,54.2125564009142,53.271578941376355,53.3952109781025,16940400
2018-02-27,53.23038101196289,54.85820229196238,53.23038101196289,54.26064645090411,14629500
2018-02-28,52.02151870727539,53.74549714361061,51.994044341892426,53.68368375164849,17087800
2018-03-01,51.6506462097168,52.66717723206223,51.41712185767361,51.87730589743056,15696700
2018-03-02,51.89103698730469,52.11082673355624,51.15611453200723,51.437717688047854,15630300
2018-03-05,52.385562896728516,52.58474818411698,51.59569689113439,51.67125011187488,14891000
2018-03-06,52.323753356933594,52.87323041386826,52.10396358220004,52.660305303200246,10754300
2018-03-07,51.0050163269043,51.678120240794975,50.52422257678065,51.513279214564854,27255500
2018-03-08,50.908843994140625,51.35528809353446,50.61350106858149,51.16984264734628,19299800
2018-03-09,51.211063385009766,51.55448522689465,50.97066914373063,51.389644210046306,19714100
2018-03-12,51.67811584472656,51.91164541553866,51.30035497340887,51.42398704261497,14226700
2018-03-13,51.19044494628906,52.07647368543495,50.998129605736466,51.73992183946791,13739700
2018-03-14,50.55168914794922,51.36903472879758,50.50361030438172,51.26600713823839,14820700
2018-03-15,51.11491012573242,51.51328075454939,50.89512033745442,51.06683127330292,15640600
2018-03-16,51.59567642211914,51.59567642211914,51.07367398778282,51.07367398778282,32109700
2018-03-19,50.92946243286133,51.520148446021444,50.73027712700951,51.51327854162609,12744800
2018-03-20,50.81956100463867,51.30721937507179,50.792086629377486,50.97753735234015,13003200
2018-03-21,51.540740966796875,51.95284605152309,50.812688475773875,50.9843993644265,15418500
2018-03-22,50.483001708984375,51.30721188570392,50.40744849809503,51.1148965271494,17737000
2018-03-23,50.06403732299805,50.97067080552502,49.91293086920995,50.69593227501954,20157300
2018-03-26,50.82643508911133,50.92946269476474,49.967880442335805,50.58604083605452,15032700
2018-03-27,50.6203727722168,51.43771835808075,50.33189970904163,50.826427954599616,15821900
2018-03-28,50.00908660888672,50.833302168100296,49.98848213694163,50.64785144019164,18163900
2018-03-29,51.245399475097656,51.43771483738459,50.31816169824245,50.36624053881418,14882900
2018-04-02,50.290687561035156,51.10116319173949,49.56263504606708,51.01187017297505,17891100
2018-04-03,51.52700424194336,51.609427359896785,50.20826579589316,50.448660006339686,15999200
2018-04-04,51.42399215698242,51.55448890286646,50.441805409551066,50.86078050574078,13122200
2018-04-05,52.21385955810547,52.419914779142026,51.52701580825287,51.55449018707121,14200000
2018-04-06,51.42399215698242,52.28254682291186,50.97754268265875,51.952859525506156,14299600
2018-04-09,51.42399215698242,52.05588713345805,51.37591330529845,51.6643864154023,11103100
2018-04-10,52.9350471496582,53.41583567446088,52.241333500841286,52.25507331023674,19006100
2018-04-11,53.182308197021484,53.60128327557278,52.71525426881028,52.96251842140454,13734000
2018-04-12,53.03806686401367,53.66996175689033,52.893830328044075,53.47764637559753,13270400
2018-04-13,53.463897705078125,53.70429713204217,53.29905672561156,53.436428575333906,10925000
2018-04-16,53.944698333740234,54.3155945159213,53.37461687371003,53.65622527211084,10743600
2018-04-17,53.800472259521484,54.095815281982944,53.60128694295892,53.94470881836983,10478100
2018-04-18,54.411746978759766,54.782643125329045,54.21943162280542,54.28811492990334,12061400
2018-04-19,54.54912185668945,54.82386036690213,54.13014680766038,54.480438539186586,11291500
2018-04-20,54.26064682006836,54.53538532036208,53.80046284519198,54.48043657226313,12072200
2018-04-23,54.65212631225586,54.67273077476226,54.0889149628852,54.20567707722081,11729800
2018-04-24,53.81418991088867,54.899403953668944,53.553191254101144,54.81011618060486,14102000
2018-04-25,54.604068756103516,54.68649187843417,53.223511588221214,53.71116993822518,13867500
2018-04-26,55.538185119628906,55.56565949799575,54.62468168968824,54.67276054177975,14554400
2018-04-27,53.42958068847656,54.02026678517445,52.529816972898296,52.85262916231012,16346800
2018-04-30,53.402099609375,53.95844134966277,53.39522970486971,53.51199712065255,15028800
2018-05-01,52.85261535644531,53.065540445581675,52.18638143555078,53.065540445581675,16231000
2018-05-02,52.74958801269531,53.04493095595105,52.40616622938402,52.50918857221697,13883700
2018-05-03,52.571014404296875,52.61909325092456,51.78801305053102,52.46798680718005,12243100
2018-05-04,52.81828308105469,53.03807286170103,52.15891373911565,52.28941048249204,9887200
2018-05-07,53.395225524902344,54.31559876909561,53.1617011920213,53.395225524902344,15071500
2018-05-08,53.63561248779297,53.68369656884295,52.454245935466055,53.43643246156041,17430400
2018-05-09,54.89942169189453,55.11234157964279,54.22631250452617,54.246922219000325,17142100
2018-05-10,56.12886428833008,56.176943134540586,55.290914191345806,55.38707188376683,17710300
2018-05-11,56.39250946044922,56.87123694309094,56.13580481650635,56.32312997001374,14751000
2018-05-14,56.77411651611328,57.11407979593494,56.62147842912321,56.6839183956281,11852100
2018-05-15,56.7463493347168,56.91286116335851,56.47576562818067,56.787975968548324,12595700
2018-05-16,56.90591812133789,56.92673673028687,56.31618457401659,56.72553252363555,9570000
2018-05-17,56.80878448486328,57.086307704691215,56.50351370703618,57.0308020020626,11224100
2018-05-18,56.40637969970703,56.753282390865586,56.378626849216545,56.579831045286305,10030900
2018-05-21,57.08631134033203,57.134877509896306,56.55901771840885,56.70472152041716,8822400
2018-05-22,56.642276763916016,57.34302175362956,56.441072547332304,57.19732324368594,10753400
2018-05-23,56.996124267578125,57.05162997932167,55.899910280565294,56.16355447137308,15140900
2018-05-24,55.69175338745117,56.44800397516852,55.469735886099386,56.4410644395065,13360500
2018-05-25,54.60942840576172,55.039589706672295,54.17926710485114,55.00489731553013,14562000
2018-05-29,54.408199310302734,54.62328250909289,53.79071314212254,54.22087424638955,14644800
2018-05-30,56.54513931274414,56.65615071598983,54.963263869698395,54.984077184478195,16627500
2018-05-31,56.364768981933594,56.57985233082119,55.98317905409274,56.066432343569375,15803100
2018-06-01,56.77411651611328,57.134893118103236,56.57985178478662,56.80186937677665,9906100
2018-06-04,56.17742156982422,57.259756251506424,56.066410170003024,56.92673263867262,10954700
2018-06-05,55.976234436035156,56.649226695925314,55.78890925839435,55.913789181277224,12059300
2018-06-06,56.933685302734375,56.95449862360652,56.10806024601188,56.5312820814675,11603300
2018-06-07,57.502601623535156,57.787064437576745,57.280584061024065,57.39853502651139,13502500
2018-06-08,58.00212478637695,58.04375670581537,57.23893997865777,57.66216165529847,14350400
2018-06-11,57.65523147583008,58.133958927197654,57.53728582046329,58.08539275773395,10831600
2018-06-12,57.183441162109375,58.10620363652386,57.11406167911687,57.66216859339355,12351800
2018-06-13,56.552101135253906,57.308346767960714,56.524348273505424,57.19734061428393,12049300
2018-06-14,56.81574249267578,57.10020534114425,56.54515872103434,56.85043489142648,11477300
2018-06-15,55.96236038208008,56.76717209888224,55.858288486865916,56.69779259984496,23797500
2018-06-18,56.07334899902344,56.46187830687048,55.71257254078187,55.781952018138156,9192600
2018-06-19,55.990108489990234,56.170499423889645,55.303242444222406,55.42812766102715,8759700
2018-06-20,55.8166389465332,56.28842680181364,55.69175377033207,56.09416214845961,8917700
2018-06-21,55.28935241699219,55.768074529659486,55.039582056767955,55.518304169435254,10990700
2018-06-22,56.46189498901367,56.8504297049714,56.14274506422738,56.309262211059135,16012200
2018-06-25,55.32405090332031,56.364759187470966,55.01878007275771,56.045609282196025,10557200
2018-06-26,55.9484748840332,56.2051848236519,55.48362647119459,55.60851167245289,10382800
2018-06-27,56.690834045410156,57.225067124757174,56.23985951296928,56.23985951296928,12725900
2018-06-28,56.8712272644043,56.94060674303236,56.21904852000765,56.70471545703395,9390700
2018-06-29,57.39850997924805,57.96049053120717,57.09323397901646,57.204240065173636,17323200
2018-07-02,56.72553253173828,56.98223714901108,56.42025645355953,56.81572533060233,9998300
2018-07-03,57.05854415893555,57.898047903914005,56.94753806779925,57.294440704235676,7197300
2018-07-05,57.10712432861328,57.42627419724653,56.92673872459152,57.30138900575391,9035700
2018-07-06,57.121002197265625,57.37770681808191,56.6561538305788,56.864292283134,7637100
2018-07-09,57.5164680480957,57.676040323978825,57.28057146232208,57.45402281029986,7158600
2018-07-10,58.043758392333984,58.362908219623776,57.939686530685954,58.07150594834634,8806200
2018-07-11,57.30139923095703,57.9535781577211,56.91286980734426,57.606675374262146,10405300
2018-07-12,57.370765686035156,57.752355449890274,57.10711626714883,57.592783184757224,9762200
2018-07-13,57.80093765258789,58.106213783040566,57.280583499306935,57.36384206942571,8720000
2018-07-16,57.23200607299805,57.440149810720975,56.89204290847807,57.25281938810732,8306900
2018-07-17,57.10712432861328,57.4124004174431,56.91979918803208,57.072437232446994,7373300
2018-07-18,57.04468536376953,57.11406485061462,56.53820505250086,56.75328834303084,8711900
2018-07-19,56.89899444580078,57.32221625333924,56.69779020178116,57.030813900401306,8659100
2018-07-20,56.475772857666016,56.84348895242425,56.37170096644932,56.69779042204738,9196300
2018-07-23,56.475772857666016,56.892055129216544,56.32313478965703,56.857362734372224,8425900
2018-07-24,57.592803955078125,57.59973819984402,56.531282241068986,56.55902980676578,11121000
2018-07-25,57.99521255493164,58.099284462552575,57.24590646535854,57.59280929521692,9523600
2018-07-26,58.446170806884766,58.557182221919405,57.842563440909686,58.16171331916084,13210100
2018-07-27,56.8365478515625,57.15569776075056,56.06642328838317,56.17743471417874,18220800
2018-07-30,56.71165466308594,56.982238358737824,55.99703591337374,56.982238358737824,11282800
2018-07-31,56.552101135253906,56.996136336595306,56.50353495052335,56.64229396594861,11716800
2018-08-01,55.77500915527344,56.14966466262591,55.65706352147206,56.12191181467597,8936300
2018-08-02,55.44200897216797,55.6848398776015,55.122853732664765,55.428129895676484,8364300
2018-08-03,55.64318084716797,55.71256560920645,55.24771205279379,55.483608598433456,7811100
2018-08-06,55.62933349609375,55.802784896955444,55.32405733671584,55.67789967660236,10041800
2018-08-07,56.38555908203125,56.60757658472647,55.71950657394557,56.13579402314957,10698100
2018-08-08,56.01093292236328,56.35783575026681,55.74728338543367,56.2121319044283,7275000
2018-08-09,55.7264518737793,56.13579982962066,55.580753368813326,56.010914640604774,9828500
2018-08-10,55.67036819458008,55.740463283997926,55.277831415510114,55.7334575185949,12954300
2018-08-13,55.06755065917969,55.9016968119696,54.97642756141216,55.69140615815103,10308500
2018-08-14,54.892311096191406,55.425043505798726,54.73109289391241,55.368965284174045,8005900
2018-08-15,53.9319953918457,54.60491798811654,53.630581644232514,54.52080065811516,16307800
2018-08-16,54.67502212524414,54.74511723787314,54.114250528383614,54.17032875765253,11519900
2018-08-17,54.85728454589844,55.01850280203889,54.53484268570218,54.91335743834296,10178400
2018-08-20,55.24279022216797,55.375974657359734,54.794175159105976,54.85726449342806,8152100
2018-08-21,55.25682067871094,55.78254203538236,55.14466422228889,55.41103313233416,9192200
2018-08-22,56.04890060424805,56.11198994234352,55.38999485125436,55.45308418934983,10098200
2018-08-23,55.43204879760742,55.81757449797393,55.30587548616258,55.768507396184994,7203900
2018-08-24,55.81056594848633,56.111979658132455,55.67037041614351,55.740465508358554,6545200
2018-08-27,56.35734176635742,56.40640888886835,55.97882167216657,56.013871908780914,6671900
2018-08-28,56.273223876953125,56.651743967577076,56.217145638064714,56.48351459882706,8823400
2018-08-29,56.67976379394531,56.80593711453882,56.14703140167122,56.385361161864914,8004800
2018-08-30,56.434417724609375,56.6236749961875,56.161043139045205,56.39235639366016,7450900
2018-08-31,56.19609069824219,56.3993702058356,55.91570498611636,56.24515779677076,10700000
2018-09-04,56.280216217041016,56.56060197002284,55.94375224388015,56.36433354730959,8855000
2018-09-05,57.03023910522461,57.07930620580437,55.79654512904537,56.00683575890886,13878400
2018-09-06,56.399375915527344,57.22651090868308,56.31525858900003,56.855002075368866,13320600
2018-09-07,57.35970687866211,57.429801990913745,55.950772126372875,56.182090809926116,16417800
2018-09-10,57.27558898925781,57.997578799604725,57.24054410742317,57.64709789377308,10817900
2018-09-11,58.08168029785156,58.31299891609726,57.219495151623406,57.4508137698691,11891900
2018-09-12,58.27094650268555,58.726572695306366,58.08870030396808,58.355063835264545,11556300
2018-09-13,57.70317459106445,58.35506927253,57.48587814654729,58.28497416280647,11162700
2018-09-14,58.123741149902344,58.284964689183894,57.66811498888566,57.7732603103377,9442600
2018-09-17,58.46721649169922,58.60740668900365,58.17280852069873,58.17981963493792,8403300
2018-09-18,58.621421813964844,58.97190264464291,58.49524850100421,58.81068445736231,9219900
2018-09-19,59.322391510009766,59.42052572805799,58.62844086869343,58.62844086869343,10413600
2018-09-20,59.45557403564453,59.82007178406892,59.259305605884194,59.48361314674081,11198200
2018-09-21,59.70091247558594,59.883164032616264,59.24528625696705,59.58876137366149,26639400
2018-09-24,60.703277587890625,61.046747297659316,60.08643326350215,60.13550036489768,13549500
2018-09-25,60.63319778442383,61.23602538098072,60.542074672540316,61.00470669552915,12200700
2018-09-26,60.12848663330078,60.63317985306166,60.06540265478703,60.296715923916835,10275500
2018-09-27,60.121482849121094,60.54906991532823,59.9953095287991,60.34579037992538,7895400
2018-09-28,59.59575653076172,60.233634192846935,59.57472853713921,59.756980061722544,9884900
2018-10-01,60.1495361328125,60.30374859931339,59.76401031447494,59.827094315544585,8566900
2018-10-02,60.60515594482422,60.752357279516595,60.01635060605473,60.14252394263592,8453100
2018-10-03,60.38783645629883,60.90654648745189,60.268674280532,60.64018303316508,10206700
2018-10-04,59.98830795288086,60.338788828490706,59.75698929147906,59.93222972928398,10204600
2018-10-05,59.82008361816406,60.07243032003823,59.53269203142189,59.79905561766032,9217400
2018-10-08,60.37382507324219,60.49999838433423,59.336404824630215,59.4345390279337,13242400
2018-10-09,60.64019775390625,60.899550158485994,60.100454253728614,60.549069310858606,10177900
2018-10-10,59.245277404785156,60.85749136888052,59.231260524606654,60.79440738620761,16573400
2018-10-11,57.198482513427734,58.99995414765255,56.897068721806576,58.83873592650298,20320100
2018-10-12,57.04426574707031,57.64709328473623,56.26619777049951,57.56998706378498,15216300
2018-10-15,56.65171432495117,57.29659769099139,56.651714324951165,57.04425109594741,10558800
2018-10-16,56.918094635009766,56.96716174589853,56.08395374990078,56.434434641367375,9781800
2018-10-17,57.12838363647461,57.142400518640734,56.31526542507952,56.73584676085702,12247700
2018-10-18,57.373714447021484,57.80831262908515,56.91808826948777,56.91808826948777,17448600
2018-10-19,57.45780944824219,57.801279052575985,57.13536783120681,57.240513115610185,12098700
2018-10-22,56.883033752441406,57.605023330088336,56.52554184629814,57.47885003073851,9474100
2018-10-23,55.964786529541016,56.399384762904475,55.179712750450925,56.118998978409145,15465100
2018-10-24,54.40864562988281,56.25918397273045,54.359578527910074,56.1680555348432,16085700
2018-10-25,54.892311096191406,55.41102662434934,54.49276312596431,55.018484420890154,12315500
2018-10-26,54.345550537109375,54.9624001512559,53.946002649724676,54.58388025564211,18160100
2018-10-29,54.00911331176758,54.97643875080374,53.42731368598048,54.72409205402655,15707000
2018-10-30,55.221763610839844,55.397004041363154,54.268455240959945,54.408650794126714,17758200
2018-10-31,55.85263442993164,56.32227753554788,55.30588510125435,55.6143046455846,16629100
2018-11-01,56.54657745361328,56.60265567152387,55.58626337448222,55.95777220929175,14159300
2018-11-02,57.44382858276367,57.794309551170805,56.23817854369186,57.31064945135127,19350400
2018-11-05,57.226505279541016,58.0886904109184,57.086315097031964,57.82933269057273,15815000
2018-11-06,57.47183609008789,57.54894228855906,57.02322112511685,57.29659570227382,9063200
2018-11-07,58.20085525512695,58.2779614781207,57.240541047154906,57.62606681420971,12699800
2018-11-08,57.27558898925781,58.70555172680063,57.15642676477446,58.27095347832027,16865500
2018-11-09,57.261417388916016,57.636692278074065,56.4258975707029,56.829495806493284,15070100
2018-11-12,56.52503967285156,57.87036923774461,56.454233990936615,57.82080472019142,11906600
2018-11-13,55.22927474975586,56.53919877557462,54.97436997258681,56.503798635601136,15530200
2018-11-14,54.7973518371582,56.001064611801056,54.344188999495444,55.83821208689604,18552100
2018-11-15,55.36380386352539,55.36380386352539,53.74941070219172,54.28753815455179,18976000
2018-11-16,55.909019470214844,56.07187740220719,55.30008087566011,55.49126216113492,13704900
2018-11-19,56.093109130859375,56.19223815030896,55.533735148464466,55.55497630947132,9430800
2018-11-20,54.49997329711914,55.866544213415544,54.0751337453547,55.5266693307272,15533700
2018-11-21,54.91770935058594,55.498324439877365,54.70529235818716,54.82566252742573,9685300
2018-11-23,53.45199966430664,53.95472680563439,52.89262584172722,53.84852103094356,10875400
2018-11-26,54.50706100463867,54.74780146089495,53.89812227135351,53.98308694903053,13741100
2018-11-27,54.55661392211914,54.839836656932576,54.09636887485623,54.21673907736468,10344500
2018-11-28,55.54790496826172,55.54790496826172,54.407915619866266,54.549532391108606,11482100
2018-11-29,55.97980880737305,56.31260136096114,55.36379360591279,55.38503476429063,10255200
2018-11-30,56.29136276245117,56.36216842763912,55.45584294813101,55.54788977266274,14040100
2018-12-03,57.50925064086914,57.6791853502185,56.744536345606484,56.815342024324806,19415100
2018-12-04,56.2418098449707,58.026137825139045,56.18516314029816,57.62253950806959,18540700
2018-12-06,55.50540542602539,55.540810958388775,54.464545439200926,55.22925956039348,23218100
2018-12-07,54.974369049072266,56.90031382105016,54.75486981769133,56.213487372000834,16224700
2018-12-10,54.195499420166016,55.13014851658316,52.96346320264512,55.13014851658316,17946200
2018-12-11,54.29460144042969,55.08763877083973,53.58653413181799,55.016827718278684,15742400
2018-12-12,53.827293395996094,55.37088088891609,53.827293395996094,55.25759288871302,14559800
2018-12-13,54.50706100463867,54.67699576212125,53.777746641096826,53.8343933609672,13749700
2018-12-14,53.5157470703125,54.42915486395279,53.168790079045834,54.322943650343134,12669300
2018-12-17,52.42530822753906,53.52989158561861,52.02879223276697,53.2891512751142,15464100
2018-12-18,50.980865478515625,52.297871602214094,50.711801744366916,52.13501368277745,18681200
2018-12-19,50.11701202392578,51.88009841881547,49.77714268140829,51.29948334006611,21679600
2018-12-20,48.59466552734375,50.03204694067041,48.183990525661876,49.628443321596,28723700
2018-12-21,48.23356246948242,49.82671442457069,47.91492883718882,48.24772144325862,47287300
2018-12-24,46.385494232177734,47.8157879213937,46.33592973309909,47.34846627324154,14262800
2018-12-26,48.60175323486328,48.615917610190124,45.77656539531031,46.85990781638036,24887700
2018-12-27,48.814170837402344,48.814170837402344,46.789097535331706,47.96448667169304,22077000
2018-12-28,48.268959045410156,49.26733678999458,48.02113650665288,48.9841087162179,19710600
2018-12-31,48.28312683105469,48.962871014861086,47.907851902694276,48.3751736656308,15807000
2019-01-02,49.3452262878418,49.472678655177376,47.624622029874665,47.68834551247927,16727200
2019-01-03,48.58760070800781,49.74174895245927,48.403501619218076,49.56473205227258,13866100
2019-01-04,50.379005432128906,50.463970077680166,49.111563915433116,49.309821957888055,16043600
2019-01-07,50.64097595214844,51.05165632347491,50.08868426759747,50.449800139082846,10844200
2019-01-08,51.00918960571289,51.398623537210185,50.93838392745219,51.36322339914333,11439000
2019-01-09,51.27824020385742,51.40569255291767,50.733030678620864,51.40569255291767,13473500
2019-01-10,51.016273498535156,51.0375146625103,50.357770404670106,51.030432473809526,13151100
2019-01-11,50.7825927734375,50.90296293014196,50.3223479013098,50.87463958701291,9790100
2019-01-14,50.71887969970703,50.825090918994235,50.357769117108354,50.42149260740447,11012400
2019-01-15,50.7471923828125,51.235760647543195,50.49936985799472,50.94545040266673,10298300
2019-01-16,50.72595977783203,51.24992826182226,50.492296185546884,50.57018404964194,12595600
2019-01-17,51.072914123535156,51.221607671513695,50.201993999356986,50.40733425193509,10141700
2019-01-18,51.681846618652344,51.8942690348718,51.072908121091444,51.88010465932307,15759200
2019-01-22,50.90297317504883,51.48358832073759,50.754279645288754,51.25700693222798,15035600
2019-01-23,50.4852180480957,51.19328559209634,50.223231112049874,50.98794535608096,13187200
2019-01-24,50.55601501464844,50.95961322913074,50.0178822612968,50.34359262718377,11272500
2019-01-25,50.7825927734375,51.17202658667992,50.65514043041945,51.03041527316001,8996200
2019-01-28,50.44272994995117,50.47105329975749,49.82671464857532,50.286954227079754,13678400
2019-01-29,50.6339111328125,51.11539727452681,50.61266997102205,50.768440291527526,10513200
2019-01-30,51.186195373535156,51.38445339041067,50.63390364020316,50.81799728322996,11524700
2019-01-31,51.88718032836914,52.03587384019141,50.995013855309764,51.186195086313944,19876700
2019-02-01,53.75648880004883,54.160087100231394,52.62358176463523,53.04842122764947,22968700
2019-02-04,52.97761917114258,53.64320446336238,52.68023206692289,53.64320446336238,15483800
2019-02-05,53.522823333740234,53.55822887197334,53.1121482617203,53.23251844831017,12786700
2019-02-06,53.28916549682617,53.650276058955285,53.1971132576693,53.515746897469164,10866900
2019-02-07,52.87848663330078,53.23960260857413,52.326194790016174,53.06966250131204,14418900
2019-02-08,52.964393615722656,53.028824559865974,52.0694829775029,52.806888469459814,11959500
2019-02-11,53.05030822753906,53.136221625992796,52.549160391813345,52.892803061424765,10434800
2019-02-12,53.981021881103516,54.01681503672595,53.565781948747585,53.751924929131654,12599200
2019-02-13,54.589534759521484,54.797154629140806,54.059749328620256,54.109864092866324,13214600
2019-02-14,54.60386657714844,54.875922914280125,54.20294834824011,54.59671122456166,12772900
2019-02-15,55.63479995727539,55.67059856510674,54.94750929129885,55.08353744653714,14330300
2019-02-19,56.00709533691406,56.186077482298145,55.44866645515035,55.52741903608748,13551500
2019-02-20,56.221866607666016,56.42232572220364,55.842425360562494,56.05720610448206,12633100
2019-02-21,55.713558197021484,56.31494100479067,55.56321386060449,55.992769887810354,10266000
2019-02-22,56.143096923828125,56.52253805530418,55.57035755140938,56.350716789788514,9519300
2019-02-25,56.20038604736328,56.45095992458103,55.985605317118996,56.15027127191973,9274400
2019-02-26,56.314937591552734,56.65141939336738,56.1216338406604,56.329253758014694,10990600
2019-02-27,56.894840240478516,57.095299351727085,56.31493988835214,56.47243957426093,12398200
2019-02-28,56.579837799072266,57.095307277899956,56.35074085982684,56.88052650768779,14597900
2019-03-01,57.2742919921875,57.2742919921875,56.579840327845886,56.83041426289128,15419400
2019-03-04,57.4962272644043,57.66805407052017,56.56552331073588,57.44611247814601,18089900
2019-03-05,57.41032409667969,57.56066846795453,57.095313721378595,57.36020930625474,13745500
2019-03-06,56.75882339477539,56.83041516848601,55.74220600661874,56.4509738519277,18633600
2019-03-07,57.38883590698242,57.46042767045681,56.78745307717438,56.95211904905677,16541700
2019-03-08,56.56552505493164,56.78746119204715,56.02141774299129,56.47961164922457,16211300
2019-03-11,57.116783142089844,57.481908259447415,57.02371438994456,57.2599721401231,11060900
2019-03-12,57.2742919921875,57.68953192003537,57.19553940373007,57.35304458064493,11320000
2019-03-13,57.7826042175293,57.81840283705804,57.417479054325455,57.69669080792178,10260200
2019-03-14,57.58929443359375,57.92578172675285,57.5248580236626,57.847029149115556,9976700
2019-03-15,57.38167953491211,57.668052073084155,57.34588091935241,57.40315651940719,25316400
2019-03-18,58.04750061035156,58.16920717908319,57.58930667692453,57.58930667692453,9840600
2019-03-19,57.89714431762695,58.706141619935416,57.73247834634398,58.40545293717667,13936500
2019-03-20,58.21931076049805,58.6488668076177,57.67520352102568,57.81123169641914,13133600
2019-03-21,58.5557861328125,58.62737788239922,57.8470185263333,57.85417387782171,10117000
2019-03-22,57.61792755126953,58.30521824947084,57.48906020397548,58.154873921311264,12497700
2019-03-25,57.217010498046875,57.58929641644155,56.98075275700043,57.27428609504629,11320400
2019-03-26,57.961578369140625,58.1835144856162,57.40315493923325,57.51054532085429,9472800
2019-03-27,57.517704010009766,58.21215566105418,57.14542352251382,57.96874254655722,7258700
2019-03-28,57.80405807495117,57.83985668015563,57.28858874776861,57.29574956122955,7412300
2019-03-29,57.84702682495117,58.3338584389213,57.61792991614765,58.22646806808502,10889200
2019-04-01,58.512821197509766,58.548614334537554,58.04746671935368,58.15485705463575,10816400
2019-04-02,58.26226806640625,58.670347153877884,58.068969745857295,58.527163617330636,7646000
2019-04-03,57.91862487792969,58.541479264673974,57.71100492831434,58.541479264673974,8562900
2019-04-04,58.74193572998047,58.76341271108824,57.825542659941426,58.0761220051347,9360600
2019-04-05,59.05693435668945,59.08557214919379,58.67033235103153,58.81352131355322,10059100
2019-04-08,59.42207717895508,59.56526072225632,59.128543814454865,59.185819416616184,9108200
2019-04-09,58.65603256225586,59.12138726169995,58.52000437540708,59.07842782989921,8561600
2019-04-10,58.391136169433594,58.76342210850734,58.283751246721806,58.64887090814562,10324300
2019-04-11,58.67036056518555,58.7562739840137,58.00454659005072,58.37683260953635,9115100
2019-04-12,57.93292999267578,59.28603435259065,57.68951693673799,59.28603435259065,16638700
2019-04-15,57.73963928222656,58.033167150648275,57.646565073962435,57.91146060671979,8536100
2019-04-16,58.13340377807617,58.24079416722611,57.76828410190929,57.85419204354757,7005700
2019-04-17,58.298065185546875,58.4913635011354,58.04749127196853,58.38397858253158,8311400
2019-04-18,58.083290100097656,58.584443438329245,58.04033612845862,58.3911396417492,9493900
2019-04-22,59.35047912597656,59.57957604827342,58.44840760476328,58.61307357802422,10770600
2019-04-23,59.69411087036133,59.772863435082286,59.19296315131926,59.558088182107326,10595100
2019-04-24,58.5343132019043,59.4793385632603,58.51283622175314,59.429223788874026,11684000
2019-04-25,58.8636474609375,59.307519675286706,58.27658625639382,58.45556839756081,11135000
2019-04-26,57.62508773803711,57.725317298552405,56.95927396484184,57.467582582341244,18053500
2019-04-29,57.2528076171875,57.54633548546964,57.030871512235045,57.36019799323274,10023700
2019-04-30,57.474761962890625,57.653744159069085,57.22418798066141,57.53919839380851,13721500
2019-05-01,56.32210159301758,57.460430906136665,56.28630844031554,57.23133397285698,13909800
2019-05-02,55.33411407470703,56.20038689884217,55.29831546509032,56.04288175589016,15360400
2019-05-03,55.46298599243164,55.992771593386436,55.441509009732336,55.69208291139329,12180700
2019-05-06,55.21956253051758,55.59900921881645,54.91887387527779,55.06921820289769,13367100
2019-05-07,54.92603302001953,54.976147794369524,54.24589769715456,54.76852788289079,13498800
2019-05-08,55.01194381713867,55.334114922321284,54.71125515531572,54.797168542451296,11352900
2019-05-09,54.96182632446289,55.040578893254015,54.38192601072893,54.661137677497194,13221600
2019-05-10,55.439754486083984,55.60630790883735,54.43320762930099,55.164585271001975,11056000
2019-05-13,54.82425308227539,55.20080632731578,54.570806970062186,54.78080675581338,12176100
2019-05-14,54.89665985107422,55.61355731261175,54.86045642429708,55.128382776347166,10548400
2019-05-15,55.302188873291016,55.432533387054,54.46218966799371,54.72287869551968,8918000
2019-05-16,55.29494094848633,55.722177884090314,55.19356250530196,55.32390700721197,8105200
2019-05-17,54.96908950805664,55.25150171097388,54.737361008522996,54.78081286454131,9279400
2019-05-20,54.96183395385742,55.29493530815835,54.795280514351845,55.07045528182104,7154300
2019-05-21,55.21528625488281,55.36735392127522,54.983563307326165,55.2297665220441,8489900
2019-05-22,54.71561813354492,55.19354970460822,54.5925165560442,55.048719444569564,7858300
2019-05-23,53.43391418457031,54.16529197023199,52.89081301718715,54.14356328277962,14657200
2019-05-24,53.65840530395508,53.76702666478592,53.18047905089607,53.687371368490766,7056400
2019-05-28,52.57944107055664,53.767021989699,52.492542884505454,53.75977909301688,14912900
2019-05-29,52.25357437133789,52.44908835349543,51.86254088231223,52.05805486446978,13645200
2019-05-30,52.11598587036133,52.2318445731382,51.797364769481646,52.15218929791828,9362100
2019-05-31,51.247013092041016,51.811842829700765,51.145634670470976,51.55115388146076,13983300
2019-06-03,52.050811767578125,52.14495283522846,51.391851917578535,51.47874456499664,11831000
2019-06-04,53.28907775878906,53.339772498966084,52.26080765948341,52.46356452135099,10423000
2019-06-05,52.84737014770508,53.325296333407074,52.55771506788298,53.325296333407074,10617800
2019-06-06,53.81045150756836,54.03493703688337,53.289073603585976,53.37597176248627,11738900
2019-06-07,54.005985260009766,54.28115454886851,53.897363913848544,53.95529603509602,9095500
2019-06-10,54.24494171142578,54.54907700817611,53.91183483436376,54.447698575926005,7760400
2019-06-11,54.194244384765625,54.8966560066338,54.179764120010894,54.67941888705319,9415100
2019-06-12,53.607696533203125,54.0276960288208,53.448385998678496,53.93356049692438,7920800
2019-06-13,54.078399658203125,54.43322424578093,53.861156957810216,54.09287992669734,8986400
2019-06-14,53.83942413330078,54.172525496019354,53.75253148850226,54.07838995591749,8575900
2019-06-17,54.37527847290039,54.447696371327005,53.61494026181082,53.70183842509677,9355700
2019-06-18,54.84597396850586,55.193561139904084,54.563561808805716,54.61425102914393,10091500
2019-06-19,54.54183578491211,54.925626365152915,54.43321445425462,54.599767897890814,9757400
2019-06-20,55.47597122192383,55.736660209531536,55.09218063592094,55.20803933890745,16229700
2019-06-21,56.25802993774414,56.30871914875329,55.66423966961853,55.859753619308215,23108100
2019-06-24,55.72216796875,56.308720885327766,55.62078954360516,56.14216745846993,10011800
2019-06-25,55.22976303100586,55.91769445896688,55.17183644131134,55.81631602111334,9740000
2019-06-26,55.46873474121094,55.85252537159739,55.37459918885367,55.526666861759,11365500
2019-06-27,54.903900146484375,55.57734572940564,54.86045382652496,55.461481509900445,8147800
2019-06-28,55.49045181274414,55.562869717833735,54.990802520830954,55.17183623413397,14781300
2019-07-01,55.439754486083984,56.43182107879305,55.24424053518276,55.852511071061826,11437900
2019-07-02,54.83149337768555,55.229764242356694,54.60701333533071,55.135628697916744,10475400
2019-07-03,55.35287094116211,55.39631726522745,54.76631794272709,54.90390533521478,5246100
2019-07-05,55.12838363647461,55.287694185968554,54.73735015809231,55.17183548387958,6880800
2019-07-08,55.381839752197266,55.541144789927216,54.976320450154056,55.13563101259487,7876100
2019-07-09,55.34563064575195,55.59183385996977,54.8387384254736,55.36011091288383,7863000
2019-07-10,56.127685546875,56.214578180329234,55.57009870023194,55.61355054166871,8077400
2019-07-11,56.171142578125,56.20010863637151,55.794594870341804,56.055283869849674,6404000
2019-07-12,56.214576721191406,56.39561040246825,56.12044119582287,56.301474877099714,6139000
2019-07-15,55.81631088256836,56.29423697063485,55.678723504700585,56.21458170183877,7116400
2019-07-16,54.98356628417969,55.80907967483862,54.882187834429374,55.7004583287601,10197400
2019-07-17,54.6577033996582,55.005285049659854,54.56356232905343,54.8459744914463,7419300
2019-07-18,54.194244384765625,54.50562256173678,53.71631830192033,54.3318317611303,11424500
2019-07-19,54.3028678894043,54.4911444870425,53.9770094345818,54.237698408323865,11243100
2019-07-22,54.360809326171875,54.52736279202341,53.94805263438716,54.48391093913847,8368800
2019-07-23,54.578041076660156,54.86769057270887,54.12907551824865,54.41873053900736,8551200
2019-07-24,54.57080841064453,55.0704632769913,54.20149805183557,54.592531574449,8260200
2019-07-25,54.259429931640625,54.87494351045732,54.165294380667575,54.87494351045732,9083900
2019-07-26,54.17251968383789,54.368039163078,54.02045204704546,54.21597152628557,7677300
2019-07-29,54.55632781982422,54.585293882562205,54.0928818654396,54.22322638540475,7091900
2019-07-30,54.56356430053711,54.71563196849616,54.230462905287155,54.35356451391435,6961200
2019-07-31,53.84666442871094,54.788041883118304,53.774252053305005,54.33907631606539,13104600
2019-08-01,52.47080612182617,53.7814883213558,52.33321874407754,53.39769776733066,17132800
2019-08-02,51.95667266845703,53.05011777954829,51.54391604734062,52.57942904764462,21376700
2019-08-05,50.89219284057617,51.35563867042206,50.407023850692205,51.25426024043765,19080900
2019-08-06,51.38460922241211,51.420818175451195,50.89219729451759,50.899440190067516,12282400
2019-08-07,51.051509857177734,51.32667912708649,50.2549625813696,50.58806396853625,15231100
2019-08-08,52.41288375854492,52.43461244700077,51.13841027135349,51.3049582098711,14304100
2019-08-09,51.29771423339844,52.31874710559022,51.02978785324015,52.23184892772999,13686600
2019-08-12,51.048439025878906,51.437007184785166,50.828500800535906,51.36368884960051,9542600
2019-08-13,51.67894744873047,51.77425906329358,50.52791986776574,50.78451730427292,12403300
2019-08-14,49.596824645996094,50.65254036767525,49.596824645996094,50.63788005758946,18114400
2019-08-15,49.303585052490234,49.53085629406929,48.775724213489,49.457543531631394,12874400
2019-08-16,50.073387145996094,50.19068645683043,49.318249410113744,49.69215180062171,12649000
2019-08-19,50.91648483276367,51.06311594134835,50.48393564759982,50.56458135897017,10032800
2019-08-20,50.60856628417969,50.80651687611783,50.373962111315564,50.80651687611783,9743500
2019-08-21,51.11443328857422,51.30505092504225,50.85783585106223,51.29038501809607,10134200
2019-08-22,51.00444793701172,51.29037151976358,50.76984382825626,51.25371794885367,8972000
2019-08-23,49.47951889038086,50.975122195036114,49.142275830517896,50.45459449872132,15371900
2019-08-26,49.74345397949219,50.04404349690154,49.508849846096204,49.94140453812852,7343900
2019-08-27,49.25959014892578,50.17601350729452,49.0982987429082,49.94873671090416,9490900
2019-08-28,49.61882400512695,49.83876783726422,49.23759436861356,49.50885208905832,9647400
2019-08-29,50.16868209838867,50.344633822457794,49.91941202867,50.073376079810494,9004100
2019-08-30,50.20534896850586,50.64523114282194,49.89742641241982,50.30065500169599,9180800
2019-09-03,50.26398468017578,50.35196333289704,49.58216550344719,49.772783120974566,9849700
2019-09-04,50.79917526245117,51.03377939532056,50.652544183530466,50.953133700265106,6959200
2019-09-05,51.51765060424805,51.72293412522481,51.099761796430954,51.20240076021732,9901500
2019-09-06,52.00152587890625,52.0161861911498,51.407685348470075,51.57630410958952,10418500
2019-09-09,52.412071228027344,52.83729291203904,52.03817461008193,52.170139767416494,12840200
2019-09-10,52.837303161621094,53.409150423198966,52.50739300098897,52.88862264423951,13810800
2019-09-11,52.73466873168945,53.40182206310569,52.456078029716295,53.35783552947955,10525700
2019-09-12,52.771324157714844,52.903289342626216,51.832901957565,52.038185484519275,9100700
2019-09-13,53.25518798828125,53.313840419283764,52.82996625361854,52.97659733112482,7337200
2019-09-16,54.0543212890625,55.11737021541349,53.959009673916164,55.01473124018255,19830200
2019-09-17,53.64374923706055,54.31090803816218,53.2478537276272,54.12029043878978,14452200
2019-09-18,53.38715744018555,53.497129358778324,53.02792105995966,53.262525209368995,7292200
2019-09-19,53.02793502807617,53.65843489445732,52.925296035261155,53.49714345048927,8050200
2019-09-20,52.84465408325195,53.15257108366401,52.68336262777725,53.14523812839534,19736600
2019-09-23,52.88128662109375,53.04991096470888,52.39008508835106,52.43407161564032,7495200
2019-09-24,52.15548324584961,52.69067692280519,51.92087910099056,52.64668480017885,13307100
2019-09-25,52.30942916870117,52.397407799487816,51.92086667118152,52.03817151223038,8035200
2019-09-26,52.03084945678711,52.30944012251216,51.81823858291648,52.2141341142545,8420200
2019-09-27,52.40475082397461,52.54404335774246,51.78157852456714,51.832898004040295,8224000
2019-09-30,51.766929626464844,52.38276351591672,51.744936358042274,52.22880504355375,9768900
2019-10-01,50.5499153137207,51.98687220691221,50.5205946854885,51.9282197636381,10279100
2019-10-02,49.23027038574219,50.28598642950254,49.12763140361833,50.05138224273302,14503700
2019-10-03,49.83876037597656,49.85342068566907,48.614414764033285,49.12028214617394,10788400
2019-10-04,50.5645751953125,50.63788794396582,49.72146460228886,49.93407548876642,10534800
2019-10-07,49.868099212646484,50.60857097419074,49.868099212646484,50.366633825358676,10993000
2019-10-08,48.90033721923828,49.79476711173976,48.856350697771994,49.51617648678153,9748700
2019-10-09,49.4428825378418,49.6334945988829,49.26692519831979,49.34024355315654,8580900
2019-10-10,50.03672409057617,50.117369807645126,49.39889130832315,49.43555048641095,7100100
2019-10-11,50.57191467285156,50.9458114172439,50.50592927516739,50.57191467285156,10101900
2019-10-14,50.71853256225586,50.85783069710496,50.28597784565269,50.29331079838266,6234600
2019-10-15,50.89448547363281,51.31970724752935,50.593901525467466,50.63055510317318,6645700
2019-10-16,50.02206039428711,50.975137432691575,50.007394486681186,50.74053325164072,9765800
2019-10-17,49.95606231689453,50.49858329910715,49.9120757920513,50.205332342280954,9757200
2019-10-18,49.567501068115234,49.963396582322446,49.567501068115234,49.75811866978618,13472700
2019-10-21,50.39594268798828,50.41793594968653,49.72145656002669,49.72145656002669,10199300
2019-10-22,50.65254211425781,51.14374921682056,50.32996494061776,50.425270942969945,9536000
2019-10-23,51.13642120361328,51.143754156318906,50.42527581307717,50.55724099475814,8641800
2019-10-24,50.65254211425781,51.35636007751713,50.60122263708302,51.290374696347534,9003600
2019-10-25,50.769866943359375,50.9384913452084,50.51326945655062,50.51326945655062,7607200
2019-10-28,50.322635650634766,51.07776755261686,50.278649122256446,50.923809109888815,11209600
2019-10-29,50.17600631713867,50.608555395470944,50.02937524476914,50.205332531612584,13894400
2019-10-30,49.64815902709961,50.124700352306014,49.31824322038518,50.124700352306014,12840600
2019-10-31,49.538169860839844,49.64814175816018,49.22292007166983,49.45752417569847,16169100
2019-11-01,51.026451110839844,51.03378406380762,50.080701540549704,50.13935397748342,14108700
2019-11-04,52.54405975341797,52.690690878669685,51.27573268207226,51.37103871843175,15858200
2019-11-05,53.58509826660156,53.60709712333872,52.676007957261646,52.815306082911846,14930400
2019-11-06,52.412071228027344,53.423805965393306,52.19946038602149,53.32116702006676,13996500
2019-11-07,53.52644729614258,53.54110760609842,52.785975791799146,52.80796905343454,13073800
2019-11-08,52.509925842285156,53.27417005173805,52.42831324447261,53.133192030240956,12106000
2019-11-11,52.19089126586914,52.39122911572681,51.91636217949736,52.094435865368304,8674000
2019-11-12,51.471168518066406,52.24282860546187,51.18179669290056,52.138946169458535,13918600
2019-11-13,51.04823684692383,51.307928768587765,50.89983741964492,51.21146772564164,11773700
2019-11-14,50.82564926147461,51.174380899371286,50.58821579792841,51.09276261557162,11279800
2019-11-15,51.33761978149414,51.419238068973506,50.95178684779885,50.98146673968776,11252800
2019-11-18,50.84048843383789,51.063084791547325,50.67725752049291,50.97404511629145,10095600
2019-11-19,50.321102142333984,50.87016596208357,50.291422251961,50.751452061451886,12605500
2019-11-20,50.47690963745117,50.85532110602886,49.950104400457604,50.20979632561508,16930700
2019-11-21,51.69376754760742,51.753127331827535,50.395301987310674,50.46949888715552,14080900
2019-11-22,51.471168518066406,52.0721706686632,51.44148863075969,51.723439068883934,12143600
2019-11-25,51.12984848022461,51.52309700496752,50.981449072207454,51.47115862737616,10670000
2019-11-26,51.00371551513672,51.22631183141611,50.781124859716805,51.13727217273246,15457000
2019-11-27,50.97404098510742,51.263412830161265,50.758871693850004,51.018563649557294,8393900
2019-11-29,50.55111312866211,50.84790636514396,50.454657732671066,50.69951257733311,7980800
2019-12-02,50.766292572021484,51.107602842851044,50.729196952219084,50.8256523567381,11116900
2019-12-03,50.36561584472656,50.64015056702881,50.09850250974597,50.454655510006724,12245800
2019-12-04,50.93693161010742,51.01854986854891,50.55852019922949,50.64013845767098,11049700
2019-12-05,50.758872985839844,51.17438012554761,50.610473535329774,51.11502034534358,13109000
2019-12-06,51.57505798339844,51.84217137402317,51.0185726964071,51.0185726964071,13710800
2019-12-09,51.68635940551758,51.91637152705045,51.21148672292681,51.256009398056165,12397700
2019-12-10,51.241153717041016,52.04991512472069,50.97404037696883,51.686346391068,14281800
2019-12-11,51.16695785522461,51.76054432530564,50.951782901341744,51.003721292909326,13748400
2019-12-12,52.19089126586914,52.220571156991035,51.12244348978311,51.166960496035735,17068500
2019-12-13,51.36729431152344,52.33928661076869,51.285676032563615,52.29476960801241,12274500
2019-12-16,51.938621520996094,52.12411659785679,51.71602516441905,51.71602516441905,15208700
2019-12-17,51.70117950439453,52.22056336942171,51.42664479810326,51.923775824183075,14450700
2019-12-18,51.84215545654297,52.1537857629693,51.40438422154082,51.664076143562774,13652300
2019-12-19,51.48601150512695,51.97572121026723,51.37471333024413,51.93119854379791,13273200
2019-12-20,51.89409255981445,52.1092674787089,51.48600122038375,51.834732790286495,35092000
2019-12-23,52.15378952026367,52.161210907387336,51.58988297691977,51.834737804263014,14172500
2019-12-24,51.953453063964844,52.3096060641159,51.87184044689137,52.19830789776495,3979400
2019-12-26,52.035064697265625,52.30959938442653,51.946030704242006,52.07958735463661,8840200
2019-12-27,51.85700225830078,52.168632622955,51.84958087032509,52.0870143378036,10516100
2019-12-30,51.55278396606445,52.26508423978774,51.493424194706,52.00538665530936,12689400
2019-12-31,51.77538299560547,51.7902257712766,51.2040606711929,51.21147639816819,13151800
2020-01-02,52.60639572143555,52.6954297197931,52.11668608703096,52.11668608703096,12456400
2020-01-03,52.183475494384766,52.9551356803169,52.057340202869234,52.932871516349095,17386900
2020-01-06,52.58415222167969,52.94772102735463,52.10928522545005,52.17606074326619,20081900
2020-01-07,52.15378952026367,52.32444179808975,51.57504586353218,52.309604684702165,17387700
2020-01-08,51.36729431152344,52.153791551470896,51.32277164790719,52.02023488234209,15137700
2020-01-09,51.760536193847656,51.86441296066402,50.92209501201082,51.300506468761434,14811800
2020-01-10,51.300506591796875,51.908930082120186,51.2856694797272,51.88667158358604,11995600
2020-01-13,51.790218353271484,51.84215673896067,51.278250222292726,51.34502572066762,9953900
2020-01-14,51.34503173828125,51.62698786009009,51.1150196691089,51.47858841154329,16261000
2020-01-15,51.263404846191406,51.63439491395377,51.11501108343013,51.34502311396786,11390300
2020-01-16,51.063087463378906,51.62699411445101,51.04825034715685,51.41924052217729,13340300
2020-01-17,50.87016296386719,51.255995855115295,50.66983079173217,51.01114101961476,18144100
2020-01-21,50.14301681518555,50.76627738568451,50.09107843431064,50.73659750220471,17982600
2020-01-22,49.85365295410156,50.23205879170321,49.71267490037163,50.1281820134369,17033100
2020-01-23,49.542022705078125,49.66074227164473,49.00780163810994,49.4975056980459,19605900
2020-01-24,49.208126068115234,49.4752393898929,49.00037252025697,49.37136261596376,18238600
2020-01-27,48.035804748535156,48.77036934752813,48.00612485617437,48.54035159694721,21231000
2020-01-28,47.969032287597656,48.37711809657964,47.954189510042816,48.31034258016589,19664700
2020-01-29,47.56835174560547,48.3251690694987,47.41253658071156,48.25097218062442,14202800
2020-01-30,48.07290267944336,48.13967818695667,47.063809052933685,47.32350101691921,18544700
2020-01-31,46.0918083190918,46.893148277835586,45.89889471629965,46.893148277835586,34282900
2020-02-03,45.06045913696289,45.572424477943294,44.79334580064965,45.54274741979846,27389300
2020-02-04,44.49655532836914,45.935995956569684,44.43719555132336,45.594685729846354,31922100
2020-02-05,46.54441452026367,46.692811116510335,44.96399600653152,45.07529416132393,32099200
2020-02-06,45.91374588012695,46.75218165651881,45.83954614520479,46.69282469901155,16055400
2020-02-07,45.60952377319336,45.75049899215657,45.3053120045876,45.565003942264525,15112500
2020-02-10,45.12784194946289,45.54931716379296,44.871946796309814,45.5192111761126,20934500
2020-02-11,45.55683898925781,45.827787117005506,45.28589086151012,45.59447290671762,14908700
2020-02-12,46.1137809753418,46.30946410841773,45.57941273591874,46.16646500621087,17862100
2020-02-13,45.85789108276367,46.226679340682345,45.579417906428084,45.95573409593308,16949400
2020-02-14,45.64716339111328,46.03100471224311,45.368687292127795,46.02347965032752,10855300
2020-02-18,45.067630767822266,45.45147204432662,44.74399859283835,45.27084186870041,18948500
2020-02-19,45.413841247558594,45.62457741064018,45.029999968936444,45.24073613201802,12804900
2020-02-20,45.052574157714844,45.56436439934245,44.94720608521468,45.33104733090307,14817200
2020-02-21,44.50315475463867,44.789153000363655,44.247259622998314,44.789153000363655,20315700
2020-02-24,42.418357849121094,43.50214735211066,42.418357849121094,43.366673305353906,32096600
2020-02-25,40.79268264770508,42.711894975473676,40.61957751479926,42.711894975473676,36414500
2020-02-26,39.897037506103516,41.259303021342305,39.83682841423246,41.0560919530317,29801000
2020-02-27,37.49614715576172,39.468043303888265,37.4810941627452,38.91862197857711,48141300
2020-02-28,38.71541213989258,38.71541213989258,36.13388261034303,36.70588487933383,62446700
2020-03-02,40.55183792114258,40.55936298250598,38.48209864734113,39.5809413545583,38127600
2020-03-03,38.610042572021484,40.755046691673414,38.36920042730521,40.60451963345953,50580700
2020-03-04,39.45298767089844,39.49814664692621,38.474566158813914,39.30998855340747,24079600
2020-03-05,37.71440124511719,38.15845437260374,36.90908499424455,37.94771539733047,40788200
2020-03-06,35.89303970336914,36.88651428544276,35.52425141892168,36.7585681499183,55640500
2020-03-09,31.505189895629883,33.544822827507595,30.707398589652133,31.392293897336934,72896300
2020-03-10,32.67176818847656,34.81676910557625,31.196609562293464,34.74903208340129,60445900
2020-03-11,31.595510482788086,32.724459178380606,31.422405360658367,31.904089678074108,51986100
2020-03-12,27.98287010192871,30.594505191101973,27.847396053604395,30.030030946772154,65725300
2020-03-13,28.690345764160156,30.210663529135918,26.34213352261384,30.11282051501095,79891500
2020-03-16,25.958293914794922,28.509717406966274,25.02502843326332,25.890556880884848,48924700
2020-03-17,27.70440101623535,28.133401275279084,25.740029897948325,26.500187395409966,41204400
2020-03-18,24.927186965942383,27.629137687479666,23.504712036272977,26.00345164341962,54036400
2020-03-19,25.91313362121582,26.266871766039007,24.34765685959084,25.38629036985877,49412400
2020-03-20,24.64118194580078,26.477603663145537,23.75307419611837,26.22170857481301,76534600
2020-03-23,23.6702880859375,24.611078527579973,22.66176061765419,24.483129534563016,56952500
2020-03-24,26.673288345336914,27.222709593546533,25.085236564324465,25.90560303561453,61835600
2020-03-25,28.06566619873047,29.044087860038427,26.477611187860617,27.478610905093618,56607700
2020-03-26,29.217195510864258,29.77414486398377,27.63666829620039,28.22372076946434,46722000
2020-03-27,27.80976676940918,28.359188057425218,27.24529248939843,27.945240826296935,51558600
2020-03-30,28.223716735839844,28.712928974353705,26.98939998329617,27.26787318452494,45835000
2020-03-31,28.577457427978516,29.691353202325374,28.125876197687504,28.855930653798932,41491600
2020-04-01,28.24629783630371,29.126879386369342,27.35066616222658,27.742035421026277,36045900
2020-04-02,30.40635108947754,31.580455833878226,28.524770028768902,29.156981380009597,62000200
2020-04-03,29.510717391967773,31.746036665736334,28.99140204003964,31.19661532704181,48425700
2020-04-06,30.45903968811035,30.729987860773925,29.525774079054177,30.014986376481772,41301900
2020-04-07,31.038564682006836,32.60403874460527,30.978352705605136,32.28793448169152,48921800
2020-04-08,33.002933502197266,33.145935512623474,31.211670245111378,31.572933495390846,33355600
2020-04-09,32.46103286743164,35.15545508853911,31.414874398716826,34.21466468558485,60107300
2020-04-13,32.18256378173828,33.635144706859954,31.58798630084888,33.454514518332694,29651900
2020-04-14,31.93419075012207,32.92766521963504,31.542821584698093,32.36319095872701,30769000
2020-04-15,30.466564178466797,30.90309241980283,29.63866955181151,30.857933434851276,33125000
2020-04-16,29.46556282043457,30.466562528598775,29.299982755644145,30.466562528598775,30934000
2020-04-17,32.528778076171875,32.60404017891987,30.007457439201577,30.014985372115486,40829100
2020-04-20,30.993398666381836,32.16750610018957,30.511714448736942,30.669766544327096,39260800
2020-04-21,30.82781982421875,31.70840115116963,29.826820309294984,30.406347553120117,44381600
2020-04-22,31.708417892456055,32.3105235055404,31.505206709715207,32.06215332516847,27074200
2020-04-23,32.70187759399414,33.61256208776796,32.22019332856219,32.461035461278165,35271000
2020-04-24,32.91261672973633,33.78567025784242,32.4610384076716,33.41688196473805,28653800
2020-04-27,33.0706787109375,33.35667993137935,31.783677525547883,32.807258423073826,28274400
2020-04-28,33.84588623046875,34.161990519044664,33.198621786929166,33.394304983990644,26545100
2020-04-29,35.71994400024414,35.825312109278656,34.74152215355356,34.81678426827374,29502500
2020-04-30,34.97482681274414,35.8855112825383,34.44798358465124,35.8855112825383,37076300
2020-05-01,32.468563079833984,34.914618515680395,32.36319499735253,34.3426191231818,35399300
2020-05-04,33.77814865112305,33.8233047653087,31.776146242043687,31.994407493093263,27465600
2020-05-05,33.74051284790039,35.48661983681683,33.612563843238796,34.81677456971053,29276200
2020-05-06,33.10829544067383,34.071663845576786,33.04055842026257,33.815768754141395,22659000
2020-05-07,33.29645919799805,34.071669664265706,33.0932481020603,33.83835258276722,22160300
2020-05-08,34.75656509399414,34.78667107959738,33.853405623350454,34.10177569798002,19977400
2020-05-11,34.425411224365234,34.7716214793871,34.25230322578921,34.70388444070325,22258000
2020-05-12,33.84998321533203,35.0391819784435,33.84998321533203,34.84737563191802,25439100
2020-05-13,32.16977310180664,33.658189872253,31.91658722174597,33.558452640774895,30827900
2020-05-14,32.45363998413086,32.64544637047529,30.842467509530927,31.50995291452425,24856500
2020-05-15,32.223472595214844,32.99836910081337,32.10838759382438,32.51501911913302,22445600
2020-05-18,34.786006927490234,34.970142349229505,33.803959149502774,34.06481595637235,32026100
2020-05-19,33.71189498901367,35.775733920718935,33.70422402005308,34.94712878975913,21771600
2020-05-20,34.809017181396484,34.97013674713251,34.195237418479756,34.233598104899656,19352400
2020-05-21,34.187564849853516,35.131251739879055,34.057135010058495,34.8627210940576,19130700
2020-05-22,34.21825408935547,34.27195963701512,33.335946572994814,33.79628067485839,15406400
2020-05-26,35.22331619262695,35.522533615022404,34.88573808754304,35.092889286139695,20356500
2020-05-27,35.47651290893555,36.16701419050485,34.83971425830825,35.798746254987876,20788300
2020-05-28,34.55583572387695,35.64529448179994,34.471440454259536,35.6222786543526,19698000
2020-05-29,34.885738372802734,35.05452596335862,34.04178871309327,34.387040713577484,25874700
2020-06-01,35.5071907043457,35.63762054472017,34.37169745943149,34.77065502008772,19031000
2020-06-02,36.29743576049805,36.4048468512773,35.86778847064832,35.95218373532708,22319000
2020-06-03,37.778194427490234,37.900950421354196,36.78847258067429,36.8268332799942,23418000
2020-06-04,37.670772552490234,37.7091361705806,36.94958160408173,37.50198492517182,18731400
2020-06-05,40.72433090209961,41.008203517316495,39.58883458776604,39.6271982041122,41328900
2020-06-08,41.99791717529297,42.47359607539628,41.0158667317711,41.982572317001576,33579400
2020-06-09,41.06190490722656,41.40715693222573,40.24097394041339,40.57088110577563,27276900
2020-06-10,38.85997772216797,41.04656950649342,38.82161410086864,41.04656950649342,31156800
2020-06-11,35.43046951293945,37.47128897754209,35.36909007557629,36.46622264121523,39183000
2020-06-12,36.19002914428711,37.302506818805334,35.223326202838614,36.85751750503803,30978100
2020-06-15,36.16701126098633,36.6426902733242,34.3333427001389,34.793676850564815,27929300
2020-06-16,36.98027420043945,38.16947328528767,36.2437383329283,38.031372444287655,26203400
2020-06-17,35.775718688964844,36.9265567074984,35.75269993841612,36.826816593073744,19279400
2020-06-18,35.99821472167969,36.312779948475814,35.11590725893224,35.37676401459946,21478700
2020-06-19,35.27702713012695,37.02630028355596,35.27702713012695,36.99561348875047,48899900
2020-06-22,35.6146125793457,35.62995744325695,34.8320450070069,35.05453821688613,17565400
2020-06-23,35.829437255859375,36.22839493187824,35.675991545585426,35.982882966133324,18916600
2020-06-24,34.14154815673828,35.26169712418361,33.94974170641953,35.22333641946669,27626900
2020-06-25,34.65557098388672,34.70927945614012,33.52007770801244,33.79627932882319,19353600
2020-06-26,33.46638107299805,34.47911866779284,33.374314817125835,34.43308700322349,31518600
2020-06-29,34.0034294128418,34.202909655336775,33.40499453882212,33.612145747536466,17052100
2020-06-30,34.3103141784668,34.50212049131291,33.11344173268351,33.32059290176516,22153600
2020-07-01,33.53542709350586,34.816695245907866,33.50473737000007,34.133864994936246,17290100
2020-07-02,33.819297790527344,34.67091554505105,33.704212807269506,34.2335972914436,18216600
2020-07-06,34.05714416503906,34.586531706023834,33.63517066729667,34.27196639805699,22692000
2020-07-07,33.174827575683594,33.75791759177924,33.075087454222746,33.681196222490975,17407600
2020-07-08,33.09811019897461,33.70421909395269,32.8679431162597,33.10578409354728,18291400
2020-07-09,31.732450485229492,33.06742135664318,31.678744928720512,32.91397858189371,25882000
2020-07-10,32.72215270996094,32.768184344293665,31.532951426351385,31.548296280039487,18951000
2020-07-13,32.72983169555664,33.213184461641646,32.399924577230784,32.97534356127836,20028300
2020-07-14,33.81161880493164,33.90368502163196,32.42293995551231,32.630091138137225,21444100
2020-07-15,34.24126434326172,34.594187262197956,33.91902821056142,34.54815269274588,17332400
2020-07-16,33.972740173339844,34.37937163028057,33.59680136190706,33.995758925787634,14673700
2020-07-17,33.38964080810547,34.287292880631036,33.289900713358676,34.011094269129835,17958900
2020-07-20,32.60708236694336,33.38197880131295,32.59173750638626,33.15181174642228,18553900
2020-07-21,34.256622314453125,34.67092189120262,33.07509425343939,33.1057839781566,28821800
2020-07-22,33.458709716796875,33.873012253521566,33.27457428045252,33.873012253521566,21345400
2020-07-23,33.52775573730469,33.6198219800216,33.00604215068706,33.297588667145874,17934400
2020-07-24,33.32059860229492,34.08015009214059,33.13646322269844,33.665850609830485,16415300
2020-07-27,33.81161880493164,33.82696366217041,32.9676721439255,33.16714943456489,18547900
2020-07-28,33.41266632080078,33.94972469797977,33.34361591621016,33.68886793916327,19190500
2020-07-29,33.78094482421875,33.826979417376045,33.25156017321115,33.53543284751375,14143200
2020-07-30,32.12372589111328,33.12879219410132,32.09303910018227,33.09043151038813,29901100
2020-07-31,32.284847259521484,32.353894738045376,31.38719199118541,31.578998347261276,32116200
2020-08-03,32.41527557373047,32.607081938072064,31.816840653539188,32.26182989691061,23033600
2020-08-04,33.351280212402344,33.45101738065254,32.407593572368086,32.48431492128852,17724000
2020-08-05,33.64284133911133,33.99576733890214,33.3973293816163,33.87301136015463,17175100
2020-08-06,33.48172378540039,33.681204074828344,33.182506277991784,33.2975912854874,14434900
2020-08-07,33.328277587890625,33.38965703810292,32.84492758776855,33.16716092118327,18757900
2020-08-10,34.149208068847656,34.21825848567198,33.45103293283868,33.75025335689957,24367800
2020-08-11,34.50212860107422,35.61460313568431,34.31799320969863,34.908757143332174,28987500
2020-08-12,34.49430465698242,35.15931046834172,34.13441922929318,34.783777458865416,22503200
2020-08-13,33.649349212646484,34.322180228459864,33.57893659507367,34.032707460425286,17338700
2020-08-14,33.797996520996094,33.8605838504124,33.17993060148151,33.328578120256864,13595700
2020-08-17,33.359886169433594,33.774536713532214,33.22688617773086,33.774536713532214,15554600
2020-08-18,33.19558334350586,33.7901764955663,33.08605326163716,33.32076100628021,13014000
2020-08-19,32.8278694152832,33.375522755077455,32.75745680038865,33.132989751669406,14473100
2020-08-20,32.3271598815918,32.77310546250014,32.311512301712646,32.61663264817933,15678500
2020-08-21,32.08462142944336,32.342801976962505,31.849913739997895,32.31150682251106,25517700
2020-08-24,33.031288146972656,33.258170608421,32.14721922683728,32.29586676840287,18208900
2020-08-25,31.982927322387695,32.913936094338524,31.84210206485279,32.5931681153915,31285600
2020-08-26,31.302265167236328,31.95162628932822,31.29444286968599,31.795153478085663,26795000
2020-08-27,31.091041564941406,31.52916201373691,30.75462594348959,31.294454204100504,32034300
2020-08-28,31.834280014038086,32.01422275372267,31.10668377104698,31.169274107183266,33477100
2020-08-31,31.247509002685547,31.85775284134334,31.216216819129148,31.79516250528757,25259600
2020-09-01,30.8485050201416,31.098860387015208,30.551206902802424,31.098860387015208,22464100
2020-09-02,30.66073226928711,31.075385706539514,30.472967265355123,30.69202743143275,26413400
2020-09-03,30.598155975341797,31.31792705770191,30.41821320475177,30.668568623352854,28817200
2020-09-04,30.574670791625977,31.130146412224775,30.238255306593913,30.871965837189258,24632500
2020-09-08,29.87055015563965,30.261730746484098,29.221188942291757,29.92531519960019,38496400
2020-09-09,29.690610885620117,30.38691194056756,29.667138018006654,30.00355360390935,25886100
2020-09-10,28.947370529174805,30.019204764467833,28.869135586398173,29.9409698216912,34381200
2020-09-11,28.869131088256836,29.18989907881652,28.548363097697152,29.049073816183363,26838600
2020-09-14,28.681360244750977,28.955185459239864,28.548360278990945,28.876950536377613,26129900
2020-09-15,28.376237869262695,29.244659180451862,28.329295128168138,28.790888303283516,23724200
2020-09-16,29.581079483032227,29.847082423329663,28.376242460245532,28.524890021055082,30890900
2020-09-17,29.5732479095459,29.71407314119136,28.92388977204351,29.221184830432247,24696200
2020-09-18,29.09601593017578,29.58890438919132,28.712660561086,29.36201889390955,46853800
2020-09-21,28.501422882080078,28.720483094771666,27.914651897109124,28.501422882080075,35351800
2020-09-22,27.797292709350586,28.82218696418068,27.750352947026457,28.524888870086176,27303200
2020-09-23,26.905405044555664,28.000712075241626,26.874109875799707,27.891181969067343,31251400
2020-09-24,26.850637435913086,27.241818054716564,26.412514068443528,26.913227767467852,26796000
2020-09-25,27.100988388061523,27.335696124298803,26.50639525729569,26.600277754896446,23486000
2020-09-28,27.62517738342285,28.086770649851207,27.46087924932563,27.492174416246183,23396500
2020-09-29,26.819339752197266,27.468700950991863,26.592457282790317,27.382640745419472,20770500
2020-09-30,26.858457565307617,27.32004774182161,26.701984750919962,27.100987592361314,22223700
2020-10-01,25.91962432861328,26.678512573491677,25.77097380811846,26.435982540214063,36890200
2020-10-02,25.80227279663086,26.091745613715847,25.199854296312054,25.23114946152968,32694300
2020-10-05,26.396869659423828,26.404691958688662,25.950921005074605,26.068276385346184,22965200
2020-10-06,26.1230411529541,26.928872269782644,26.060453806093967,26.69416449623243,26731800
2020-10-07,26.209102630615234,26.396870649196018,25.98221714530095,26.318632731257605,23779300
2020-10-08,27.5860538482666,27.648644175109776,26.412512080196528,26.50639757046129,34413700
2020-10-09,27.17922592163086,28.125882136165053,27.108813303266373,27.914644281071592,29228600
2020-10-12,27.093172073364258,27.171407007897113,26.78022636628995,27.022759438496113,17912800
2020-10-13,26.772396087646484,27.280928979494846,26.678510612822016,27.17139891000352,20995100
2020-10-14,26.717641830444336,27.249647797838264,26.62375631774769,26.647229188157734,17743000
2020-10-15,26.95234489440918,26.96016719351978,26.029158406854165,26.36557397356343,23251600
2020-10-16,26.67851448059082,27.100990225138485,26.506397054067357,26.889752352864654,22627200
2020-10-19,26.146509170532227,26.889752887501974,26.123039290192157,26.67851501102819,23645800
2020-10-20,26.365575790405273,26.54551852706121,26.07610295182585,26.334280622863865,23040600
2020-10-21,25.943098068237305,26.302983515001106,25.92745048562089,26.216923302846453,28619300
2020-10-22,27.273117065429688,27.351352006431355,25.833572065908477,25.95874976219416,31831500
2020-10-23,26.7254581451416,27.44523199224686,26.49075038491181,27.359171783786017,27429100
2020-10-26,26.091745376586914,26.4203386394432,25.778802680668427,26.295160964181566,30888700
2020-10-27,25.67709732055664,25.974395446657752,25.58321480132999,25.935277979019272,27100700
2020-10-28,24.699142456054688,25.332856092478785,24.66002499356529,25.113792930490224,42136400
2020-10-29,25.79445457458496,25.919632270769593,24.339261991143786,24.573969798431012,38622800
2020-10-30,25.52062225341797,25.927450447431777,25.043381429969628,25.356327112894473,47885700
2020-11-02,26.59245491027832,26.960162595184865,25.48150060437008,25.927446189394516,40130300
2020-11-03,26.138690948486328,26.983642586159696,25.919630739225017,26.983642586159696,36773000
2020-11-04,25.99786376953125,26.70981238190617,25.45021030205717,26.02915893555178,35410100
2020-11-05,25.950916290283203,26.53768711609333,25.92744641228144,26.107389107393388,30824100
2020-11-06,25.645803451538086,26.33428225783629,25.520625758072196,25.896158838469862,33985600
2020-11-09,28.892602920532227,29.7375515688864,28.211949428181434,28.493596987985157,76879400
2020-11-10,29.533594131469727,29.99029894327791,28.828504767643825,29.685828049913667,49055400
2020-11-11,29.2291259765625,29.741917177760264,28.996766508370808,29.717881045353074,34124500
2020-11-12,28.22757339477539,29.07688554214749,27.939127644480113,28.73235345779213,30933700
2020-11-13,28.90862274169922,29.044831518955704,28.347756418313924,28.363781519722142,29241500
2020-11-16,30.575199127197266,30.583210151123833,29.725886936603185,30.118494351479768,38596800
2020-11-17,30.98383140563965,31.015881617210795,29.950238062519688,30.294770195718474,26521100
2020-11-18,29.814022064208984,31.352398385414855,29.806011040663424,31.264261844033793,31068000
2020-11-19,29.966251373291016,30.046373814205484,29.293212477593805,29.53358285681241,26954400
2020-11-20,29.597686767578125,29.97426904770556,29.46948899977583,29.926193738601246,18351000
2020-11-23,31.536672592163086,31.5927589088041,29.870099022044297,30.046372049473213,29367600
2020-11-24,33.635921478271484,33.71604699449398,32.225746013990694,32.45810236984613,46979300
2020-11-25,32.69847106933594,33.419582270787686,32.57027331864615,33.38753206899637,28178200
2020-11-27,32.20170211791992,32.80262964749664,31.945306616485226,32.610334549658354,14971900
2020-11-30,30.551156997680664,31.953321258060107,30.422959244704995,31.889220853334507,45614300
2020-12-01,30.847618103027344,31.769041684539324,30.823581976084306,31.216186313041753,32472900
2020-12-02,32.00138854980469,32.38598174917854,30.719411218558527,30.759472437070897,29369500
2020-12-03,32.217742919921875,32.56227511596937,31.833149480340772,32.105570215437005,27038900
2020-12-04,33.39554977416992,33.45964712823754,32.57027685551614,32.66642441485546,28723600
2020-12-07,32.77058410644531,33.28337513441819,32.586296965321665,33.18722452431656,24899400
2020-12-08,33.84424591064453,34.124677585734716,32.402017134534944,32.47412857334042,32573800
2020-12-09,34.29292678833008,35.0380770908306,33.95640887441379,34.22081537013728,37824800
2020-12-10,35.26243209838867,35.63100336891073,34.260886045126966,34.613432212019724,38058700
2020-12-11,35.09416961669922,35.19833125172792,34.62143980415442,35.014047162969874,25478800
2020-12-14,33.82821273803711,35.62298114347209,33.79616253810695,35.5268336001569,30595000
2020-12-15,34.4852294921875,34.62945234768496,33.70001786585442,34.00448562170412,27138400
2020-12-16,35.0140495300293,35.34255650288882,34.42113294033177,35.05411075960223,34273000
2020-12-17,34.83777618408203,35.28646989868384,34.7736788285537,35.254419692681736,21204600
2020-12-18,34.236846923828125,35.07814492369926,33.988462424009676,34.66951551455353,46596800
2020-12-21,33.61188888549805,33.71605053930058,32.474130887325444,32.93884976084733,27869500
2020-12-22,33.04300308227539,33.57181918568808,33.034989003593495,33.315423684425895,21792900
2020-12-23,33.46765899658203,33.964424919568934,33.21927450685077,33.25933573255566,19085900
2020-12-24,33.33144760131836,33.53175678896204,33.15517759459536,33.371511884027605,8039000
2020-12-28,33.44362258911133,34.09262238686855,33.26734952973254,33.40355830727027,23877500
2020-12-29,33.06703567504883,33.74808557947673,33.01094935616536,33.68398823924211,20287700
2020-12-30,33.33144760131836,33.98846149227158,33.06704106299603,33.11511636836175,23807300
2020-12-31,33.02698516845703,33.39555339966688,32.826675948476534,33.227294388437535,22786500
2021-01-04,33.25132369995117,33.85225123669728,32.850705342120435,33.2112624754632,27764700
2021-01-05,34.85380554199219,35.89541291241164,33.51574137105189,33.523752395292455,44035100
2021-01-06,35.74317169189453,36.13577598541055,35.014046376032034,35.58292373156171,36484800
2021-01-07,36.023616790771484,36.51237187700169,35.67908461708386,36.05566700610912,29528100
2021-01-08,36.424232482910156,36.712678285583166,36.015602966774416,36.2159122123555,28628200
2021-01-11,37.52993392944336,37.770304371567356,35.85534880169723,36.08770822022336,38246200
2021-01-12,38.363224029541016,38.59558041005226,37.58602325033002,38.02670293864944,36915100
2021-01-13,38.79588317871094,39.028242577017025,38.21098069973321,38.884019712997784,29000300
2021-01-14,40.31022262573242,40.927175299696124,38.859982985131325,38.859982985131325,35474800
2021-01-15,38.37123107910156,39.32470485746549,37.89049020645529,39.188493007780956,42411300
2021-01-19,39.132408142089844,39.613149032765165,38.73980073807337,38.81992625750328,24932600
2021-01-20,39.68525695800781,39.85351900567353,39.25259141730164,39.348738975627924,22342400
2021-01-21,38.54750442504883,39.573086590566135,38.20297234323112,39.52501433685498,29044500
2021-01-22,38.002662658691406,38.170921657521255,37.36968483664474,37.6661416045558,23264800
2021-01-25,37.578006744384766,37.69819042922571,36.9850901738184,37.578006744384766,26395800
2021-01-26,36.75273132324219,38.34719390716547,36.73670622039399,37.86644999114713,23976800
2021-01-27,36.336082458496094,37.38570361664913,35.67906862101874,36.05565084121017,32410300
2021-01-28,36.90496826171875,37.32962278941147,36.60850844382398,36.80881764465652,24967200
2021-01-29,35.927452087402344,36.88893669419633,35.66304252153199,36.49632938451847,38961100
2021-02-01,35.99155044555664,36.52036959220309,35.48677353435386,36.52036959220309,24412400
2021-02-02,36.56044006347656,37.65012272043784,36.28000531872779,36.70466294786709,31940400
2021-02-03,37.994651794433594,38.19496101660537,36.3921780170594,36.560440086605574,28459300
2021-02-04,38.72377014160156,38.763831364234164,37.858433061655546,38.36321302495739,25280300
2021-02-05,40.02177810668945,40.157986893319155,39.292652753056416,39.404825414157536,34980100
2021-02-08,41.74443817138672,41.95276146156287,40.63071945202311,40.798978454989694,36998700
2021-02-09,41.25553512573242,41.52443191554168,40.55476908504486,41.288126509564364,28977000
2021-02-10,41.65480422973633,41.89925668963325,41.05996877091387,41.25553260386041,25723800
2021-02-11,40.6118049621582,41.49998460642178,39.74806963110044,41.467390116559606,26972200
2021-02-12,41.16590118408203,41.3207203571094,40.26142424374223,40.277721489594875,19756700
2021-02-16,42.40446853637695,42.803740224147184,42.06223255276317,42.339279545828745,28060100
2021-02-17,43.064483642578125,43.40671957591089,42.208898471818756,42.657061836656354,25509700
2021-02-18,42.38816452026367,43.13781914157145,42.257789668367465,43.03189171141817,20627600
2021-02-19,42.67336654663086,42.82818884932804,42.30668623548257,42.46150853817976,22607200
2021-02-22,44.24600601196289,44.661577980707335,42.852624228627825,42.852624228627825,36435100
2021-02-23,44.85713577270508,45.02825216825249,43.789692736153825,44.80009697418927,33527900
2021-02-24,46.201637268066406,46.44608975033917,44.71047184195323,44.97122157082844,28728600
2021-02-25,45.43567657470703,46.64979487449981,45.101590831818804,46.42978673527367,29670900
2021-02-26,44.303043365478516,44.865287409702326,43.284488918269,44.335637853800776,35291000
2021-03-01,45.957183837890625,46.94314392413767,45.73717567586839,46.01422264563173,36998300
2021-03-02,45.68828582763672,46.41349622039571,45.64754426447604,46.160896663770274,30302600
2021-03-03,46.05496597290039,47.2283397736254,45.5334665059115,45.97347973844462,35358900
2021-03-04,47.83946228027344,48.45874509574091,46.52756371663505,46.5438609600296,52137500
2021-03-05,49.64841842651367,49.74619878349889,48.16540339398159,48.75209175265591,51429800
2021-03-08,49.59954071044922,50.202526483752536,48.7439553511854,50.17808216469375,38154600
2021-03-09,48.833587646484375,50.02325881104842,48.45876025628731,49.387681661724514,35645900
2021-03-10,50.33289337158203,50.45511805584521,48.91506403210312,49.31433879414605,31579100
2021-03-11,49.958065032958984,50.968469412853764,49.917320363971726,50.34103943270825,24802600
2021-03-12,50.49585723876953,50.82179280310376,50.11287976458572,50.153621321579806,20422700
2021-03-15,49.20840835571289,50.40622953608791,48.78468927756402,50.1047382508523,31243600
2021-03-16,48.165409088134766,48.61357247804588,47.619462221296885,48.515792109500985,30624800
2021-03-17,48.37726974487305,48.6706139751008,47.7661369680259,47.823175778527734,25575500
2021-03-18,46.2912712097168,48.05133345813122,46.05496579328965,47.92095859189244,38622800
2021-03-19,46.030517578125,46.82906395474263,45.47642366645044,46.20978106127966,84439400
2021-03-22,45.55790328979492,46.33200529303845,45.549756221887336,46.0386611142614,29315100
2021-03-23,44.995670318603516,45.8675528330006,44.36824029367048,44.76751196783929,33493300
2021-03-24,45.908287048339844,46.67423888829594,45.69642908694996,45.69642908694996,29781800
2021-03-25,45.777915954589844,46.03866567078036,44.40897839039875,44.98751662892259,31495900
2021-03-26,47.02462387084961,47.08166267473808,46.0549610963639,46.69053811591069,34226500
2021-03-29,46.77201843261719,47.11425121271074,46.2342218436264,46.72312670329756,21144400
2021-03-30,46.193485260009766,46.73943212021994,46.03051901720729,46.33201029645007,20303400
2021-03-31,45.49271774291992,46.14459197348645,45.46827032226138,45.916433661502026,23686500
2021-04-01,46.763877868652344,46.812769608021114,45.745323278000804,45.89199538772518,23194500
2021-04-05,46.03866958618164,46.70684117929283,45.74532535342413,46.69054393209718,23264800
2021-04-06,45.908287048339844,46.88609995806737,45.84309807044662,46.315708835027856,18926300
2021-04-07,46.112003326416016,46.25867543542187,45.82680928578348,45.94903397103375,22385000
2021-04-08,45.63124465942383,45.69643364381773,45.07715072560313,45.5742058522701,21999300
2021-04-09,45.52531433105469,45.98977496773941,45.24826736282329,45.63124487700896,20020700
2021-04-12,45.22381591796875,46.274964817749286,45.06899676627589,46.25051739814834,20238800
2021-04-13,45.394927978515625,45.614936083627306,44.8897259084709,45.06084228743073,19370600
2021-04-14,46.70683670043945,47.26907768705506,45.834954263563105,45.96532912024419,28051100
2021-04-15,46.42978286743164,46.78831289312817,46.26681354361274,46.78831289312817,23250300
2021-04-16,46.169036865234375,47.00017768528148,45.98977028393552,46.73942798978218,22752000
2021-04-19,46.022369384765625,46.56016607417202,45.59865031002394,46.24237754521122,21123300
2021-04-20,45.05270004272461,46.014215667957274,44.63712809690669,46.014215667957274,21782100
2021-04-21,45.63124465942383,45.73717520487298,44.24600982487209,44.408979177474976,16625600
2021-04-22,45.036407470703125,45.623095874655085,44.832696564706666,45.623095874655085,21600100
2021-04-23,45.28086471557617,45.58235601792617,44.963076166020485,45.03641222425503,15337900
2021-04-26,45.37049865722656,45.8675538246327,45.174934796398105,45.199382221740485,16083800
2021-04-27,45.965328216552734,46.14459480660796,45.476423290706116,45.63938952706718,19278600
2021-04-28,47.35057067871094,47.63576474706825,46.27497718036021,46.372757559742396,24729800
2021-04-29,48.026878356933594,48.466894625799135,47.38315430623938,48.010581112711,27318400
2021-04-30,46.64165115356445,47.986141289700576,46.57646217057561,47.52983084230583,30518400
2021-05-03,47.92910385131836,48.06762888993124,47.04907431453196,47.24463505231476,20509600
2021-05-04,48.230587005615234,48.48318961675342,47.676493161324686,48.0757678552681,23522200
2021-05-05,49.6810188293457,49.746204705635535,48.40171453479136,48.7032058179433,31526200
2021-05-06,50.15361785888672,50.22695389976544,48.91505533981344,49.59137695107072,26836800
2021-05-07,50.87068557739258,50.90328006700738,49.5832312130423,49.76249779754212,33610600
2021-05-10,50.992923736572266,52.16629451767593,50.95217906207121,51.530720491134424,31956600
2021-05-11,49.37137222290039,50.83809003293587,49.20840288658944,50.21881028501211,34563800
2021-05-12,49.63592529296875,50.99173618477125,49.396177398922916,49.61112172049406,34426500
2021-05-13,49.02415466308594,49.97487731726496,48.5694624538256,48.7761410174589,24268200
2021-05-14,50.23942184448242,50.33036091022167,49.54498179680424,49.54498179680424,20735400
2021-05-17,51.41335678100586,51.46296077007938,49.958341125158974,50.0492801949615,25282500
2021-05-18,49.958343505859375,51.504298305179276,49.933543086973046,51.25628465532194,25170800
2021-05-19,48.759605407714844,49.48711482061233,48.296644298841066,48.8588102333076,28889800
2021-05-20,48.643863677978516,48.900146215423256,48.147836419201255,48.73480274460937,20692500
2021-05-21,48.71001052856445,49.46232365381744,48.652140773339625,49.123367725121845,20792700
2021-05-24,49.28043746948242,49.43751204332823,48.51985871151434,48.84227992151041,18400300
2021-05-25,48.16436767578125,49.22256399125044,48.048628192916894,49.18949466652794,25616100
2021-05-26,48.726531982421875,48.875340785125495,47.866751643501765,48.15610034116753,21698700
2021-05-27,48.41238021850586,49.35483381492426,47.96595383483479,48.96627716761825,33556000
2021-05-28,48.255313873291016,48.61080128243218,48.04036953815826,48.552931532447786,19246800
2021-06-01,49.98313903808594,50.18155183077255,49.14815909601061,49.14815909601061,28474200
2021-06-02,50.379966735839844,50.68585328794098,49.74339636624825,50.22289215905673,22978300
2021-06-03,50.57837677001953,50.768520664202825,49.892202446360066,50.05754592285213,20272800
2021-06-04,50.80158996582031,51.008268522919934,50.24768979288778,50.80985572049192,20427800
2021-06-07,50.47090530395508,51.033071257076884,50.446104885150035,50.70238744290589,15477900
2021-06-08,51.36375427246094,51.653102981803194,50.156749140305394,50.84292344198047,28953400
2021-06-09,51.79365539550781,52.43022267109208,51.41336439694016,51.81018690731664,29133000
2021-06-10,51.876319885253906,52.893178047991235,51.46296275469411,52.58729465440309,27488700
2021-06-11,51.39683151245117,52.240080558845534,51.37203109021357,52.09127171808976,17631700
2021-06-14,51.31415939331055,51.901125824257264,50.90080221878498,51.50430331515251,16997200
2021-06-15,53.18252182006836,53.24039155722714,51.54562505748975,51.65309877806927,30717100
2021-06-16,52.99237823486328,53.5710819513577,52.545954969744635,53.17425636555213,24803200
2021-06-17,51.248023986816406,53.29000628852576,50.652788645147616,52.79397893957842,28491800
2021-06-18,49.933536529541016,50.884255921420056,49.801262390076786,50.4295637641158,39590700
2021-06-21,51.744041442871094,51.834980508646716,50.346895592645225,50.37169600925153,33145400
2021-06-22,52.73610305786133,52.91798120304617,51.446427685364895,51.95898964019127,25140400
2021-06-23,53.124664306640625,53.48841432076655,52.56249831317719,52.951055055217616,20701600
2021-06-24,53.339603424072266,53.37267275268107,52.752640186422184,53.03372317226749,19568400
2021-06-25,53.455345153808594,53.67855522074433,53.20732836180975,53.41400691936578,18438300
2021-06-28,52.091270446777344,53.37267707430976,51.87632610074542,53.37267707430976,20570000
2021-06-29,51.768856048583984,52.71957889215407,51.74405562518024,52.2566176820709,19579300
2021-06-30,52.149131774902344,52.27313700919665,51.6283009606062,51.834979504761016,17875500
2021-07-01,52.297935485839844,53.256923769007294,51.89284732037122,53.182522523388485,22530300
2021-07-02,52.22353744506836,52.34754584352682,51.60350176010524,52.09126329175614,14555300
2021-07-06,50.73546600341797,51.8845986090182,50.34691234806316,51.876332851953386,22110800
2021-07-07,49.941802978515625,51.09920408018209,49.28869802609435,50.57837326906575,21671400
2021-07-08,49.718597412109375,50.18982431000769,49.03242618419235,49.148165681407406,18935900
2021-07-09,50.61970520019531,50.80158331580747,49.801259987268786,50.1815477256723,20086000
2021-07-12,50.57011032104492,50.842927543574355,49.73513029696615,49.950074619294014,21809400
2021-07-13,50.33036422729492,50.85119193213096,50.02447768534599,50.429569053883036,17147300
2021-07-14,49.214298248291016,51.033070227359566,49.073758339678626,50.570109112463975,21573600
2021-07-15,48.73480224609375,49.35483789005509,48.58599343924988,48.91667722383064,15851100
2021-07-16,47.387264251708984,48.99108888641344,47.24672433201241,48.92495338116353,27049500
2021-07-19,45.758628845214844,46.46133779415561,45.138593206912944,45.99837671557102,37969100
2021-07-20,46.2629280090332,46.79202461685188,45.494083515276515,45.88264021637159,26756100
2021-07-21,47.751007080078125,48.19743347013884,46.982165835414655,47.006966250307755,20908700
2021-07-22,47.21364974975586,47.734480592937,46.84162771891219,47.72621168466021,13493800
2021-07-23,47.155792236328125,47.36247084554731,46.68456525960162,47.36247084554731,14088200
2021-07-26,48.346248626708984,48.48679168814115,47.12271192362308,47.25498607656035,18387600
2021-07-27,47.80888366699219,47.957689321518956,47.29631859270511,47.957689321518956,16861400
2021-07-28,48.13130187988281,48.470254576769406,47.63527146617221,47.949423746155816,16855300
2021-07-29,48.718265533447266,49.04895245777502,48.412382178325835,48.77613527215499,18607800
2021-07-30,47.59394073486328,48.676937574423924,47.38726216535157,48.676937574423924,28652800
2021-08-02,47.60220718383789,48.82574387368083,47.453398369186026,47.577403612286226,20873800
2021-08-03,48.11477279663086,48.28838204241177,47.064845259244514,47.59394190562335,18208200
2021-08-04,46.990440368652344,47.85022398711186,46.96563994912564,47.27978910867971,20868300
2021-08-05,47.288055419921875,47.70141254220499,46.98217203245844,47.2301856750954,15180200
2021-08-06,47.83368682861328,48.00729606357695,47.56086961338645,47.66834334850592,14888500
2021-08-09,47.288055419921875,47.5526037258899,46.98217203245844,47.2301856750954,17828200
2021-08-10,48.098236083984375,48.24704490364957,47.37072664936171,47.46993147791696,16340200
2021-08-11,48.238773345947266,48.362781740079924,47.717945659384824,48.10649919724918,18278600
2021-08-12,48.129669189453125,48.49893113384516,47.726840596713956,48.17163310233191,19225500
2021-08-13,47.6429328918457,47.89470043462588,47.24849504727137,47.861130575215725,20063000
2021-08-16,46.94636917114258,47.0722545337279,46.38408847476304,47.01350888489415,16959500
2021-08-17,46.62746810913086,47.248494493956066,46.15749968708635,46.577113320605314,16243700
2021-08-18,45.64555740356445,46.837261444470705,45.57842090625261,46.509960215360486,21890500
2021-08-19,44.252445220947266,45.074887406341745,43.72373124412319,44.87347469229272,30923500
2021-08-20,44.26084518432617,44.5965341529506,43.73213113703039,43.86640736475972,16918300
2021-08-23,46.08197021484375,46.207855588490474,45.27631278741924,45.27631278741924,21632600
2021-08-24,46.459617614746094,46.87083714386073,46.16588617826655,46.400871967729714,17915600
2021-08-25,46.543540954589844,46.803702545861654,46.04839676565175,46.35891314273682,13270300
2021-08-26,45.91411590576172,46.61067596627642,45.8469793995155,46.325338611585664,11842600
2021-08-27,46.80369567871094,47.17295444963625,46.493182548582894,46.493182548582894,15822500
2021-08-30,46.29177474975586,47.28206315590065,46.25820489158875,47.19814171188074,14086100
2021-08-31,45.754661560058594,46.417651732813496,45.70430678190345,46.0987445406255,27104100
2021-09-01,45.125247955322266,45.956081109451226,44.98257766334795,45.72949257752353,21644100
2021-09-02,46.224632263183594,46.694597411218176,45.54485712940826,45.561642056323414,23293300
2021-09-03,46.04838943481445,46.42604226479762,45.82179773682456,46.25819620687207,13840000
2021-09-07,45.77983856201172,46.38408311030214,45.71270205742244,45.88054491959433,14354400
2021-09-08,45.360233306884766,46.30856101845281,45.32666344774654,45.98126289535004,18756700
2021-09-09,45.393795013427734,46.1574915639758,44.7308048208098,44.99935724288841,19110800
2021-09-10,45.30147933959961,46.35051323464794,45.276303550565615,46.316943381671024,15123700
2021-09-13,46.4680061340332,46.937974487855385,45.83858577512372,45.86376476643039,22052300
2021-09-14,45.805023193359375,46.80370243241827,45.662352901266516,46.73656271816333,19940300
2021-09-15,47.34919357299805,47.44150907036988,46.41765413931243,46.46800571868073,23240900
2021-09-16,46.84566116333008,47.38276604896462,46.57710872051281,47.38276604896462,17907200
2021-09-17,46.29177474975586,47.6261461986189,46.241419962505184,46.442835910110006,30000400
2021-09-20,45.05810546875,45.460934124966,44.44547002066748,45.13363604187785,27555100
2021-09-21,45.016143798828125,45.746270522694374,44.68884572266041,45.62877923395699,19696800
2021-09-22,46.33372497558594,46.92118455483919,45.628774120761456,45.67912889660505,25690600
2021-09-23,47.903079986572266,48.037356182132086,46.392468784777996,46.50996005571821,23069400
2021-09-24,48.331092834472656,48.5241146993495,47.567396238047934,47.58418116561082,22328600
2021-09-27,49.766170501708984,50.18578408638005,49.36334184459247,49.388517635225504,32972200
2021-09-28,50.28649139404297,50.75645977019765,49.94240837621114,50.26970966757106,37619300
2021-09-29,50.252933502197266,50.51309192604456,49.556373280442315,50.21936364060465,23422800
2021-09-30,49.363346099853516,50.49630159557035,49.354955236051715,50.45434087376563,31289600
2021-10-01,51.13410949707031,51.18446427758025,49.85848387006236,49.85848387006236,24407300
2021-10-04,51.79710388183594,52.09083212169302,51.150898552752636,51.46141172080123,33946700
2021-10-05,51.71318054199219,52.619547478751635,51.20964548916879,52.46848632262506,29641600
2021-10-06,50.76484680175781,51.29355755011073,50.14381736221353,50.748061876213676,25284900
2021-10-07,50.90751647949219,51.2599935312147,50.471117997139125,50.86555576417691,19513600
2021-10-08,52.183143615722656,52.38455633574655,51.40266212248577,51.40266212248577,22186900
2021-10-11,51.6628303527832,52.92167122023642,51.61247556558184,52.8964922259368,22121500
2021-10-12,51.39427185058594,52.015298146096264,51.06697057433875,51.67121514415203,20198600
2021-10-13,51.25160217285156,51.52015460672286,50.52986630629836,51.00822552921896,14991700
2021-10-14,52.03208541870117,52.21671642366639,51.33552531916705,51.788708766955686,18594500
2021-10-15,52.527225494384766,52.93005412724597,52.40134014600429,52.64471677879461,16092600
2021-10-18,52.50204849243164,52.988798545370614,52.258671865263494,52.94683783067891,18282800
2021-10-19,53.29092788696289,53.38324339237654,52.59436776531277,52.76221384775598,18933200
2021-10-20,53.584651947021484,53.601436874095235,52.63632757783557,52.77899465586624,14305200
2021-10-21,52.61115264892578,53.40841913880427,52.325815269434464,53.26575204975748,16564600
2021-10-22,52.972015380859375,53.055940014431116,52.32581010864538,52.678287166851845,14266800
2021-10-25,54.00426483154297,54.06301047485382,53.35806275512365,53.47555404174534,17939800
2021-10-26,55.25471496582031,55.33864280682808,54.01266231356735,54.12175954296399,25585100
2021-10-27,53.819637298583984,54.75957405479912,53.69375514113569,54.68404668116873,21764500
2021-10-28,53.970699310302734,54.104978735961,53.400027758243674,53.5594797741163,16626400
2021-10-29,54.10498809814453,54.85189992492485,53.98749678176088,54.59174149618912,23966300
2021-11-01,55.0784797668457,55.456135854939795,54.566550653923755,54.60851457575494,19656400
2021-11-02,54.39870834350586,54.92741918903569,54.26443531726782,54.574945292015805,16300000
2021-11-03,53.65179443359375,54.088189754519455,53.425202708460596,53.74410993658107,17372800
2021-11-04,54.054622650146484,54.45744808797625,53.567869376873524,54.28121115857637,17720100
2021-11-05,54.566551208496094,54.82671600146161,54.18050745434873,54.59173340352805,18565100
2021-11-08,55.15401840209961,55.70790508282901,54.8686777946724,55.011351299784046,17696000
2021-11-09,55.69111633300781,55.69951039761399,54.8099252304216,55.19596896596743,18781300
2021-11-10,54.59396743774414,55.835705082942,54.23675332734274,55.555036621596464,20177200
2021-11-11,54.69601821899414,55.13828480646468,54.44937079306699,54.59396169022662,13319300
2021-11-12,54.279273986816406,54.747054721424725,54.075154433916225,54.39834426674514,18158900
2021-11-15,54.74706268310547,55.08725982446496,53.7689796795856,54.22825036261208,18849200
2021-11-16,55.29988098144531,55.59756318486723,54.721536812189235,54.721536812189235,17028700
2021-11-17,54.69601821899414,55.48698876115936,54.5854548165482,54.75555335705632,15497000
2021-11-18,54.100677490234375,54.883141312780175,53.675424566392785,54.568458301997985,16948200
2021-11-19,51.60017776489258,52.75686600244759,51.379047716852554,52.637795727008985,32035500
2021-11-22,52.31460189819336,53.190624937199786,51.30250132731944,51.30250132731944,21994400
2021-11-23,53.69242858886719,53.90505502511156,52.663314171683744,52.8929511121583,21185900
2021-11-24,53.9901008605957,54.30478705774162,53.22464768555791,53.22464768555791,15869700
2021-11-26,52.09347915649414,52.238063582136505,50.63911504768434,51.4726103248576,24979600
2021-11-29,52.38264846801758,53.70093171139287,52.12749739581945,53.21614370088984,18946400
2021-11-30,50.894264221191406,52.04244568618014,50.74117292660331,51.42157687787152,34979800
2021-12-01,50.85174560546875,52.7568768946643,50.81772459277039,51.79580761910311,30630600
2021-12-02,52.11899948120117,52.37415384168407,50.29891741036832,50.80922288691164,29216000
2021-12-03,51.78729248046875,52.92697026863669,51.32801861559021,52.663312328927496,22014700
2021-12-06,52.3741455078125,52.867437154446186,52.238061473516915,52.49321579339919,19210500
2021-12-07,52.96099853515625,53.60738153977405,52.81641085665165,53.02053368382806,19800400
2021-12-08,53.11408233642578,53.743454746111304,53.0205261890456,53.2501631205001,18214400
2021-12-09,53.25016784667969,53.38624864283175,52.569763865919356,52.773883437936405,16910300
2021-12-10,53.590370178222656,53.879542286192866,52.92697667822956,53.81150350783517,17942400
2021-12-13,52.41666793823242,53.343719294075754,52.17852413266907,53.13109286607886,17793700
2021-12-14,52.340126037597656,53.13109666586787,52.06796444985113,52.10198221500291,22551100
2021-12-15,52.11048889160156,52.306104829274716,51.03884980505228,52.04244687271245,19961900
2021-12-16,52.19554901123047,53.11409699047356,52.136013854548715,52.25508416791222,21187800
2021-12-17,51.05585861206055,52.11899078868631,50.766686530241465,51.83832558115651,44338100
2021-12-20,50.31591796875,50.392463612875545,49.295310461883346,50.00123176264358,21819300
2021-12-21,51.45559310913086,51.60868438950514,50.79219972379005,50.81771385571188,19798900
2021-12-22,51.872352600097656,52.19554248325723,51.0048362541183,51.319522506425166,14058300
2021-12-23,51.897857666015625,52.59527207324133,51.88084716286113,52.02543157304175,13543300
2021-12-27,52.6378059387207,52.688837457132344,51.387561315225106,51.821321110668286,12593700
2021-12-28,52.46769714355469,52.99501303040825,52.22105294842459,52.65480944175575,12781000
2021-12-29,52.00843048095703,52.39115549183691,51.81281129369658,52.289095705230416,12733600
2021-12-30,51.702247619628906,52.39115523132483,51.685237114542055,52.06796536794096,11940300
2021-12-31,52.042442321777344,52.28058612264233,51.62569634800167,51.659717354471205,14072000
2022-01-03,54.04113006591797,54.09215832875846,52.059450333598626,52.08496770944046,24282400
2022-01-04,56.07383728027344,56.29497056424168,54.51741039687924,54.542924527944216,38584000
2022-01-05,56.77126693725586,57.50270250604195,56.54163320698341,56.558640469326065,34033300
2022-01-06,58.1065559387207,58.24263998123078,57.043423689776866,57.834394342544854,30668500
2022-01-07,58.58283233642578,58.837986650919774,57.81738237063133,58.27664975457049,23985400
2022-01-10,58.23412322998047,58.82947459288099,57.79185665567449,58.65937605743604,22760300
2022-01-11,60.68357849121094,60.72610637041259,58.32768063129887,58.59133531358777,32936100
2022-01-12,60.504974365234375,61.074811621132476,60.079721519547405,60.504974365234375,23045100
2022-01-13,60.07122802734375,60.8792125074433,59.799066405030565,60.487980580920905,21043200
2022-01-14,61.12583541870117,61.3639759313861,60.045689750511585,60.08821762299488,23012900
2022-01-18,62.15495681762695,62.83535747013705,61.244915997151594,61.93382352336055,32841200
2022-01-19,62.18049621582031,62.81837573671396,61.70421491665046,62.72481955454188,26431600
2022-01-20,62.31655502319336,63.25211656292583,61.457548865939486,61.661668434224715,26774600
2022-01-21,61.38099670410156,62.24000930446178,60.41992756945473,62.24000930446178,35995200
2022-01-24,61.908321380615234,62.15496885490191,59.373811101511734,60.28385209823066,41507000
2022-01-25,63.728389739990234,63.99204441971861,60.71759890713519,61.7382031096297,39278400
2022-01-26,63.082000732421875,64.63842758555425,62.50365664710267,64.1536396382163,35252400
2022-01-27,63.89000701904297,64.64695676841143,62.928931176993316,64.17917591707352,29174700
2022-01-28,64.02609252929688,64.3152679520217,62.89491795862644,63.762437737954905,30595700
2022-01-31,64.60440826416016,64.99564008370459,63.167051642148884,63.76240948924591,36085500
2022-02-01,68.74638366699219,69.3247278562079,64.86807290272746,65.02116420248586,61033100
2022-02-02,68.56777954101562,68.72937122968011,67.31753498392933,68.09149188331726,30299300
2022-02-03,67.76829528808594,68.30411154984289,67.20695840437936,68.11699925527404,28529400
2022-02-04,69.23967742919922,70.19223973294511,68.78040353753144,68.78040353753144,32197500
2022-02-07,70.07316589355469,70.66001691797274,68.58478088054147,69.01003374140238,34949200
2022-02-08,68.26158905029297,70.166719994479,67.9724137391474,69.97110082910022,34356300
2022-02-09,67.93482208251953,68.82055352323782,67.6854403027712,68.43358564201618,40106100
2022-02-10,67.2812728881836,68.51958065742203,66.89430499068634,67.6940443315229,28527700
2022-02-11,68.97532653808594,69.06991983200179,67.27266036915614,67.60803420730224,42002100
2022-02-14,67.91761779785156,68.65715530237038,66.25794424118847,68.43357709530167,34652800
2022-02-15,67.06627655029297,67.23826735273585,65.71617991481311,66.12895127989776,25075100
2022-02-16,67.37586212158203,68.56257584873285,67.109284544395,67.75423537496683,21733800
2022-02-17,67.2726821899414,68.03802340839802,67.03189500683087,67.48766582570516,23738800
2022-02-18,66.52454376220703,67.22108871578529,66.1203734347992,66.35255945984568,23394800
2022-02-22,65.75057983398438,68.61416280366478,64.7616540160156,68.51096831943883,35947800
2022-02-23,66.01715087890625,66.61910880307586,65.46679347215436,65.75057335522956,25385000
2022-02-24,65.18302154541016,67.96060561695695,63.66093418416679,67.93480863808469,46199900
2022-02-25,66.93728637695312,67.06627784107333,65.57859509578499,65.94836712718111,28310300
2022-02-28,67.4360580444336,67.87462645127707,65.52700251429289,65.79358665532047,32204600
2022-03-01,68.08100128173828,69.35370701333822,67.3586595730199,67.73702622772923,40002300
2022-03-02,69.2505111694336,70.64360715847182,68.63995857692316,69.31070631064509,44321400
2022-03-03,69.68909454345703,70.31684307132066,68.47658371663972,68.67437154370757,30196600
2022-03-04,72.31187438964844,72.47526401118543,69.36230594714458,69.69767980972601,42802200
2022-03-07,74.91749572753906,75.01208904705503,72.14850559795414,73.02563589799915,55207900
2022-03-08,75.48505401611328,78.69261278569512,73.46420912862563,76.57717457251069,72082300
2022-03-09,71.1939697265625,74.44452070716085,70.17064569164124,72.2602865449943,65466700
2022-03-10,73.40399932861328,73.67917806825805,71.2885615374481,72.24308922576124,44644200
2022-03-11,73.02562713623047,74.1521456532733,72.20869208655144,72.2946842137631,35303400
2022-03-14,70.41143035888672,71.76152718208824,69.22472318052958,71.42615327166602,37462600
2022-03-15,66.40414428710938,68.08101396677186,65.67320126163547,67.78003819872727,47957900
2022-03-16,66.15474700927734,67.60803809874547,65.56999141358409,66.9114868433835,37812300
2022-03-17,67.91761779785156,68.06380506265305,66.27514004143282,67.22966769406581,34041900
2022-03-18,67.6510238647461,68.27017755609144,67.16086161922728,67.98639768742858,41461500
2022-03-21,70.68659210205078,70.96177079719189,68.57115465300771,68.89793386402239,33089300
2022-03-22,70.37701416015625,70.6865910074935,69.47408715607051,70.1964287593391,23132200
2022-03-23,71.4863510131836,72.46667579624345,71.41756124092527,71.6669364668231,27716300
2022-03-24,71.7013168334961,72.7934370268184,71.15956060706851,71.77011314945516,19871600
2022-03-25,73.26641845703125,73.5158002550477,71.19397967607759,71.30576880176231,22398300
2022-03-28,71.21117401123047,71.64114126223083,70.53182496735634,71.52075095681309,21552400
2022-03-29,70.83281707763672,70.93600503323387,68.58838719247171,69.49131460784928,27036300
2022-03-30,72.04531860351562,72.2431064451437,71.12518885843947,71.42616465154283,22079000
2022-03-31,71.02198028564453,72.57846604031506,70.98758868248157,71.26276743323776,27861500
2022-04-01,71.47774505615234,72.35487520054745,70.50601504824878,70.50601504824878,18671100
2022-04-04,71.51214599609375,71.94211318492805,70.55761831201933,71.85611449853828,20869400
2022-04-05,71.14237976074219,73.15462321963247,70.9961859184086,71.80452639887521,21753100
2022-04-06,71.93351745605469,72.8364446845734,71.32296478892896,71.73572964745776,24768200
2022-04-07,73.13742065429688,73.47279453309943,71.125170820703,72.08829967515922,26122000
2022-04-08,74.67668914794922,74.99486719096622,73.24060048605278,73.24060048605278,24866500
2022-04-11,72.1054916381836,73.89415660378654,71.80451593742787,73.76516514324031,21800100
2022-04-12,73.6103744506836,74.65949534188779,73.42118785577424,73.70496774813827,22444200
2022-04-13,74.6509017944336,74.90888473401019,73.25781229090032,74.47891754190165,19306800
2022-04-14,75.52803802490234,76.06979432138135,74.15214433170108,74.53051099684478,24566400
2022-04-18,76.14720916748047,76.4395837735254,75.45925888382867,76.10420981445968,19032300
2022-04-19,75.46784210205078,76.24178434673304,75.04646953724797,75.68282569441926,20382600
2022-04-20,75.63982391357422,76.10418924541592,75.07227065961993,75.64842509400972,20689400
2022-04-21,74.840087890625,77.2221097924534,74.63370547685956,76.49116032230575,29010900
2022-04-22,73.20621490478516,75.77742354757962,73.09442579192499,74.52192008009415,23591600
2022-04-25,70.73821258544922,71.08218769166507,68.1842061148293,70.83280590367806,37698300
2022-04-26,70.76400756835938,72.85364857058869,70.66941425280658,71.14238083057054,28941500
2022-04-27,72.78483581542969,73.50718401112967,70.75539042096575,71.7099179819542,32773000
2022-04-28,74.98628234863281,75.79462284113916,72.29468984852578,72.99123466224253,33683800
2022-04-29,73.30941009521484,75.79462007094104,72.83644353480507,75.79462007094104,34656500
2022-05-02,74.30694580078125,74.84870219217575,72.77625682809145,73.10303614801367,36335200
2022-05-03,75.83761596679688,76.34497410781171,74.05755204161707,74.1779423313758,33908100
2022-05-04,78.85597229003906,79.01076072569356,76.45676137856148,76.96411946384241,46188400
2022-05-05,77.66065979003906,79.15695010440587,76.00958760947326,79.14834892491336,41013400
2022-05-06,78.8473892211914,78.9591783341264,76.83513926290865,78.23683656910832,29619300
2022-05-09,72.63007354736328,77.0157385755666,72.25170023423557,76.91255062528097,45851600
2022-05-10,73.11161041259766,74.71968989597579,71.82170897824092,73.64477203401184,34483200
2022-05-11,74.63369750976562,76.48255753782529,74.19512918664962,74.32412064177527,33020600
2022-05-12,74.9725112915039,75.04200568287285,72.45315567787851,74.66844598883894,29491500
2022-05-13,77.19648742675781,77.27467109903678,75.01594109522787,75.89337319825479,25798400
2022-05-16,79.01216888427734,79.90697969292121,77.29206154987585,77.30075083523664,26101200
2022-05-17,80.01990509033203,80.3152744802874,79.1598515177174,79.68978519073804,23120700
2022-05-18,78.75154876708984,80.72359232283694,78.0391798220379,80.36741116430228,25451200
2022-05-19,79.17723846435547,80.18498355091941,77.31812892822994,77.31812892822994,24387400
2022-05-20,79.80272674560547,81.30564831536982,78.53436285258502,79.86353848609335,28795000
2022-05-23,81.56627655029297,82.33076797432531,80.4021641572449,80.49772641374679,27239300
2022-05-24,82.00933837890625,82.34814760979889,80.20235139549031,80.63672288412013,24293300
2022-05-25,83.65994262695312,83.85974977919196,82.07014155383197,82.16570380159219,29947800
2022-05-26,83.95531463623047,84.64162233330102,83.57306563330955,83.92056412433017,24314800
2022-05-27,84.78063201904297,85.07600810590758,82.79121624485336,83.35589393130051,25588800
2022-05-31,83.39933776855469,86.6831856327141,83.14740147368744,85.62331798809464,44888100
2022-06-01,84.997802734375,85.75361144860433,83.93794195665039,84.28543381663492,25815400
2022-06-02,84.8501205444336,85.22368027016634,84.08562915064726,84.52000061647685,19089100
2022-06-03,86.08373260498047,86.57892243134404,85.04993303908665,85.04993303908665,21038200
2022-06-06,85.8665542602539,86.68317479475749,85.7188695421365,86.16193032447175,20682100
2022-06-07,89.8019790649414,89.85410153139807,86.43125150375133,86.61368676433366,37810200
2022-06-08,90.86181640625,91.71318736153275,89.46314643997071,89.90620054524689,31613200
2022-06-09,88.89846801757812,90.84445037747805,88.75078330620694,89.84539465541036,26607000
2022-06-10,87.27391052246094,89.7845769612498,86.69185437295233,88.55965292464188,30950500
2022-06-13,83.26901245117188,84.93699736490456,81.59233825189332,84.71981162213783,33421000
2022-06-14,83.4862060546875,85.71887543543008,82.76514773009387,84.62426396096885,31264000
2022-06-15,82.43502044677734,83.89450891130005,81.02765443985024,83.39063639459965,29620800
2022-06-16,79.39441680908203,80.90602766985066,78.4301116148031,80.28053832014072,35696700
2022-06-17,74.8161392211914,79.3596607724994,74.41651829169842,79.02085157949487,64610200
2022-06-21,79.47261047363281,80.38478662293824,76.9011254283967,76.95325451405908,35951500
2022-06-22,76.32776641845703,77.97837957182082,76.04107961554985,76.04976890205772,29727200
2022-06-23,74.02560424804688,77.3615814461147,72.55742617915908,77.0227721422151,35757200
2022-06-24,75.49376678466797,76.79688126324803,74.54683348368198,75.53719995716418,26639000
2022-06-27,77.34416961669922,78.22160169138103,76.16267889078553,76.28430235127828,25478700
2022-06-28,79.48998260498047,81.0015935331088,78.49092685320106,79.15986265892435,33096900
2022-06-29,76.55362701416016,80.96683592504017,76.24087903877732,80.77571805384609,25400900
2022-06-30,74.3991470336914,76.10188245067937,73.55646529669603,74.8335185164327,39948100
2022-07-01,76.0584487915039,76.345128931008,73.59121533880229,75.35476248694675,26327900
2022-07-05,73.67808532714844,75.32000892468857,72.11435203938677,75.00726094153973,34591100
2022-07-06,72.34892272949219,74.04297571433285,70.3768788518181,72.76592232470975,33375700
2022-07-07,74.65975952148438,75.37212836351468,74.1037646510208,74.17325903884249,23817400
2022-07-08,74.7813949584961,75.84126242125832,73.78233923730303,75.53719708542971,17673800
2022-07-11,74.3991470336914,74.8161465734355,73.28715709835093,73.99083677943733,15603800
2022-07-12,73.40877532958984,73.8865865776026,71.98403749840207,72.78327937873037,21013000
2022-07-13,73.70413208007812,74.98118498914562,72.36627407132107,72.4357684543868,19928600
2022-07-14,72.2272720336914,72.3749567111485,70.09885493769087,71.10659308572998,26343000
2022-07-15,73.44351196289062,73.73888131276985,72.01877440092714,73.66938693090368,17243700
2022-07-18,74.79877471923828,76.39726536581865,74.49471597961207,75.21577429642812,19395800
2022-07-19,76.6839370727539,76.9011228096664,74.92907923481327,75.07676394519792,18248900
2022-07-20,77.52661895751953,77.88280674824613,75.79782234385026,76.08450910790101,16584400
2022-07-21,76.23219299316406,76.27563279136177,74.02558512996983,75.51982404740708,21375700
2022-07-22,75.65013122558594,76.85768329287228,75.2591929546339,76.05844143774416,15479500
2022-07-25,78.16947937011719,78.2997854865814,75.94549331472633,76.58836775319682,17536400
2022-07-26,77.86540985107422,79.29883670597194,77.31810430777776,79.16852396862103,15141200
2022-07-27,79.5508041381836,79.9243639303688,77.66563323184643,78.43012476162798,18047000
2022-07-28,80.48033905029297,81.01027273191457,79.06429055644136,80.08071812493574,20353100
2022-07-29,84.20723724365234,84.71979229824042,81.74869360559082,82.05275225051436,29825800
2022-08-01,82.07884216308594,82.83464433676407,80.99291340505813,82.34815037412223,20793200
2022-08-02,81.72264862060547,82.70432576297722,81.50546288422372,82.26127163290597,16722500
2022-08-03,79.07295989990234,82.02668649000226,78.87315278485528,82.02668649000226,23580800
2022-08-04,75.74568176269531,78.48221609640957,75.08543542323032,78.45615487463799,31821500
2022-08-05,76.8403091430664,77.91755514330747,74.95513858461837,75.02463960940473,17408000
2022-08-08,77.27468872070312,77.83937300742099,76.64051002988374,76.97931927631781,14458500
2022-08-09,78.69941711425781,79.5855385950151,78.14342218153978,78.23030177501268,19083400
2022-08-10,79.446533203125,79.74190922693616,77.48317907936445,78.77760410622965,18302000
2022-08-11,81.74475860595703,82.71843313722131,80.2096869908407,80.56055514896238,18797900
2022-08-12,82.45528411865234,82.47282485147637,80.79740713293381,81.12196757542428,15058200
2022-08-15,80.98161315917969,81.34126175177657,78.64830758684072,79.41145325693762,20755200
2022-08-16,80.22722625732422,81.48159930761717,80.07810662360643,80.72722073513995,14038200
2022-08-17,80.87633514404297,81.76229256236945,79.7535410693697,80.0605540284787,13678000
2022-08-18,82.78861236572266,83.60439364359733,81.65704435496863,81.70967993870313,17770400
2022-08-19,82.52545166015625,83.50789321100834,82.27984127244322,82.59562796875458,16128600
2022-08-22,82.46405029296875,82.88509476607526,80.57810379864664,81.94650837481466,16019900
2022-08-23,85.96401977539062,86.32366837659015,83.72719821652721,83.8149219579586,23764700
2022-08-24,86.4727783203125,86.81487945786292,85.40261304187021,85.97278383524795,17050300
2022-08-25,86.92015838623047,87.59559380649384,86.05174810970317,86.77103871405177,15305700
2022-08-26,85.8499755859375,87.63943122993899,85.45523888501285,86.63943560302506,15531400
2022-08-29,87.82364654541016,89.08678669650907,86.08681963562465,86.12190779154149,23059200
2022-08-30,84.4815673828125,86.50786645757833,84.05174920614506,86.27979680179556,17086800
2022-08-31,83.85000610351562,84.94648598263294,82.09563829692793,82.48160135593949,18340900
2022-09-01,82.34126281738281,83.3938809190571,80.95531051935161,82.82370999215742,16423000
2022-09-02,83.85000610351562,84.90263080289749,83.42896157766855,84.51666774388593,18206800
2022-09-06,83.28861236572266,84.72719349089013,82.9026559832222,84.35001082165037,19201500
2022-09-07,82.57808685302734,82.97281690737687,80.96407178626825,81.74476487500871,16274700
2022-09-08,83.2535400390625,83.70089907874525,82.20968889503658,83.03424403014162,18759200
2022-09-09,84.64825439453125,85.08684638621276,83.61317702646758,84.66579512955013,17158000
2022-09-12,85.62191772460938,87.00786983952976,84.98157055756482,85.65700588234706,16118900
2022-09-13,83.62193298339844,85.77103060933281,83.25351739478933,84.7447271729012,18229100
2022-09-14,85.6745376586914,86.45523068269202,84.34122126595206,84.37630942002166,22655700
2022-09-15,83.18334197998047,84.68332548607127,82.4991396816634,84.402626935675,21092300
2022-09-16,81.76231384277344,83.63071321653995,80.70092208367188,83.3938764985513,37874700
2022-09-19,81.75352478027344,82.00790887694924,79.82372316102526,79.83249687260196,15342100
2022-09-20,81.08687591552734,81.51669412116335,80.38512616999866,81.34126003097197,14712500
2022-09-21,79.7798843383789,82.35003379744226,79.70971470264136,82.07810889145394,17332400
2022-09-22,79.446533203125,81.27985074912331,79.40267133799173,80.87634032856405,16139400
2022-09-23,75.21851348876953,76.75358519262197,74.42904670259769,76.75358519262197,27738800
2022-09-26,73.6659164428711,75.63080676043063,73.5869664015693,74.47292412960661,22043400
2022-09-27,75.20974731445312,76.27991276603379,74.39396600237788,75.09571581428126,17307300
2022-09-28,77.9465560913086,78.33251912016085,75.3676334755804,75.54307425795942,19543300
2022-09-29,77.78865814208984,78.3851433822094,76.42902060152313,77.35006625060137,17896000
2022-09-30,76.58692932128906,78.10446051505812,76.58692932128906,77.34130806144489,21357600
2022-10-03,80.6307373046875,81.01670033746782,78.7009355255491,78.98163408783071,23881300
2022-10-04,83.56930541992188,83.64825544927096,81.32371682554098,81.7886232118106,22133700
2022-10-05,86.94646453857422,87.70961019544703,83.91140925845342,83.9903525916272,34857700
2022-10-06,89.525390625,89.63065510688146,86.25349828201026,86.37630349801412,29124700
2022-10-07,88.62188720703125,90.63063911529565,87.87628224009201,89.63942373029474,24507600
2022-10-10,86.70085144042969,89.4990701576935,86.59559365801046,89.0253900596613,16786100
2022-10-11,85.96401977539062,87.50786526971355,84.86753993131677,85.27981742346964,17804100
2022-10-12,86.34121704101562,86.76226828446705,85.28859897096075,85.52543569438923,12635800
2022-10-13,89.35872650146484,89.86748807838867,85.43771338894261,85.56929231271235,22019100
2022-10-14,87.00787353515625,89.68328042556894,86.87629461114662,88.70083873671217,15222000
2022-10-17,88.26223754882812,89.4464343562316,88.1569730821593,88.65696758716882,14283200
2022-10-18,88.4201431274414,89.7797742082249,87.04296462026302,89.06925736402438,14065400
2022-10-19,91.04290008544922,91.21833415439221,88.79731187955127,88.81485260949327,20921700
2022-10-20,91.16571807861328,92.10430453330503,90.70958541985819,91.50781924577502,17649000
2022-10-21,92.85868835449219,93.33236846442023,91.14818242340375,91.62185584094973,22814100
2022-10-24,93.5077896118164,94.45514970041111,92.209561365118,92.68324140941536,17024200
2022-10-25,92.876220703125,94.14814126098828,92.16570394856855,93.34113375058077,15719800
2022-10-26,93.9814682006836,94.58672714108714,92.98147924233575,93.20954889547609,17383800
2022-10-27,94.34114074707031,96.1218231749626,94.2271025453111,95.09551951342607,18214000
2022-10-28,97.10424041748047,97.55160601292043,94.84111138278999,96.01653441928666,28169400
2022-10-31,97.20075225830078,99.04284392426989,95.99901451879393,96.05164341471905,26401800
2022-11-01,98.16564178466797,98.7445796097654,97.06038832826945,98.56914552758587,22213100
2022-11-02,96.14811706542969,98.33230285837979,95.88495924789682,97.87617022602163,20654200
2022-11-03,97.45512390136719,98.08669734093932,95.00778016921602,95.24462355524638,17103700
2022-11-04,98.51651763916016,99.56036857904002,97.19197482283495,99.12177664697376,17541500
2022-11-07,99.68316650390625,99.99017949545247,98.35861709194253,98.6042341775608,16008000
2022-11-08,99.99897766113281,100.5779223230937,98.77091870225635,99.5428449182042,14661000
2022-11-09,95.52532196044922,99.36738478832903,95.2358496857262,99.20949142869662,19522800
2022-11-10,96.9288101196289,97.1042442030739,94.35866131211002,96.65688528257478,20146700
2022-11-11,99.95508575439453,100.43753949442053,98.6743982809575,98.75334829858944,20518900
2022-11-14,100.24690246582031,101.36989114470376,99.46876220367403,99.59255601878694,20858300
2022-11-15,100.91893005371094,101.27262958041747,99.8047856520328,100.62713418446612,19373800
2022-11-16,99.84016418457031,101.03389427874797,98.91170369673331,100.30881322740423,13591000
2022-11-17,99.97277069091797,100.09656449226613,97.93016622241717,98.40765949029844,12425900
2022-11-18,99.10620880126953,99.45990824895813,96.92212196401746,98.06279914102888,15415000
2022-11-21,98.12471008300781,98.32808274081482,95.03869562139121,97.2581466494522,20973000
2022-11-22,100.963134765625,101.21956672777497,98.53146004270171,99.22117033925707,17719100
2022-11-23,100.45912170410156,100.75976190570007,99.12390924426457,99.31844431412577,11546700
2022-11-25,100.10543060302734,101.34337563196804,99.97279243095197,100.69787345920531,7136000
2022-11-28,97.09898376464844,98.55799000210394,96.93098172861298,97.85059774042578,23015500
2022-11-29,97.74449157714844,98.85864271856269,97.08130749830188,97.80638848799049,14453200
2022-11-30,98.45188903808594,98.9470710970224,97.0724682406192,98.62874218279812,23158100
2022-12-01,97.97440338134766,99.09739218977415,97.42616874670784,98.71716635770703,14398300
2022-12-02,97.14320373535156,98.77905643590854,96.55959851181102,96.83371918328791,15248400
2022-12-05,94.48162078857422,98.46956947997444,93.67696097285233,97.88596427068104,19287700
2022-12-06,91.85541534423828,94.64963421742775,91.20991994064254,93.64159493944356,21197000
2022-12-07,91.65201568603516,92.71310722008619,90.52018291737926,91.76696513257646,20061700
2022-12-08,92.33289337158203,94.43740152061517,91.70508001293335,93.9775901829036,21128800
2022-12-09,91.55477142333984,93.68579937345912,91.34255441189288,92.48322506483105,21298200
2022-12-12,93.8095932006836,93.94223136269619,91.598979654664,91.81120341238704,20413200
2022-12-13,94.83531951904297,95.97599689903265,94.63194010789844,95.32165718943831,24305300
2022-12-14,94.13676452636719,95.76377957131817,93.50895110157178,95.4896589097122,17597300
2022-12-15,93.23483276367188,93.88032809750517,91.69624098250064,93.13756523453151,15365100
2022-12-16,92.58048248291016,93.35862268360542,91.19221759770008,91.68739956530335,54596600
2022-12-19,92.99607849121094,93.90685008950908,92.29752388031808,93.07566407789817,13611100
2022-12-20,94.34015655517578,95.06523761070765,92.90767638613372,92.99609958875801,14680000
2022-12-21,95.55155944824219,96.0202084489052,94.75574395457302,95.75493886643456,13565400
2022-12-22,93.62389373779297,95.66650505120593,92.04993811926926,95.4012287519295,13213000
2022-12-23,96.09980010986328,96.15285268045353,94.5258442172805,94.57005244401981,11539400
2022-12-27,97.43501281738281,97.68260047547501,96.2324384098569,96.62150183846278,11962100
2022-12-28,95.83451843261719,97.26699847517698,95.41008439899325,97.18741962371898,10702100
2022-12-29,96.5595932006836,97.0194045781074,95.48965709596689,95.48965709596689,10534000
2022-12-30,97.53225708007812,97.70910343757129,96.03788039811332,96.03788039811332,11799600
2023-01-03,94.18097686767578,97.28467327950352,93.27904280643425,97.07245627825833,15146200
2023-01-04,94.4551010131836,94.75574798160292,92.63355750036038,92.66892812877781,18058400
2023-01-05,96.56843566894531,97.22277535122396,94.00412275676346,94.03064903835822,15946600
2023-01-06,97.73565673828125,99.02665439443025,96.97520504755187,97.33774895078103,16348100
2023-01-09,95.91410064697266,98.71715697595984,95.33049543850468,98.71715697595984,17964600
2023-01-10,97.34657287597656,97.55879662934305,95.50734757059948,97.08130330365398,15104600
2023-01-11,98.47840881347656,98.54914331558233,96.46232371268536,98.14239125688299,16710400
2023-01-12,100.11425018310547,100.57405475347325,98.80556421993316,98.8763054603762,15357300
2023-01-13,100.0523681640625,100.35300836127263,99.17696710872227,100.01699753858067,12011400
2023-01-17,99.85783386230469,100.87471742736521,99.62792816803935,100.28227462508247,16542200
2023-01-18,97.806396484375,100.91010011607928,97.62070573666728,100.14964843712886,16399700
2023-01-19,98.43421173095703,99.15044844855272,96.89562640394263,97.32890482293503,12928000
2023-01-20,100.2292251586914,100.30881076101728,97.80639439981151,98.46957851874365,16515600
2023-01-23,99.70750427246094,101.325668082534,99.60139240530188,100.48563772619146,16584400
2023-01-24,100.63597106933594,100.82166180163472,92.73082144661996,96.52423518252803,13583000
2023-01-25,100.10543060302734,100.4945007754464,98.49610408928174,100.12311929064148,11914700
2023-01-26,104.12872314453125,104.1464050812832,101.10459924449903,101.44061675908922,21019700
2023-01-27,102.22760009765625,104.04914326442632,102.03306505144657,103.41248556637876,15179200
2023-01-30,100.41490173339844,102.12149556182521,100.05236464092535,101.76779606571863,18672100
2023-01-31,102.58130645751953,102.92616160941232,97.64721571254422,99.12390384975248,27861800
2023-02-01,101.45831298828125,103.79272025122926,100.2203681073223,102.42214396030714,19464900
2023-02-02,98.28386688232422,101.75010685467252,97.11666335097199,101.55557180840442,24562100
2023-02-03,98.96473693847656,100.90123639392891,98.64640807603901,98.94705500001072,20226600
2023-02-06,98.79673767089844,99.99930516160761,97.549948467148,99.35380982259689,13855200
2023-02-07,101.61748504638672,101.96234023066404,99.05317190345342,99.38034514716202,16013300
2023-02-08,100.73323822021484,102.42215023732541,100.67134130968634,101.73243987822002,18459700
2023-02-09,101.11346435546875,102.78468769142992,100.96314425030464,101.35221440132452,17439300
2023-02-10,105.37552642822266,105.7822785170671,102.71395253733247,103.02343708903398,24918600
2023-02-13,104.96565246582031,105.3042488886295,103.27265675543559,104.89436686159647,14536200
2023-02-14,103.73600006103516,104.97455854786969,103.37957883645505,104.26172289687892,12079000
2023-02-15,103.42413330078125,103.44195130270685,101.70440719276137,103.11226728081274,13663400
2023-02-16,103.12117767333984,104.0567757150315,102.29250123745908,102.74693165849393,11360600
2023-02-17,99.15599060058594,101.74894799574247,98.88867982051423,101.74894799574247,20758300
2023-02-21,99.0579833984375,100.13615260951966,98.73720499535217,98.73720499535217,14469400
2023-02-22,97.7748794555664,98.87977909965782,96.80363181821126,98.44316668192455,13973800
2023-02-23,98.67483520507812,99.64608284747972,97.92635677078925,98.66592960336224,11289400
2023-02-24,98.68373107910156,98.87085065633819,97.14221246924532,97.41844243407206,14351000
2023-02-27,98.50553131103516,99.13817568114506,97.97980853700834,98.72829370043308,11710500
2023-02-28,97.93525695800781,99.22727605529569,97.32043060781936,99.12034766451602,18107000
2023-03-01,98.8084716796875,99.67279072263678,97.33823874670341,97.4006119354643,13200000
2023-03-02,99.2629165649414,99.53022733847845,98.1669226787516,98.56789903630954,10339900
2023-03-03,100.519287109375,101.01827942825078,97.97088511747178,98.05999550174208,13006700
2023-03-06,101.41036224365234,101.43709264643438,99.68173048144159,99.78865209256972,14347400
2023-03-07,99.4500503540039,100.84008560985787,99.0579863390013,100.51930719725016,11525300
2023-03-08,97.99765014648438,100.1718068172269,97.1867916468534,99.11146228454686,13509800
2023-03-09,97.24024963378906,100.00250909460553,97.1511460249623,98.79068097968684,12961200
2023-03-10,96.0373306274414,98.9421544031814,95.47597179272128,97.62339792397039,15795700
2023-03-13,94.93242645263672,96.10861166823248,92.41966681940171,93.86316283962391,20745600
2023-03-14,95.28884887695312,97.13332132498321,93.52456763188694,94.76312606423632,18263500
2023-03-15,90.54845428466797,92.84735686988357,89.30098360233939,91.61771098485345,25733800
2023-03-16,90.02272033691406,90.60190381003864,87.3406597232608,88.31190711016214,27465200
2023-03-17,88.96238708496094,90.53954865351506,88.33865509625915,89.63958667138633,43199500
2023-03-20,91.28801727294922,91.31475446803478,88.6594240041536,88.77525799018537,32042100
2023-03-21,95.37796020507812,95.59181022847245,92.78500232851445,92.82064513210845,31592300
2023-03-22,93.19486999511719,95.5026918850634,93.1681395960879,95.16409550041126,14952700
2023-03-23,92.1434555053711,94.75422467847805,91.27913618272548,93.88099975324738,14385900
2023-03-24,92.2503662109375,92.5355018178436,89.91582055382166,90.41480616636505,13401600
2023-03-27,94.2730484008789,94.87896238796156,92.5889652364314,93.32853122214578,14805900
2023-03-28,95.44923400878906,95.92148920121244,93.72950803751957,93.95227043380748,11047600
2023-03-29,97.08877563476562,97.26698965575733,95.77893147269812,96.28682953572738,14219100
2023-03-30,97.56100463867188,97.63229022788468,96.69668556442838,97.61447222966545,11578200
2023-03-31,97.7125244140625,98.1669549177655,97.1689834917475,97.73034241888261,14418000
2023-04-03,103.47758483886719,104.11914162145122,100.79553050913222,101.03611090351684,28087700
2023-04-04,102.488525390625,103.985489040064,101.73113456520801,103.59343182585155,16365500
2023-04-05,104.243896484375,104.25280888434825,101.85588315424265,102.7825756045505,16479500
2023-04-06,102.5152587890625,104.41319198212729,102.26575919159893,104.12805638319499,15778000
2023-04-10,102.06082916259766,103.52215006530234,101.73113834011853,102.27467917811875,13006600
2023-04-11,102.78256225585938,103.53995299915736,101.91824312127746,102.43505348189714,11758500
2023-04-12,102.67564392089844,103.88746506972828,102.40832633329018,103.50432028468168,10919000
2023-04-13,103.15679931640625,103.26372770550128,101.6954786562823,102.1142730158608,12399700
2023-04-14,103.40629577636719,103.94983650776764,102.57761948080321,103.27263699356627,11530800
2023-04-17,102.20338439941406,103.81618876658746,101.9538916040066,102.90731438541017,13260400
2023-04-18,104.1993408203125,104.43992121747226,101.8469704558153,101.92716165547893,17436100
2023-04-19,103.86963653564453,104.1636844925587,103.15679423976195,103.43302419845463,10682600
2023-04-20,103.04097747802734,103.07662027859556,100.89355142960301,102.58654026849399,17038700
2023-04-21,103.37066650390625,104.14587530886092,102.7023793006452,103.79836650701868,14315300
2023-04-24,105.32206726074219,105.93689370253716,103.2548323181713,103.29047512040849,15831300
2023-04-25,103.8250961303711,104.91217772724659,103.03206253229023,104.74288292644243,12179800
2023-04-26,102.87167358398438,104.33299438389295,102.18556838329042,103.38848398346079,15566100
2023-04-27,104.10133361816406,104.26172282921254,102.3637826987773,103.02316434318183,16279200
2023-04-28,105.44680786132812,106.85466788038768,104.10132784137473,104.47556704699743,24381900
2023-05-01,102.1766586303711,104.5201234895178,101.98062662561837,103.35284386071824,17355000
2023-05-02,98.10456085205078,101.52619489475417,97.3828128422563,101.52619489475417,24324100
2023-05-03,96.17098999023438,97.84616090220422,96.01951317972969,97.19569845795732,16212300
2023-05-04,94.48689270019531,96.90163610364148,94.37105870897526,96.14424536499382,17177200
2023-05-05,96.83927917480469,97.50756643259967,95.81457068655182,96.72344516412792,14968200
2023-05-08,97.22241973876953,98.8797724932595,97.16004654040351,98.46097810501533,11187800
2023-05-09,97.24915313720703,98.22040073962117,96.42047673440813,96.53631073546877,11370800
2023-05-10,96.00167083740234,98.02435700117825,95.08389094382916,97.7837698301792,14884800
2023-05-11,94.2641372680664,95.18191726123521,93.49783407416122,94.88786926395719,17165900
2023-05-12,94.25521850585938,95.35121242256007,93.36416897292719,94.72747367060649,12613300
2023-05-15,94.43497467041016,95.20792733140733,93.9945736426379,94.83044073617398,13715600
2023-05-16,92.14307403564453,94.2012844415205,91.69368329699454,94.03950350132017,14795200
2023-05-17,94.21028137207031,94.57878509734566,92.43968062940567,92.92502348707713,14064700
2023-05-18,95.06412506103516,95.18996079130031,93.5901238128014,93.96761728927827,12005600
2023-05-19,95.5045166015625,96.21455475359926,95.10905057836277,95.78313665036698,13359600
2023-05-22,94.3450927734375,96.20557015724323,94.26419887475456,95.12702827014114,12882000
2023-05-23,95.6303482055664,97.26613017975869,95.04613888824953,95.26184451749512,14394400
2023-05-24,96.69990539550781,97.52678964767736,95.92695955732621,96.51116208950495,16340300
2023-05-25,94.96526336669922,95.65732215399697,94.11141676639673,95.21692110753476,14316500
2023-05-26,94.3450927734375,96.1246762585603,94.2192639151827,95.69326498944625,12370300
2023-05-30,93.50923156738281,93.58113573578032,92.22397370020268,92.8351454172637,11938000
2023-05-31,91.83749389648438,92.61044653465474,91.44202784239944,91.9363604100056,24926100
2023-06-01,92.89806365966797,94.89335984298441,91.01062373337051,91.4510247828361,13551900
2023-06-02,95.0551528930664,95.38769772782013,93.94964840374439,94.51588525368301,14112000
2023-06-05,94.6327133178711,96.3403996901627,94.45295288769556,96.3403996901627,10628000
2023-06-06,95.4056625366211,95.51351193362409,93.45530822634811,93.60809944354169,12209800
2023-06-07,97.54474639892578,97.86830825864361,95.92694395749476,95.98086864839503,16027100
2023-06-08,97.23918151855469,98.0930212783072,95.18097087359959,97.76046962450039,13517100
2023-06-09,96.5201416015625,97.61665609309433,96.31342570328525,97.48183750104137,12251600
2023-06-12,95.64835357666016,96.22357335643086,94.87540071187563,95.10009615263483,14112000
2023-06-13,95.66630554199219,97.3739849149709,95.5224972098229,96.51115549343129,13533800
2023-06-14,94.515869140625,97.16727191559242,93.82380352138556,96.57407281338719,16627700
2023-06-15,95.17198944091797,96.19659998487535,94.76754043673054,94.82146514204622,16224100
2023-06-16,94.48890686035156,95.96290813142538,94.3361156345211,95.59441124223663,43128900
2023-06-20,92.3228530883789,94.16535137460896,91.78358546453498,94.0844643167543,17514100
2023-06-21,93.35645294189453,94.03952206230872,91.97232837080287,92.1251196063829,13285700
2023-06-22,92.84414672851562,93.37442460795535,92.25993728747405,92.43070113726053,12455300
2023-06-23,92.03523254394531,92.41271915108315,91.33418402864389,92.20599637641676,17933600
2023-06-26,93.73392486572266,94.29117187266951,91.85546793678613,91.85546793678613,14283400
2023-06-27,93.96760559082031,94.02153028482113,92.817159547255,93.51821485505772,13227500
2023-06-28,94.73158264160156,95.1090692703944,92.75425899415244,93.75190712536171,13084100
2023-06-29,95.89998626708984,95.92695547293552,94.48889954282299,94.96525951253912,11364400
2023-06-30,96.39431762695312,96.96054751366715,95.99885156547482,96.45723205881025,13544700
2023-07-03,96.58306121826172,97.48184273734901,96.23253697439038,96.61002356668894,7397000
2023-07-05,96.0887451171875,96.99650960519409,95.36072735097176,96.73586211570444,12491200
2023-07-06,92.5025863647461,95.01917719961585,92.06218536864931,94.45294049033305,17961400
2023-07-07,92.71831512451172,93.47328839317383,91.28025904811985,91.60382097959206,21929200
2023-07-10,94.09344482421875,94.147369524166,92.34980638289314,92.54753942557862,14877600
2023-07-11,95.24388885498047,95.41465955615072,94.20129888996563,94.60575473108051,12576500
2023-07-12,95.71126556396484,96.75385567370787,95.38770358902119,96.16964617132845,13238200
2023-07-13,93.95862579345703,95.47756883527342,92.86211118508017,95.24388370795724,26826800
2023-07-14,90.72299194335938,93.51820249906102,90.35448829728617,93.51820249906102,28181900
2023-07-17,91.11846923828125,91.37911670539944,90.07588622696743,90.52527699293142,18051300
2023-07-18,90.70503997802734,91.8554793612464,90.18374498964384,90.70503997802734,24617800
2023-07-19,91.33419799804688,92.03524662057244,90.59719728498665,90.82189270795818,15556500
2023-07-20,92.94300079345703,93.16769617471131,91.99927744932552,92.16105839811495,15740200
2023-07-21,93.37442016601562,93.81482123138156,92.80819022483087,93.61709503878014,17121500
2023-07-24,94.83940887451172,95.4146352703852,93.43731210603694,93.7968260320237,15090900
2023-07-25,94.98323059082031,95.3517274455158,93.9586202143282,94.42598358405003,14116100
2023-07-26,94.45295715332031,95.01919396249619,94.04850816718861,94.47093662572948,15159600
2023-07-27,94.7495346069336,96.16062114650292,94.13836297377986,95.27082947050901,17677900
2023-07-28,93.61709594726562,94.51587755878472,91.96333421634755,94.47093573534497,17566400
2023-07-31,96.38533782958984,96.94258489574977,94.54283964542724,94.54283964542724,24197000
2023-08-01,95.8281021118164,96.45724652474189,94.84842654636407,96.12469484524709,14177400
2023-08-02,94.6327133178711,95.61238194798051,93.98558948355772,95.50453254703446,13484100
2023-08-03,96.27748107910156,96.96055011267151,94.64169894981106,95.1719767672266,16280400
2023-08-04,96.54711151123047,98.18289364194919,96.46622446395773,97.0324543663438,14279600
2023-08-07,96.3493881225586,97.44590280977704,95.72923345989413,96.9785393786995,12410800
2023-08-08,96.82574462890625,96.8437172437271,94.22825950051103,95.30680153306629,14065600
2023-08-09,98.47049713134766,99.24344975567836,97.3470202770482,97.70653424185573,19919600
2023-08-10,98.97381591796875,100.33097097271981,98.36264425659935,99.0367303452939,15837200
2023-08-11,100.51073455810547,100.72644019330964,98.91090462078736,99.19851442011243,14047000
2023-08-14,100.59162902832031,100.64556058397295,99.56701861398736,100.37592337718681,12973400
2023-08-15,98.00911712646484,100.4557176089135,97.83694653748933,100.35604062722989,14909600
2023-08-16,96.35990905761719,99.06930032454547,96.3055423142575,98.11784083552955,13695100
2023-08-17,98.22657775878906,99.81233890877247,97.33854847291556,97.33854847291556,16709500
2023-08-18,99.71266174316406,99.85764202449458,97.51978227359409,97.53790221624668,16224000
2023-08-21,98.50749206542969,100.56445489995404,97.99098722789802,100.0026398309279,11092400
2023-08-22,97.95471954345703,99.42268362246728,97.81879579132047,98.9242988357563,10518800
2023-08-23,97.09390258789062,97.22982637075873,95.79810876284007,96.99422560801206,11435600
2023-08-24,96.36898040771484,97.65571080438129,96.11525970001958,96.43241058463866,10818500
2023-08-25,98.09065246582031,98.70683420819121,96.61363173505575,97.34761038649393,13579300
2023-08-28,98.91527557373047,99.71268458715815,98.26284687484804,98.27190339156418,10382100
2023-08-29,99.5042495727539,99.69454009070303,98.24470263487376,99.36833271234048,9665000
2023-08-30,100.47383117675781,100.70943192881693,99.6583023432856,100.07513018870064,11922100
2023-08-31,100.75472259521484,100.96313302076992,100.23821787473302,100.6912924335195,17479800
2023-09-01,102.86605834960938,103.13790588607655,101.66994163321985,101.66994163321985,14843500
2023-09-05,102.87512969970703,104.95927587079336,102.84794632664105,103.39163452807253,18304000
2023-09-06,103.76315307617188,103.83563976237589,102.60328313646578,102.82982045010745,13325500
2023-09-07,103.25569915771484,104.97738403011078,103.02916185643564,103.8900077493185,13248500
2023-09-08,104.75991821289062,105.15862610608187,103.59098481879204,103.78127533689594,14283200
2023-09-11,103.44599914550781,105.72949215727138,102.91136750624933,105.27641754345265,14383600
2023-09-12,106.46348571777344,106.62659287810803,104.45183304477045,104.51526322304663,20145800
2023-09-13,105.51201629638672,106.88936005464006,105.02269489304977,106.39098213682325,13472800
2023-09-14,107.39680480957031,107.52367206338413,106.31849191579839,106.51784585460145,15210700
2023-09-15,105.74761199951172,107.3877468010694,105.56638491950433,106.83499521966593,34568400
2023-09-18,106.59940338134766,107.14309158011397,105.74762082481244,106.49972640501394,14045300
2023-09-19,106.31849670410156,107.68677713956437,105.66606811622428,107.48743010515331,12562900
2023-09-20,105.47578430175781,106.94374180442486,105.4032906955254,105.60264465597915,11879900
2023-09-21,103.98968505859375,106.35473504483376,103.84469786687843,106.00133740673995,14400600
2023-09-22,104.15280151367188,105.72949934114743,104.03499768151795,104.85053342447787,13197300
2023-09-25,105.32173919677734,105.70232025446639,104.0531287577765,104.28872260489598,11316000
2023-09-26,105.4848403930664,105.77480788445435,104.54244431771302,104.66024123461833,11805400
2023-09-27,108.91914367675781,109.19099123355889,106.38192977122027,106.8259409948495,23976200
2023-09-28,108.25764465332031,109.3722042836583,107.09777479821068,108.71978267518638,16808100
2023-09-29,106.54503631591797,107.99487381273642,105.77481079386165,107.92238020955287,18813600
2023-10-02,104.77803039550781,106.7353160025194,103.79939450537184,106.49971527277842,14395000
2023-10-03,104.95927429199219,105.51202591392135,104.23435209207415,104.60587662070903,13297100
2023-10-04,101.03562927246094,103.38255223041742,100.12948013100389,103.34631234852412,19622200
2023-10-05,98.7612075805664,100.49195601483106,98.49842346112135,99.49519319466137,20128800
2023-10-06,97.11202239990234,98.10878528395416,95.24535698540326,95.80717206091684,25367500
2023-10-09,100.51007080078125,101.55214379659074,99.2414604977684,100.07512304243798,22369900
2023-10-10,100.08417510986328,100.99032429841205,99.78515113180313,100.60067987080129,13892000
2023-10-11,96.49583435058594,97.11201613406698,94.99163014916977,96.92172561593802,57939000
2023-10-12,96.47771453857422,97.71913462235229,96.13337338907755,97.49259730331303,31183000
2023-10-13,99.5586166381836,99.8576406246641,97.71912792640006,97.89129848935085,30276500
2023-10-16,99.63111114501953,100.29260316511595,98.88806900767075,100.12949601724083,18452000
2023-10-17,100.93595886230469,101.30748335282293,99.38644455948882,99.431754784849,19775400
2023-10-18,102.34954833984375,102.74825619609092,101.2168618512958,101.3256022430095,23380300
2023-10-19,102.4129867553711,103.27383270402491,100.88159920060231,102.14114612424639,20972500
2023-10-20,100.65505981445312,102.68483218792579,100.39227570374482,102.32237110717745,22445300
2023-10-23,99.17803955078125,100.54632694926924,98.48030762159607,100.24729601674534,18185000
2023-10-24,98.217529296875,99.51332316770286,97.97287200976585,99.40458275489267,16786100
2023-10-25,98.39875030517578,99.22334949611849,97.9819224519655,98.33532012997792,22047300
2023-10-26,97.50164794921875,98.17219638992141,96.50488525879707,97.36572419294093,18768300
2023-10-27,95.6440658569336,99.5495673104506,95.10943414995769,98.67060134217164,23092000
2023-10-30,95.94306945800781,96.43239082833071,95.33595118706563,95.81620913015033,19379900
2023-10-31,95.91590118408203,96.196812165719,94.72884782373468,95.6712439171032,22185200
2023-11-01,95.7256088256836,97.11201610982731,95.56250167970373,96.5320811270923,28984900
2023-11-02,98.86994934082031,98.9424429430502,95.59874985892857,95.94308409946491,25212700
2023-11-03,97.6647720336914,98.570921348405,96.54114881919033,98.22658709762725,30555600
2023-11-06,95.93403625488281,98.10878921137372,95.84341578721983,98.01817565708177,19097300
2023-11-07,94.42981719970703,95.01881562411467,93.59616150753924,94.66541795214418,20272500
2023-11-08,93.26995086669922,95.05506615395798,93.23370406387403,93.9948730964615,19184100
2023-11-09,93.297119140625,94.21233175206714,93.20650560491292,93.94048423156127,18380500
2023-11-10,94.01298522949219,94.61104705635773,93.2518231735217,94.17609237196733,17825500
2023-11-13,95.00068664550781,95.27253419327847,94.06735399866307,94.2848348022277,15308400
2023-11-14,95.366455078125,95.85110465462866,94.98239393937729,95.37560138426302,18260500
2023-11-15,94.79037475585938,96.15288151741152,94.64406174642619,95.06470118366416,20137600
2023-11-16,93.69305419921875,94.43374467195622,92.49514600719371,94.0954080247002,22469100
2023-11-17,95.97913360595703,96.40891933719091,93.95823231739153,94.24170504369981,22984900
2023-11-20,95.55850982666016,96.8204283061004,95.49449962067237,96.3632105557336,17458800
2023-11-21,95.52192687988281,95.7413894358396,94.38802886808577,95.29331801592275,14989000
2023-11-22,95.11041259765625,95.21100103359174,93.21753190341411,93.8027699070821,18072000
2023-11-24,95.62252044677734,96.4455137963197,95.01899664150578,95.11957812856001,9480800
2023-11-27,95.06468963623047,95.46704338670983,94.35143124335336,95.19271001563982,18013500
2023-11-28,95.00982666015625,95.93340824322046,94.99153404773023,95.32073130552365,20629500
2023-11-29,93.58331298828125,95.63165325272807,92.94321101600929,95.3481735422177,26802100
2023-11-30,93.9490966796875,95.5402193943017,93.09867142759676,94.28744030956062,29254700
2023-12-01,94.17770385742188,95.30246251647294,93.47359163947777,93.7296324460029,17845300
2023-12-04,93.66560363769531,94.51602870562465,92.89747439412011,93.39127027000688,21523900
2023-12-05,91.84589385986328,93.583315539564,91.7087271544689,93.51930534059174,22250300
2023-12-06,90.62968444824219,92.10192586060275,89.92556535019786,91.44353131885296,31154800
2023-12-07,89.99873352050781,92.21166559101204,89.69696815364215,91.31552277476625,29990700
2023-12-08,91.03204345703125,91.25150599138098,90.30049237374789,90.54738685281782,22074900
2023-12-11,91.09606170654297,91.31552426029339,90.14504800483947,91.26066036600298,22252300
2023-12-12,89.66039276123047,90.23648454523719,89.1391648681039,90.23648454523719,26084000
2023-12-13,90.45594024658203,90.55652868998308,89.30375676567742,89.6512396759615,19915400
2023-12-14,92.88834381103516,93.40042537057786,91.18749351502491,91.30636759803646,26165700
2023-12-15,92.26654052734375,92.35798267923312,91.72701997099523,91.98306078692104,55527000
2023-12-18,92.95236206054688,94.28743693974812,92.83348099064595,93.39128715630663,21610400
2023-12-19,94.17770385742188,94.36059513107463,93.08038412186026,93.2724147267541,18904700
2023-12-20,92.6048812866211,95.04642940734753,92.47686087299071,94.6440755493153,20988900
2023-12-21,93.02552032470703,93.28156113149817,92.18423441820777,92.7877651570058,19250900
2023-12-22,93.19011688232422,94.13198424747097,93.10781406680293,93.55588546858769,12927800
2023-12-26,93.40042114257812,94.21426800283399,93.38213550624563,93.94908092819286,16835100
2023-12-27,92.96149444580078,93.77534129153335,92.66886845700137,93.30897734261875,14558800
2023-12-28,91.61727905273438,92.9157755626503,91.56240818819128,92.71459867136429,16329300
2023-12-29,91.42525482177734,91.98305400012299,91.09605751799366,91.78188407144494,17746400
2024-01-02,93.60160827636719,94.27828852018206,92.22080886635206,92.28481906540767,23483000
2024-01-03,94.38801574707031,94.7537912738772,92.96149886677013,93.51929799883045,23490800
2024-01-04,93.56503295898438,95.62251267737382,93.31813846247665,95.17444126992494,19395200
2024-01-05,93.84850311279297,94.55262228160166,93.39128541024807,94.34229906873207,15827400
2024-01-08,92.28482055664062,92.39455531818994,90.4376640850528,92.11108257158992,23370100
2024-01-09,91.14177703857422,92.62316493707287,90.70285194193,92.62316493707287,19496600
2024-01-10,90.24563598632812,91.26065988488222,89.76098631841448,91.26065988488222,18206100
2024-01-11,90.22733306884766,90.98631607328734,90.12674462360442,90.56567665526471,15833400
2024-01-12,91.39781951904297,92.03792851356826,90.68456099145976,91.57156448530664,18041700
2024-01-16,89.3311996459961,91.4526895706309,89.18488662801295,91.27894460592307,20235700
2024-01-17,88.68194580078125,89.57808856203434,88.31617025520136,88.33445589301563,18384000
2024-01-18,88.51734924316406,88.78252936896494,87.62119948417303,88.70023353197607,20940300
2024-01-19,88.65450286865234,88.71851306298903,88.16071392753385,88.44418664865519,20088400
2024-01-22,88.53562927246094,88.79167005121231,87.57546937555534,88.42589452017265,19955900
2024-01-23,89.53236389160156,90.0718773717668,88.45332995468338,88.52647947673806,15863400
2024-01-24,91.07776641845703,91.12349098008332,89.3769159794703,89.90729019734543,17330600
2024-01-25,93.39128112792969,93.43700568672294,91.09605338954229,91.72700904604254,22089500
2024-01-26,94.18684387207031,94.2600003766434,92.53171807148684,93.24497654960373,20817200
2024-01-29,94.30572509765625,94.36973529985563,93.14439515015646,94.1685653619353,18317500
2024-01-30,95.87855529785156,95.90598724502888,93.36385781662871,93.6473375495015,19610900
2024-01-31,94.01309967041016,95.90598063771411,93.97652141783081,95.77796024198057,22415300
2024-02-01,93.62904357910156,95.1104314945441,92.92493136424481,94.70807767086099,19240700
2024-02-02,93.2449722290039,95.10127484285557,92.915774950267,94.87266600909871,21973400
2024-02-05,92.86091613769531,93.61989220504073,91.90075619280678,92.76946701792436,17190900
2024-02-06,93.50102233886719,94.22342716283245,92.87920596992168,93.33642368307018,13347900
2024-02-07,93.47357940673828,93.93994337278458,92.52256583796778,93.50101135004904,13826800
2024-02-08,95.07384490966797,95.48533802849734,93.3729945924205,93.58331081703531,19636900
2024-02-09,93.06208801269531,95.86940442443407,92.99807781346694,95.19272417879294,20410500
2024-02-12,94.34229278564453,94.55261598450683,93.27240510732399,93.41871811115655,18173100
2024-02-13,93.53011322021484,95.1452474618783,92.84714414105372,94.84068464207732,18917400
2024-02-14,93.06864166259766,94.71146975287775,92.68101115383067,94.01926939803977,17651300
2024-02-15,95.73592376708984,95.92973901524957,92.84713653915107,92.84713653915107,23196300
2024-02-16,95.73592376708984,96.56655853308125,95.5421014775042,95.99434409796947,20151400
2024-02-20,94.83145141601562,96.09587330314265,94.73915944092764,95.83744591489942,17650000
2024-02-21,96.76959991455078,96.88958580563126,95.052942618185,95.08062950338032,20991300
2024-02-22,96.68653869628906,97.28644702392361,95.47749073220007,96.13277987132851,20470700
2024-02-23,95.83743286132812,96.06816628833413,94.95141734659613,95.87435105462013,15975900
2024-02-26,96.21585083007812,96.85267741976382,95.10833306155419,95.72669703162295,13360800
2024-02-27,96.01280975341797,97.04649822686518,95.84668137449657,96.61271817960227,16360000
2024-02-28,96.28045654296875,97.30491365416758,95.98511800001039,96.41889802529249,14810500
2024-02-29,96.46504974365234,96.97266621371561,96.18817379387626,96.61272255000783,17566100
2024-03-01,97.68331909179688,98.19093554555035,97.25877034930612,97.57257153201556,18460100
2024-03-04,96.31736755371094,97.6925368816105,96.01279772361131,97.51718425574997,18138000
2024-03-05,97.49872589111328,98.08017164914092,96.28045355898915,96.47426881166503,19952700
2024-03-06,98.5416488647461,99.27999879727055,97.96943435639513,98.40321441364623,20472800
2024-03-07,99.09540557861328,99.65839576525472,98.38474260268995,98.38474260268995,15195400
2024-03-08,100.0275650024414,100.0460276220633,98.5416409870592,98.96619674124804,16281500
2024-03-11,100.61824798583984,100.71054700651013,99.06771879369632,99.90759200009461,17577300
2024-03-12,99.97218322753906,100.8581987799907,99.70453159584655,100.65515222895321,14957200
2024-03-13,101.08894348144531,101.84574895691982,100.70131295432027,100.72899984319686,17122200
2024-03-14,102.87943267822266,102.95326907278616,101.23661162702867,101.36582179680171,22121000
2024-03-15,102.69483184814453,103.64545949381964,102.30720137598117,102.30720137598117,38264400
2024-03-18,103.64547729492188,104.16231801324038,102.5379524166908,103.174779045638,16770500
2024-03-19,104.37457275390625,104.7437476563422,103.42395213309598,103.5716249106406,14878800
2024-03-20,104.28229522705078,104.66070149083187,103.48857154141751,104.03310618222478,16119700
2024-03-21,104.74376678466797,105.13140437580023,103.8946692830009,104.2176947410887,14878000
2024-03-22,104.74376678466797,104.92835779030878,104.12540275898174,104.7345425154561,14701900
2024-03-25,105.81436157226562,106.8572742312929,105.05755613796572,105.05755613796572,14011700
2024-03-26,105.02064514160156,106.11893869209851,104.66993280848877,105.82360013752285,13152300
2024-03-27,106.10969543457031,106.1927560930239,104.669921023302,104.7345261047967,12415700
2024-03-28,107.28182983398438,107.47564509946719,106.19276759834771,106.62654763884919,18482100
2024-04-01,107.97402954101562,108.20476300437278,106.48810547368141,107.43873325751116,13817000
2024-04-02,110.0875473022461,110.38288584937206,108.28782913092006,108.83235671660411,19919600
2024-04-03,110.10601043701172,110.521327850359,109.57993842743952,110.27213881063592,16504300
2024-04-04,110.4936294555664,110.64129519372962,109.49685931761846,109.87526553424573,18467400
2024-04-05,112.0164794921875,112.73636674017145,110.41980089642283,110.73360205459025,21720600
2024-04-08,111.25968933105469,112.35797593195295,110.94588812977864,111.74884319283511,17513900
2024-04-09,111.84113311767578,112.27491318829593,111.06586496048877,111.67500472980906,14132300
2024-04-10,112.78251647949219,113.03171256843527,111.42580960079455,111.8780452270271,17409200
2024-04-11,112.40412139892578,113.2347633236621,111.06586300867647,113.2347633236621,17555900
2024-04-12,111.09355163574219,114.21306555809207,110.44749370671926,113.47471565104489,21556200
2024-04-15,110.45671844482422,112.31181737086844,110.24444057071496,111.7580514528186,15029500
2024-04-16,109.54302215576172,110.95510983569538,108.8323591399794,110.34597010788197,18082200
2024-04-17,109.48764038085938,110.15215388124936,108.09401533349167,109.41381102414776,14538600
2024-04-18,109.38611602783203,110.49364086483158,108.87850663878868,109.82912737091713,13821400
2024-04-19,110.64129638671875,111.61037964929935,109.78296771002404,109.97678999568078,21572400
2024-04-22,111.26890563964844,112.20107082435204,109.30305902217412,110.06909582783575,16340700
2024-04-23,111.70267486572266,111.73036175264296,110.24443779556135,110.75205419385357,13929800
2024-04-24,111.72114562988281,111.91496089388144,110.18907205528436,111.02894524070491,12101200
2024-04-25,111.97955322265625,112.37641501555589,110.19829080914282,111.70267028196322,16041000
2024-04-26,108.86927032470703,109.92141429456888,107.2633674825115,109.82912232275095,27289500
2024-04-29,110.41981506347656,110.79822135548949,108.68470180619401,108.68470180619401,17309900
2024-04-30,109.15538787841797,110.93665056461488,108.88774324724837,109.93065600618448,21083300
2024-05-01,107.0880126953125,109.33997352588116,106.74653167985593,109.16461384242417,27777700
2024-05-02,107.28182983398438,108.22322631367408,106.9680357017055,107.30029245436933,25513600
2024-05-03,107.0603256225586,107.12493070981171,105.33443680390212,107.0603256225586,28023300
2024-05-06,107.75252532958984,109.21998674862637,107.4294998953453,107.67868893278356,31401300
2024-05-07,107.21723175048828,108.5185719570153,106.99572958138282,108.24168896456321,30122000
2024-05-08,107.19876861572266,107.93711147451677,106.5157995349458,106.79267546645866,18957200
2024-05-09,109.3122787475586,109.39533940756345,107.23567775032642,107.24490201826524,17564000
2024-05-10,108.86927032470703,109.51532821028475,108.51855801522845,109.40457361924759,13648100
2024-05-13,108.82312774658203,109.866040405752,108.09400919955263,109.29381891479288,15060600
2024-05-14,109.48373413085938,109.54886396936223,108.37652687631063,108.66495800416332,15079100
2024-05-15,110.3304214477539,110.57232820328069,108.00434580801523,109.42790296375618,18244300
2024-05-16,109.66981506347656,111.00033059206716,109.36277138027427,110.29320162128532,15745200
2024-05-17,111.3166732788086,111.49345729586055,109.75355019260326,110.06990016529521,15104500
2024-05-20,110.41415405273438,111.54928007283816,110.30250696788438,111.40041492683173,11551300
2024-05-21,109.65120697021484,111.1398939970238,109.5860771346238,110.16294646315839,14495000
2024-05-22,107.44609832763672,109.28834641774027,106.96227057767611,109.28834641774027,17879300
2024-05-23,105.61315155029297,109.33487296911701,105.47358557736301,107.55774758429081,15979800
2024-05-24,105.52938842773438,107.07390592093044,105.17582751779956,106.85059756859584,12212900
2024-05-28,106.86922454833984,107.10183212273573,105.20375346383085,105.62244425829553,13978300
2024-05-29,105.72478485107422,106.58078606063418,104.96183234373682,106.56217348074193,13902000
2024-05-30,106.05974578857422,106.1900054600799,105.10140373451678,105.38983485019084,14683700
2024-05-31,109.1022720336914,109.31626705309624,106.05976061303764,106.18072110964277,29037400
2024-06-03,106.48773956298828,108.26486475266424,105.84574751580155,108.20904120907046,19589300
2024-06-04,104.83158111572266,105.22236014147737,103.20332807645812,105.13862482108132,19412200
2024-06-05,105.25028228759766,105.31541212724945,103.7243771026528,105.03628018667314,14863500
2024-06-06,106.0411376953125,106.10626752946168,104.31053684664087,104.9060116441817,13154100
2024-06-07,104.90602111816406,106.90644777428768,104.83158498709432,105.87366952621038,13289200
2024-06-10,105.21305847167969,106.27374843010362,104.85949041979188,105.19444589072783,15239700
2024-06-11,104.36637878417969,104.83159399541196,103.56620805297051,104.6641162354235,12462400
2024-06-12,103.21263122558594,105.41775354428825,102.84976398434146,105.41775354428825,13606800
2024-06-13,102.3845443725586,103.14749688475153,102.08680697996182,103.12888430474084,14466900
2024-06-14,101.51924896240234,102.54272085615987,101.03542123898404,102.36593683045476,13313400
2024-06-17,100.8214340209961,101.84490599365314,100.65395627284346,101.57508033837279,21147900
2024-06-18,101.77046203613281,103.01724230953971,101.23081786568659,101.44481285604809,17762900
2024-06-20,103.96627044677734,104.78505358074976,101.96584406075728,102.26358854483395,17433200
2024-06-21,103.0544662475586,104.85949627662089,103.0544662475586,104.11515626522637,52212500
2024-06-24,106.11558532714844,106.5621879244252,103.87324475369621,103.87324475369621,16266700
2024-06-25,106.41331481933594,106.58079255547527,105.56661984812604,106.17140095633029,14188900
2024-06-26,106.45052337646484,106.83199607000365,105.26887303850069,106.43191079710054,15771800
2024-06-27,106.90644836425781,106.99018368820826,106.171407537783,106.99018368820826,16812700
2024-06-28,107.11113739013672,108.43234669641568,106.70174579155236,107.79965381615791,24565900
2024-07-01,106.96227264404297,108.61843753838431,106.56218730787802,107.66009540954322,11972900
2024-07-02,106.23653411865234,107.87409346787993,105.59453492691573,107.83687540328157,13326700
2024-07-03,106.77618408203125,107.61357277855006,106.32026812032551,106.32026812032551,7732900
2024-07-05,105.48287963867188,106.65521663867226,104.85018678688239,106.6366111571282,12631000
2024-07-08,104.37566375732422,105.65035573124874,103.66853479306819,104.57105325429904,13350500
2024-07-09,103.2219467163086,104.71063387700276,102.92420928416975,103.38011817430915,11727000
2024-07-10,104.1337661743164,104.17098424126094,102.73812060768866,103.20333579656457,10004100
2024-07-11,105.37123107910156,105.43636091591206,103.21263307515659,103.6778482234087,13082700
2024-07-12,105.38983917236328,106.20862239668662,104.79436433573903,106.05975013822056,11684900
2024-07-15,107.19487762451172,108.07879069847874,105.67827873989305,106.32027084147195,13032500
2024-07-16,107.96712493896484,108.25555603923543,105.7992207954219,106.39469557582402,13614100
2024-07-17,109.45581817626953,109.95825138208083,108.44165257280171,108.61842949991737,13602800
2024-07-18,110.53512573242188,111.57720315597281,109.26973991929283,109.74425427525118,13033600
2024-07-19,107.99505615234375,110.60956330256487,107.80897291195001,110.33973763495953,16157700
2024-07-22,107.25069427490234,107.87408795177274,106.60870221461379,107.16695895780282,12065900
2024-07-23,105.52010345458984,107.15765566730427,105.29679507216711,106.82270019228999,11251700
2024-07-24,107.00879669189453,107.18557363158186,105.20375953879267,105.85505794526229,14925200
2024-07-25,109.26044464111328,109.81870147408691,106.59010677687205,107.15766990167113,17021700
2024-07-26,109.1673812866211,109.81867961233202,108.36721071582231,108.646335527433,11252500
2024-07-29,108.02295684814453,109.22321279184412,107.35304589364988,109.1580829545249,8861800
2024-07-30,109.94894409179688,110.34902939471476,108.14391418209593,108.26486756256146,12483900
2024-07-31,110.33972930908203,111.42833818896634,110.31181753499116,111.3166839939828,15137700
2024-08-01,108.8138198852539,111.17711368040374,108.26486941993151,110.1164237146793,15051500
2024-08-02,108.74870300292969,110.60026461685648,107.39027546568722,107.90201502704802,20403800
2024-08-05,106.78548431396484,107.95782850050733,105.37123335611005,107.50191963298191,18025900
2024-08-06,106.2179183959961,107.58564487037845,105.72478441157223,106.48773691573801,13647800
2024-08-07,107.63218688964844,108.97200891148546,107.24140783281948,107.41818477836374,13660700
2024-08-08,109.68842315673828,109.89311895041392,107.67869747958211,108.00434665196627,13851000
2024-08-09,110.58163452148438,111.00963158747045,109.19529542746217,109.68842232743265,12151900
2024-08-12,110.72119903564453,111.80980071745238,109.80937427313492,111.23293850929066,13228900
2024-08-13,109.66050720214844,110.26528826986372,109.32555175229442,110.05128619410503,11585100
2024-08-14,110.6746826171875,111.55859567151543,109.44651489102084,109.88381827282456,12194500
2024-08-15,111.35936737060547,112.20349057549252,110.7872349681476,110.90916212633205,11579400
2024-08-16,110.83412170410156,111.12488207701173,110.35578715121221,110.66529563962024,10056000
2024-08-19,111.17179107666016,113.0194968590298,110.83413889532507,111.04986390508874,12417500
2024-08-20,107.46699523925781,111.28433361277588,107.4013410522251,111.28433361277588,15632000
2024-08-21,106.78231048583984,108.3955358424207,106.69790102581328,107.87030234242498,11752400
2024-08-22,107.6076889038086,107.87030566188788,106.5853512032628,106.71665958230244,10609500
2024-08-23,109.09899139404297,109.47416129727509,107.88907221289904,107.88907221289904,10381400
2024-08-26,111.43440246582031,111.55633678727088,109.66173217734251,110.449589614316,13671000
2024-08-27,110.37454986572266,111.99715643686945,110.11193311565722,111.57508766931878,9991600
2024-08-28,109.28656005859375,110.28076125990657,109.04270573225635,109.73676532127105,10742900
2024-08-29,110.79662322998047,111.41565462574243,109.1271247225311,109.92435627144258,10753900
2024-08-30,110.618408203125,110.6934364468926,109.0708370775764,109.53979759102933,13284700
2024-09-03,108.3017349243164,108.88324134266026,106.9605076587444,108.64876110151668,15725100
2024-09-04,106.97928619384766,108.9395451570974,106.90425793875013,108.13293237969118,12620600
2024-09-05,106.14452362060547,108.12353761060844,106.05073294666266,107.92657504859764,17200800
2024-09-06,105.64743041992188,107.09182974921328,104.79392595375015,106.5384525881782,13467700
2024-09-09,107.87030792236328,108.9395374059609,105.6661947642724,105.86315733695932,21645300
2024-09-10,103.9404067993164,108.23608677380093,103.33075670722039,107.95470760644294,20913400
2024-09-11,102.90869140625,104.06233020818286,101.07974119582177,103.90288535844729,19571900
2024-09-12,104.32496643066406,104.4187571089069,102.94622127760704,103.07752965830103,15919500
2024-09-13,104.24992370605469,105.48797917693474,104.04357993494642,104.55005814882048,10035400
2024-09-16,105.71309661865234,106.06950409528882,104.7564201520119,105.09407235336049,11729000
2024-09-17,107.09182739257812,107.2700346846158,105.1597122902448,105.34729364076983,12202600
2024-09-18,107.46699523925781,108.4518080447484,106.74479202612835,107.02617120242263,12569900
2024-09-19,108.79883575439453,110.28075264843385,108.03912203595571,108.94890654882504,12660600
2024-09-20,108.1141586303711,108.33926483940871,107.1574822871558,108.2923659235834,36206200
2024-09-23,110.07442474365234,110.47773111708163,107.97348340930395,108.17044598854564,16066300
2024-09-24,109.7836685180664,110.82476152007003,109.57732472945017,110.5246198960681,11984900
2024-09-25,107.64520263671875,109.78366877817813,106.96052423371012,109.25842809070048,13816000
2024-09-26,105.7975082397461,106.43529490591182,104.24055570101753,104.24055570101753,16887900
2024-09-27,108.63001251220703,108.8832480396793,106.2195557712233,106.69789749619261,15964000
2024-09-30,109.94310760498047,110.10255246751561,107.82340400948871,108.29236453866486,13247600
2024-10-01,112.48487854003906,113.11328396373696,108.73319411566457,108.83636600979648,23235900
2024-10-02,113.97616577148438,115.19546603007304,112.73811023995324,114.36071684661938,17129700
2024-10-03,114.97036743164062,115.52373743276117,113.42279622214986,114.33258081251952,16524300
2024-10-04,117.0806884765625,117.41834063304479,114.82967648527053,115.5518725581094,19752300
2024-10-07,117.58716583251953,118.49694324959624,117.10882408844945,117.47461272927663,15714400
2024-10-08,114.46388244628906,116.32096206363566,113.73230519365134,116.18965369294527,14818500
2024-10-09,114.51078796386719,114.97037447227817,113.30087599651526,113.39466667888288,11144900
2024-10-10,115.49559783935547,116.02083133894084,114.69836637583633,115.51436026763767,10243300
2024-10-11,115.9364242553711,116.33034938813454,115.30801885466227,115.45808250514696,8294800
2024-10-14,116.37725067138672,116.54607675397246,115.00788673742242,115.58939323406327,9808100
2024-10-15,112.87879943847656,114.3794717205873,112.3441847143568,113.31962348667126,15771300
2024-10-16,113.1695556640625,113.90113292738442,113.11327553596647,113.38527349516018,8426800
2024-10-17,112.87879943847656,114.03244550408758,112.27853052563228,113.2633505122702,11204900
2024-10-18,112.5599136352539,113.15080135438483,111.75330091377796,112.96321999599186,12898600
2024-10-21,112.62557220458984,113.93866323169736,112.28792002174019,113.469702661714,10177800
2024-10-22,113.20706939697266,113.66665586981497,112.49425454152913,112.79438899533952,9201400
2024-10-23,112.80376434326172,113.25396960700846,111.98777758913998,112.52239231471867,8320300
2024-10-24,112.16598510742188,112.96322379684179,111.73454224398532,112.55053620756752,9905600
2024-10-25,112.07218933105469,112.95383744778695,111.9127444627261,112.73811244798883,10714600
2024-10-28,111.51881408691406,111.62198597470056,109.52103767411153,109.53980010231074,11844500
2024-10-29,109.99937438964844,111.7720445177355,109.8024118371687,111.21867455921185,14731000
2024-10-30,109.44600677490234,110.92791655707099,109.24904421820466,110.35579131472224,12303700
2024-10-31,109.5304183959961,111.30308859706028,109.43662772273068,109.87745175842478,20512000
2024-11-01,107.81401824951172,112.50362334354476,107.71084636498144,112.4848680717072,20939300
2024-11-04,111.24681091308594,111.33122036871926,108.73318233486567,108.86449070303043,14965400
2024-11-05,111.57508850097656,111.809568766107,110.68406635578881,111.68764160431631,10436700
2024-11-06,113.48844146728516,114.34195301556876,111.89397862302775,113.62913104901831,20807700
2024-11-07,113.62913513183594,113.95740606382884,112.18473587529752,113.76982471862422,12184400
2024-11-08,113.59162139892578,113.88237464087864,112.23163870926963,113.46969423586133,12836000
2024-11-11,112.99134826660156,114.06995888834177,112.61617842133067,113.48844527038341,11969700
2024-11-12,112.87879943847656,113.779202807743,112.40045768875787,113.61037672876994,11972800
2024-11-13,113.92928314208984,114.4732791260291,111.4250353910263,113.08515267662727,15127900
2024-11-14,114.00492095947266,115.25314975776726,113.78743053752434,115.04511763685967,13041800
2024-11-15,112.82288360595703,114.64794608392222,112.6526702634422,113.85362196189949,19051700
2024-11-18,113.76850891113281,114.06165851389102,112.7850548688523,113.27678549727732,14239700
2024-11-19,112.17985534667969,113.2389613823231,111.77323498799754,113.2389613823231,11584400
2024-11-20,113.7779769897461,113.91982265300378,112.18932143331428,112.69050319086399,11360900
2024-11-21,115.3004379272461,115.88672996380872,113.7306917718865,114.4966554614185,14675400
2024-11-22,115.16806030273438,116.51085062641862,115.02621462863912,115.19642799463928,13323400
2024-11-25,113.4469985961914,115.25314442462656,113.10657192017555,114.82761468689148,26580300
2024-11-26,111.55574035644531,113.1727634292883,111.44226239508868,113.03091778123483,14827300
2024-11-27,111.26258850097656,112.27441012290411,111.04509089720429,111.6692015951022,11079100
2024-11-29,111.5462875366211,112.05692756596119,110.59120115500892,111.05456410905455,9426500
2024-12-02,111.44226837158203,111.7732367584099,110.46827259838726,111.6313983173192,12687300
2024-12-03,111.27205657958984,112.26496896849113,110.88435281091847,112.26496896849113,11756600
2024-12-04,108.0663833618164,111.15859143914585,107.66922127202535,111.11130714602159,19520600
2024-12-05,108.5391845703125,109.33351587031774,107.85833123161355,108.47299089652618,15751200
2024-12-06,107.39497375488281,108.52972449106937,107.32878008218141,108.31223408700875,16171100
2024-12-09,106.76141357421875,108.69049575748583,106.61956791678135,108.40680444261103,17412600
2024-12-10,106.5439224243164,107.6881316253873,105.67394625376882,107.413898594864,20990900
2024-12-11,105.8346939086914,106.27914026451371,105.06873746584773,105.91034588725047,32392200
2024-12-12,105.74011993408203,106.26966929171127,104.75666597379279,105.52262232530207,14543300
2024-12-13,104.81341552734375,105.81578622294595,104.25549840928083,105.81578622294595,13106100
2024-12-16,102.5722885131836,104.39735116557746,102.27914608983501,104.20822120327969,20256100
2024-12-17,102.13728332519531,102.2885800551379,100.9836159992853,101.40914571772856,17554000
2024-12-18,100.63373565673828,102.91270272718931,100.52971599375515,101.72120936047223,17114500
2024-12-19,99.77322387695312,101.81577684237844,99.48953255820825,101.5510021259872,20565600
2024-12-20,100.1136474609375,100.36896386821377,99.13964447796727,99.71647818412927,40141200
2024-12-23,100.52027130126953,100.80395540643755,99.21529988795878,99.58409427487618,12285100
2024-12-24,100.61482238769531,101.3618693863983,99.95287844747496,100.7282931323388,7807000
2024-12-26,100.6999282836914,101.21056829268358,100.17983718875878,100.72829597065162,9652400
2024-12-27,100.69047546386719,102.11836858978563,100.01907321604627,100.52026213046753,11943900
2024-12-30,100.00962829589844,100.76612643520365,99.77322127463374,100.52026832757856,11080800
